player_id,name,year,position,rating,target_career_score_0_100,y_true_ge20,y_pred_prob_ge20_raw,y_pred_class_ge20_raw,y_true_ge50,y_pred_prob_ge50_raw,y_pred_class_ge50_raw,y_true_ge80,y_pred_prob_ge80_raw,y_pred_class_ge80_raw,y_true_binary,y_pred_prob_raw,y_pred_class_raw,position_group
201500829,Justin Yoon,2015,K,0.855,85.2725,1,0.9709745049476624,1,1,0.7829367518424988,1,1,0.2009715884923935,0,1,0.9709745049476624,1,SPEC
201500871,Charlie Beall,2015,K,0.8533,0.0,0,0.9921378493309021,1,0,0.7153608798980713,1,0,0.6865151524543762,1,0,0.9921378493309021,1,SPEC
201501284,Joseph Charlton,2015,P,0.8367,57.1207,1,0.886046290397644,1,1,0.6931844353675842,1,0,0.004027220420539379,0,1,0.886046290397644,1,SPEC
201501382,Kevin Robledo,2015,K,0.8333,63.9113,1,0.8951546549797058,1,1,0.9022105932235718,1,0,0.15108449757099152,0,1,0.8951546549797058,1,SPEC
201501458,Alex Kinney,2015,P,0.8308,58.594,1,0.9848631024360657,1,1,0.9392706155776978,1,0,0.00543914595618844,0,1,0.9848631024360657,1,SPEC
201501459,Austin Seibert,2015,K,0.8308,95.7383,1,0.9678101539611816,1,1,0.9748867750167847,1,1,0.09814292937517166,0,1,0.9678101539611816,1,SPEC
201501485,Ian Shannon,2015,P,0.8294,50.9818,1,0.9278162717819214,1,1,0.8162473440170288,1,0,0.003742354456335306,0,1,0.9278162717819214,1,SPEC
201501544,Jake Bailey,2015,P,0.8261,59.7784,1,0.9799379706382751,1,1,0.5918144583702087,1,0,0.02612641081213951,0,1,0.9799379706382751,1,SPEC
201501597,Daniel LaCamera,2015,K,0.8228,74.6298,1,0.5280038118362427,1,1,0.22971473634243011,0,0,0.35828328132629395,0,1,0.5280038118362427,1,SPEC
201501724,Drew Galitz,2015,P,0.8167,56.4115,1,0.9874745607376099,1,1,0.490953266620636,0,0,0.009854363277554512,0,1,0.9874745607376099,1,SPEC
201501778,Blake Johnson,2015,P,0.8133,46.4618,1,0.7856698632240295,1,0,0.8418634533882141,1,0,0.00505980895832181,0,1,0.7856698632240295,1,SPEC
201501791,Rodrigo Blankenship,2015,K,0.8126,93.6337,1,0.9451022148132324,1,1,0.7677744030952454,1,1,0.04555555805563927,0,1,0.9451022148132324,1,SPEC
201501793,Tommy Townsend,2015,P,0.8125,51.7018,1,0.9211112260818481,1,1,0.7692316174507141,1,0,0.004815791267901659,0,1,0.9211112260818481,1,SPEC
201501830,Sterling Hofrichter,2015,K,0.8108,62.4424,1,0.963941216468811,1,1,0.8053608536720276,1,0,0.014084026217460632,0,1,0.963941216468811,1,SPEC
201501831,Matt Abramo,2015,K,0.8108,0.0,0,0.7248696088790894,1,0,0.849483847618103,1,0,0.0006838779663667083,0,0,0.7248696088790894,1,SPEC
201501857,Andrew David,2015,K,0.8097,49.6968,1,0.9605583548545837,1,0,0.8958607316017151,1,0,0.01070590689778328,0,1,0.9605583548545837,1,SPEC
201501956,Stevie Artigue,2015,K,0.8056,66.125,1,0.8422293663024902,1,1,0.8304638266563416,1,0,0.002047161338850856,0,1,0.8422293663024902,1,SPEC
201502038,Morgan Hagee,2015,K,0.8014,66.4989,1,0.976061224937439,1,1,0.8827085494995117,1,0,0.00793287344276905,0,1,0.976061224937439,1,SPEC
201502184,Joe Schopper,2015,P,0.7956,58.9576,1,0.8261879682540894,1,1,0.6209738850593567,1,0,0.0027028685435652733,0,1,0.8261879682540894,1,SPEC
201502213,Corey Fatony,2015,P,0.7941,58.5219,1,0.9623751044273376,1,1,0.7088797688484192,1,0,0.002202369971200824,0,1,0.9623751044273376,1,SPEC
201502226,Jameson Vest,2015,K,0.7933,74.4324,1,0.9704005122184753,1,1,0.9115331172943115,1,0,0.01058675441890955,0,1,0.9704005122184753,1,SPEC
201502232,Louie Zervos,2015,K,0.7931,68.7426,1,0.9647027850151062,1,1,0.7875968217849731,1,0,0.01068765576928854,0,1,0.9647027850151062,1,SPEC
201502303,Chris Qualls,2015,P,0.7897,38.0906,1,0.8863219022750854,1,0,0.3282116651535034,0,0,0.002515864558517933,0,1,0.8863219022750854,1,SPEC
201502389,Parker Davidson,2015,K,0.7867,60.8714,1,0.7539713978767395,1,1,0.6617418527603149,1,0,0.0034192658495157957,0,1,0.7539713978767395,1,SPEC
201502428,Liam McCullough,2015,LS,0.785,0.0,0,0.7191635966300964,1,0,0.4546820819377899,0,0,0.0016271655913442373,0,0,0.7191635966300964,1,SPEC
201502459,Jacob Herbers,2015,P,0.7833,54.9704,1,0.7913135290145874,1,1,0.5825193524360657,1,0,0.0008498640963807702,0,1,0.7913135290145874,1,SPEC
201502494,Stone Wilson,2015,K,0.7817,53.6847,1,0.698102593421936,1,1,0.5409969091415405,1,0,0.001524419873021543,0,1,0.698102593421936,1,SPEC
201502592,Jonathan Song,2015,K,0.7783,72.8917,1,0.8596203923225403,1,1,0.8420800566673279,1,0,0.002610389608889818,0,1,0.8596203923225403,1,SPEC
201502594,Blake Ferguson,2015,LS,0.7783,52.7653,1,0.8436875343322754,1,1,0.9649170637130737,1,0,0.002512009348720312,0,1,0.8436875343322754,1,SPEC
201502686,Josh Growden,2015,P,0.7744,57.6552,1,0.6504871249198914,1,1,0.47898346185684204,0,0,0.0014074810314923525,0,1,0.6504871249198914,1,SPEC
201502690,A.J. Carty,2015,LS,0.7744,0.0,0,0.8193994760513306,1,0,0.3100529611110687,0,0,0.0015014874516054988,0,0,0.8193994760513306,1,SPEC
201502693,Gavin Patterson,2015,K,0.7742,62.8419,1,0.5757831931114197,1,1,0.6118411421775818,1,0,0.01379306148737669,0,1,0.5757831931114197,1,SPEC
201502785,Michael Tarbutt,2015,K,0.7693,61.3799,1,0.37758350372314453,0,1,0.2768456041812897,0,0,0.0028157331980764866,0,1,0.37758350372314453,0,SPEC
201502827,Steven Coutts,2015,P,0.7683,57.0866,1,0.9007667303085327,1,1,0.3643433451652527,0,0,0.0017996159149333835,0,1,0.9007667303085327,1,SPEC
201503082,Wes Farnsworth,2015,LS,0.7658,46.7319,1,0.7226086854934692,1,0,0.10182040184736252,0,0,0.002360925078392029,0,1,0.7226086854934692,1,SPEC
201503100,Matt Keller,2015,LS,0.765,56.1784,1,0.9106874465942383,1,1,0.5279713869094849,1,0,0.0004605086869560182,0,1,0.9106874465942383,1,SPEC
201503123,Ben Makowski,2015,LS,0.7633,55.2609,1,0.9122600555419922,1,1,0.837425947189331,1,0,0.0016271655913442373,0,1,0.9122600555419922,1,SPEC
201503162,Nick Rubinowicz,2015,P,0.7619,0.0,0,0.9612699747085571,1,0,0.45352670550346375,0,0,0.005027939099818468,0,0,0.9612699747085571,1,SPEC
201503193,Bennett Moehring,2015,K,0.7583,67.8247,1,0.3003306984901428,0,1,0.2693118155002594,0,0,0.004229950252920389,0,1,0.3003306984901428,0,SPEC
201503222,Riley Lovingood,2015,LS,0.7578,51.1348,1,0.9147639870643616,1,1,0.8013778924942017,1,0,0.0013029781403020024,0,1,0.9147639870643616,1,SPEC
201503238,Tyler Griffiths,2015,LS,0.7544,58.2713,1,0.8424319624900818,1,1,0.16442258656024933,0,0,0.002360925078392029,0,1,0.8424319624900818,1,SPEC
201503290,Alexander Trifonovitch,2015,P,0.7533,35.1552,1,0.5897648930549622,1,0,0.3908534646034241,0,0,0.004240849986672401,0,1,0.5897648930549622,1,SPEC
201503300,Zach Potter,2015,K,0.7519,47.0322,1,0.798225462436676,1,0,0.29341426491737366,0,0,0.004229950252920389,0,1,0.798225462436676,1,SPEC
201503330,Michael Caggiano,2015,K,0.7483,49.9111,1,0.4634878933429718,0,0,0.30070433020591736,0,0,0.0020553069189190865,0,1,0.4634878933429718,0,SPEC
201503339,Michael Rubino,2015,K,0.7483,54.8259,1,0.7947056889533997,1,1,0.5673170685768127,1,0,0.010310513898730278,0,1,0.7947056889533997,1,SPEC
201503356,Jordan Ober,2015,LS,0.7478,52.8117,1,0.24035950005054474,0,1,0.15478214621543884,0,0,0.005284029990434647,0,1,0.24035950005054474,0,SPEC
201503362,Bryce Crawford,2015,K,0.7433,68.3252,1,0.9147629737854004,1,1,0.12612715363502502,0,0,0.006489376071840525,0,1,0.9147629737854004,1,SPEC
201503367,Jack Fox,2015,K,0.7433,54.2998,1,0.9495664834976196,1,1,0.6192655563354492,1,0,0.003690096316859126,0,1,0.9495664834976196,1,SPEC
201503375,Zach Block,2015,P,0.7433,55.3582,1,0.8825386762619019,1,1,0.2614002525806427,0,0,0.03590385988354683,0,1,0.8825386762619019,1,SPEC
201503377,Timothy Belles,2015,LS,0.7433,0.0,0,0.9756499528884888,1,0,0.8205137848854065,1,0,0.0015014874516054988,0,0,0.9756499528884888,1,SPEC
201503403,Cade Coffey,2015,P,0.7383,59.3269,1,0.8074309825897217,1,1,0.26215341687202454,0,0,0.002360925078392029,0,1,0.8074309825897217,1,SPEC
201503404,Nick Dowd,2015,K,0.7383,54.6819,1,0.5792202949523926,1,1,0.8247884511947632,1,0,0.006335156038403511,0,1,0.5792202949523926,1,SPEC
201503411,Michael Pifer,2015,LS,0.7333,50.263,1,0.8599067330360413,1,1,0.31256282329559326,0,0,0.0015014874516054988,0,1,0.8599067330360413,1,SPEC
201503419,Garrett Wilson,2015,LS,0.7333,31.8234,1,0.8275191783905029,1,0,0.662420392036438,1,0,0.0013641086407005787,0,1,0.8275191783905029,1,SPEC
201503423,Matt Bonadies,2015,P,0.7333,53.9047,1,0.9450059533119202,1,1,0.7353617548942566,1,0,0.0009530816460028291,0,1,0.9450059533119202,1,SPEC
201503453,Sam Crosa,2015,K,0.71,64.1787,1,0.9043046236038208,1,1,0.30363789200782776,0,0,0.0020553069189190865,0,1,0.9043046236038208,1,SPEC
201503529,Evan Rabon,2015,K,0.7,58.7751,1,0.9376651048660278,1,1,0.3311796188354492,0,0,0.0020404427777975798,0,1,0.9376651048660278,1,SPEC
201503532,Trey Hansen,2015,LS,0.7,0.0,0,0.9004226326942444,1,0,0.12121017277240753,0,0,0.0016272631473839283,0,0,0.9004226326942444,1,SPEC
201503566,Damon Foncham,2015,P,0.7,49.4055,1,0.9176503419876099,1,0,0.47349512577056885,0,0,0.001463778899051249,0,1,0.9176503419876099,1,SPEC
201600693,Quinn Nordin,2016,K,0.8592,77.0196,1,0.9897757768630981,1,1,0.9090842604637146,1,0,0.16696374118328094,0,1,0.9897757768630981,1,SPEC
201600760,Drue Chrisman,2016,P,0.8558,53.669,1,0.9369072914123535,1,1,0.5773879289627075,1,0,0.002723588841035962,0,1,0.9369072914123535,1,SPEC
201600818,JJ Molson,2016,K,0.8533,79.5987,1,0.9838836789131165,1,1,0.944905698299408,1,0,0.03497353196144104,0,1,0.9838836789131165,1,SPEC
201600931,Skyler Southam,2016,K,0.8483,49.9264,1,0.9893684983253479,1,0,0.7892572283744812,1,0,0.08276193588972092,0,1,0.9893684983253479,1,SPEC
201601100,Logan Tyler,2016,K,0.8408,59.5515,1,0.9271241426467896,1,1,0.6979116797447205,1,0,0.03518400713801384,0,1,0.9271241426467896,1,SPEC
201601159,Braden Mann,2016,K,0.8383,70.857,1,0.9946267008781433,1,1,0.8795905113220215,1,0,0.016933390870690346,0,1,0.9946267008781433,1,SPEC
201601196,Ricky Aguayo,2016,K,0.8367,81.3739,1,0.9866695404052734,1,1,0.9177780747413635,1,1,0.056687500327825546,0,1,0.9866695404052734,1,SPEC
201601259,Tucker McCann,2016,K,0.8342,80.2815,1,0.9785977005958557,1,1,0.9556126594543457,1,1,0.8230600953102112,1,1,0.9785977005958557,1,SPEC
201601275,Anthony Lotti,2016,P,0.8333,57.4298,1,0.9953725934028625,1,1,0.8835268020629883,1,0,0.03692413866519928,0,1,0.9953725934028625,1,SPEC
201601370,Austin Kent,2016,P,0.8322,47.1739,1,0.9940112233161926,1,0,0.9347057938575745,1,0,0.02162223681807518,0,1,0.9940112233161926,1,SPEC
201601491,Grant McKinniss,2016,P,0.8267,60.9317,1,0.984809935092926,1,1,0.759814441204071,1,0,0.00889360811561346,0,1,0.984809935092926,1,SPEC
201601510,Caleb Lightbourn,2016,P,0.8261,56.8825,1,0.942503035068512,1,1,0.5775780081748962,1,0,0.0021986491046845913,0,1,0.942503035068512,1,SPEC
201601526,Marshall Long,2016,P,0.8256,37.1847,1,0.9968223571777344,1,0,0.44529595971107483,0,0,0.009011034853756428,0,1,0.9968223571777344,1,SPEC
201601579,Alex Barbir,2016,K,0.8233,58.7569,1,0.9890256524085999,1,1,0.925032377243042,1,0,0.42242172360420227,0,1,0.9890256524085999,1,SPEC
201601583,Matthew Coghlin,2016,K,0.8233,90.2012,1,0.9850209951400757,1,1,0.8762691617012024,1,1,0.15951791405677795,0,1,0.9850209951400757,1,SPEC
201601616,Connor Culp,2016,K,0.8222,70.3064,1,0.9808074831962585,1,1,0.9700137376785278,1,0,0.1412339061498642,0,1,0.9808074831962585,1,SPEC
201601653,Jet Toner,2016,P,0.8206,76.6664,1,0.9648029804229736,1,1,0.8233334422111511,1,0,0.003642768133431673,0,1,0.9648029804229736,1,SPEC
201601665,Camaron Cheeseman,2016,LS,0.82,45.7876,1,0.7543922066688538,1,0,0.24253641068935394,0,0,0.004219383001327515,0,1,0.7543922066688538,1,SPEC
201601681,Sam Loy,2016,P,0.8189,56.8148,1,0.7471952438354492,1,1,0.3740568161010742,0,0,0.005168285220861435,0,1,0.7471952438354492,1,SPEC
201601721,John Shannon,2016,LS,0.8167,57.172,1,0.7159014344215393,1,1,0.198086217045784,0,0,0.0027849783655256033,0,1,0.7159014344215393,1,SPEC
201601740,AJ Reed,2016,K,0.8156,69.0664,1,0.9784287810325623,1,1,0.8261197209358215,1,0,0.18479254841804504,0,1,0.9784287810325623,1,SPEC
201601768,Jonn Young,2016,K,0.8144,55.8975,1,0.874970018863678,1,1,0.5763267278671265,1,0,0.20249216258525848,0,1,0.874970018863678,1,SPEC
201601771,Austin Johnson,2016,P,0.8144,0.0,0,0.9892084002494812,1,0,0.6518867611885071,1,0,0.005282636731863022,0,0,0.9892084002494812,1,SPEC
201601810,Van Soderberg,2016,K,0.8131,30.1865,1,0.9682562351226807,1,0,0.8320461511611938,1,0,0.0188902635127306,0,1,0.9682562351226807,1,SPEC
201601922,James McCourt,2016,K,0.8094,69.6292,1,0.7950015664100647,1,1,0.7543895244598389,1,0,0.08931982517242432,0,1,0.7950015664100647,1,SPEC
201602022,Jose Borregales,2016,K,0.8033,73.2801,1,0.9295049905776978,1,1,0.8715274930000305,1,0,0.0131577393040061,0,1,0.9295049905776978,1,SPEC
201602178,Grant Carlson,2016,P,0.7967,57.0525,1,0.8085407018661499,1,1,0.6212753057479858,1,0,0.0006257870118133724,0,1,0.8085407018661499,1,SPEC
201602202,Derek Adams,2016,P,0.7956,58.6663,1,0.9628458023071289,1,1,0.5719276666641235,1,0,0.001251028385013342,0,1,0.9628458023071289,1,SPEC
201602221,Butch Hampton,2016,K,0.7939,65.5705,1,0.8191674947738647,1,1,0.5395081043243408,1,0,0.008965248242020607,0,1,0.8191674947738647,1,SPEC
201602279,Crawford Pierson,2016,K,0.7917,0.0,0,0.8293071985244751,1,0,0.6050713062286377,1,0,0.005540692713111639,0,0,0.8293071985244751,1,SPEC
201602337,Steven Wirtel,2016,LS,0.79,52.086,1,0.3796284794807434,0,1,0.2096129059791565,0,0,0.0020417366176843643,0,1,0.3796284794807434,0,SPEC
201602487,Johnny Den Bleyker,2016,LS,0.7869,56.1121,1,0.8565285205841064,1,1,0.6208221316337585,1,0,0.00313468836247921,0,1,0.8565285205841064,1,SPEC
201602492,Coby Neenan,2016,K,0.7867,0.0,0,0.9532099366188049,1,0,0.8154775500297546,1,0,0.0012733993353322148,0,0,0.9532099366188049,1,SPEC
201602493,Joel Velazquez,2016,K,0.7867,57.8999,1,0.7061578035354614,1,1,0.5254464745521545,1,0,0.003224623389542103,0,1,0.7061578035354614,1,SPEC
201602494,Cooper Rothe,2016,K,0.7867,69.7845,1,0.6401129961013794,1,1,0.35610538721084595,0,0,0.0005122500588186085,0,1,0.6401129961013794,1,SPEC
201602497,Turner Bernard,2016,LS,0.7861,43.4664,1,0.9037002921104431,1,0,0.6653175950050354,1,0,0.000996757298707962,0,1,0.9037002921104431,1,SPEC
201602638,Richard McNitzky,2016,LS,0.7808,59.3456,1,0.7855128049850464,1,1,0.45763885974884033,0,0,0.0005654589040204883,0,1,0.7855128049850464,1,SPEC
201602896,J.D. Dellinger,2016,K,0.7733,72.5197,1,0.5976041555404663,1,1,0.5891194343566895,1,0,0.01403342466801405,0,1,0.5976041555404663,1,SPEC
201603511,Britton Hogan,2016,LS,0.7667,45.5931,1,0.6788704991340637,1,0,0.1636255532503128,0,0,0.0013641086407005787,0,1,0.6788704991340637,1,SPEC
201603540,Alex Kessman,2016,K,0.7667,75.3244,1,0.6244292855262756,1,1,0.40816953778266907,0,0,0.06449474394321442,0,1,0.6244292855262756,1,SPEC
201603605,Kaden Keon,2016,K,0.7667,55.0348,1,0.4641510844230652,0,1,0.36396464705467224,0,0,0.009855670854449272,0,1,0.4641510844230652,0,SPEC
201603611,Payton Theisler,2016,P,0.7667,54.3474,1,0.7434080839157104,1,1,0.35033395886421204,0,0,0.002385025378316641,0,1,0.7434080839157104,1,SPEC
201603619,Alex Probert,2016,K,0.7667,59.8355,1,0.5712443590164185,1,1,0.24570800364017487,0,0,0.002047161338850856,0,1,0.5712443590164185,1,SPEC
201603760,Tyler Sumpter,2016,P,0.7583,67.3765,1,0.856694757938385,1,1,0.1948443353176117,0,0,0.002248605480417609,0,1,0.856694757938385,1,SPEC
201603787,Crews Holt,2016,K,0.7544,64.78,1,0.8501400351524353,1,1,0.5419279336929321,1,0,0.00370037485845387,0,1,0.8501400351524353,1,SPEC
201603844,Luis Martinez,2016,K,0.7483,0.0,0,0.9799044132232666,1,0,0.5556620955467224,1,0,0.005711523350328207,0,0,0.9799044132232666,1,SPEC
201603864,Brett Graham,2016,P,0.7433,40.1687,1,0.9309820532798767,1,0,0.5159593224525452,1,0,0.00184290308970958,0,1,0.9309820532798767,1,SPEC
201603890,Nick Zecchino,2016,LS,0.7333,45.0696,1,0.5676884651184082,1,0,0.3497617244720459,0,0,0.0005451139877550304,0,1,0.5676884651184082,1,SPEC
201603893,Bailey Cate,2016,P,0.7333,53.8103,1,0.7388203740119934,1,1,0.7411962747573853,1,0,0.0017996159149333835,0,1,0.7388203740119934,1,SPEC
201603907,Justin Warner,2016,LS,0.71,45.4302,1,0.9076529145240784,1,0,0.658175528049469,1,0,0.0015556885628029704,0,1,0.9076529145240784,1,SPEC
201603961,John Mack,2016,K,0.7,0.0,0,0.8241040706634521,1,0,0.6683729290962219,1,0,0.00266600982286036,0,0,0.8241040706634521,1,SPEC
201603985,Devin Anctil,2016,P,0.7,48.0642,1,0.8418326377868652,1,0,0.8748283386230469,1,0,0.0009983633644878864,0,1,0.8418326377868652,1,SPEC
201701217,Anders Carlson,2017,K,0.8383,92.1981,1,0.985207200050354,1,1,0.9450554251670837,1,1,0.09681635349988937,0,1,0.985207200050354,1,SPEC
201701274,Blake Haubeil,2017,K,0.835,73.928,1,0.9881138205528259,1,1,0.8852941989898682,1,0,0.02287660911679268,0,1,0.9881138205528259,1,SPEC
201701277,Joseph Bulovas,2017,K,0.835,73.2236,1,0.9811145663261414,1,1,0.9053588509559631,1,0,0.019452795386314392,0,1,0.9811145663261414,1,SPEC
201701278,Brandon Ruiz,2017,K,0.835,78.3001,1,0.9816426634788513,1,1,0.983656644821167,1,0,0.6487852931022644,1,1,0.9816426634788513,1,SPEC
201701321,Chase McGrath,2017,K,0.8333,83.8428,1,0.9850387573242188,1,1,0.7464556097984314,1,1,0.6555246114730835,1,1,0.9850387573242188,1,SPEC
201701374,Brent Cimaglia,2017,K,0.8325,75.6957,1,0.9242122769355774,1,1,0.5672680735588074,1,0,0.06396416574716568,0,1,0.9242122769355774,1,SPEC
201701437,Reeves Mundschau,2017,P,0.8294,52.3325,1,0.975660502910614,1,1,0.7368621230125427,1,0,0.006376875098794699,0,1,0.975660502910614,1,SPEC
201701476,Oscar Bradburn,2017,P,0.8278,57.3092,1,0.9594258069992065,1,1,0.7848336100578308,1,0,0.0035231488291174173,0,1,0.9594258069992065,1,SPEC
201701486,Charlie Kuhbander,2017,K,0.8269,72.7304,1,0.9576252698898315,1,1,0.954595685005188,1,0,0.5056499242782593,1,1,0.9576252698898315,1,SPEC
201701524,Cole Hahn,2017,K,0.825,51.8708,1,0.9824619889259338,1,1,0.8352937698364258,1,0,0.2973003089427948,0,1,0.9824619889259338,1,SPEC
201701568,Ryan Stonehouse,2017,P,0.8233,56.4282,1,0.6210948824882507,1,1,0.8070077896118164,1,0,0.005717334803193808,0,1,0.6210948824882507,1,SPEC
201701650,Grant Glennon,2017,LS,0.82,53.9678,1,0.28266918659210205,0,1,0.28131189942359924,0,0,0.008092597126960754,0,1,0.28266918659210205,0,SPEC
201701695,Grant Ryerse,2017,K,0.8181,0.0,0,0.871629536151886,1,0,0.8103839159011841,1,0,0.06695365160703659,0,0,0.871629536151886,1,SPEC
201701703,Pressley Harvin III,2017,P,0.8175,69.9422,1,0.8122364282608032,1,1,0.441220760345459,0,0,0.008560212329030037,0,1,0.8122364282608032,1,SPEC
201701734,Cooper Graham,2017,K,0.8167,40.9538,1,0.9861732721328735,1,0,0.8949757814407349,1,0,0.07452120631933212,0,1,0.9861732721328735,1,SPEC
201701743,Zach Feagles,2017,P,0.8158,49.16,1,0.8683481812477112,1,0,0.5800909399986267,1,0,0.0025166687555611134,0,1,0.8683481812477112,1,SPEC
201701821,Adam Stack,2017,K,0.8128,53.2313,1,0.9023629426956177,1,1,0.8873677849769592,1,0,0.06450477987527847,0,1,0.9023629426956177,1,SPEC
201701899,Jonathan Doerer,2017,K,0.8097,75.5451,1,0.9363405704498291,1,1,0.8114261031150818,1,0,0.007878763601183891,0,1,0.9363405704498291,1,SPEC
201701905,Bill Taylor,2017,LS,0.8093,53.4811,1,0.5279308557510376,1,1,0.6235421299934387,1,0,0.0017990779597312212,0,1,0.5279308557510376,1,SPEC
201701915,Bill Rubright,2017,P,0.8083,0.0,0,0.9901388883590698,1,0,0.7705743312835693,1,0,0.003590337699279189,0,0,0.9901388883590698,1,SPEC
201701947,Liam Jones,2017,K,0.8072,56.663,1,0.6621082425117493,1,1,0.8123447895050049,1,0,0.009651119820773602,0,1,0.6621082425117493,1,SPEC
201702020,Jake McClure,2017,P,0.8044,56.0625,1,0.92645263671875,1,1,0.5478571057319641,1,0,0.0020424139220267534,0,1,0.92645263671875,1,SPEC
201702033,Chris Landgrebe,2017,K,0.8033,0.0,0,0.9512267708778381,1,0,0.9396686553955078,1,0,0.008832540363073349,0,0,0.9512267708778381,1,SPEC
201702067,Riley Patterson,2017,K,0.8022,73.7464,1,0.8874852061271667,1,1,0.6413052082061768,1,0,0.0032417713664472103,0,1,0.8874852061271667,1,SPEC
201702083,Joe Doyle,2017,P,0.8017,57.5856,1,0.9363394379615784,1,1,0.630753219127655,1,0,0.0017440958181396127,0,1,0.9363394379615784,1,SPEC
201702199,Ryan Rehkow,2017,P,0.7975,57.2749,1,0.5357831120491028,1,1,0.6130775213241577,1,0,0.002179919509217143,0,1,0.5357831120491028,1,SPEC
201702204,Noah Ruggles,2017,K,0.7972,81.9053,1,0.9333784580230713,1,1,0.92965167760849,1,1,0.0006157244206406176,0,1,0.9333784580230713,1,SPEC
201702279,Brenton King,2017,K,0.7944,60.6717,1,0.9640461206436157,1,1,0.6908459663391113,1,0,0.00627927714958787,0,1,0.9640461206436157,1,SPEC
201702286,Tucker Day,2017,P,0.7936,60.0462,1,0.9117446541786194,1,1,0.7315336465835571,1,0,0.0008498640963807702,0,1,0.9117446541786194,1,SPEC
201702289,Cole Smith,2017,K,0.7933,64.2279,1,0.8066138029098511,1,1,0.6029766798019409,1,0,0.0005122500588186085,0,1,0.8066138029098511,1,SPEC
201702354,Brian Delaney,2017,K,0.7908,69.2507,1,0.9630295038223267,1,1,0.5551738739013672,1,0,0.010850653983652592,0,1,0.9630295038223267,1,SPEC
201702443,Ryan Gersonde,2017,P,0.7889,32.1506,1,0.31125834584236145,0,0,0.3376033306121826,0,0,0.006706940941512585,0,1,0.31125834584236145,0,SPEC
201702445,Lucas Havrisik,2017,K,0.7889,66.0403,1,0.8914238810539246,1,1,0.46366679668426514,0,0,0.020035838708281517,0,1,0.8914238810539246,1,SPEC
201702470,Thomas Fletcher,2017,LS,0.7875,55.1962,1,0.6675136685371399,1,1,0.5324342250823975,1,0,0.000996757298707962,0,1,0.6675136685371399,1,SPEC
201702478,Kirk Christodoulou,2017,K,0.7864,57.4817,1,0.8564497828483582,1,1,0.504565417766571,1,0,0.003224623389542103,0,1,0.8564497828483582,1,SPEC
201702479,Adam Bay,2017,LS,0.7861,54.0309,1,0.9113439917564392,1,1,0.24287524819374084,0,0,0.000924512802157551,0,1,0.9113439917564392,1,SPEC
201702570,Damon Johnson,2017,LS,0.7839,56.079,1,0.9512736797332764,1,1,0.45254966616630554,0,0,0.0005704304203391075,0,1,0.9512736797332764,1,SPEC
201702576,Briggs Bourgeois,2017,K,0.7833,61.1748,1,0.557651162147522,1,1,0.7079444527626038,1,0,0.003332083346322179,0,1,0.557651162147522,1,SPEC
201702638,Evan Legassey,2017,K,0.7825,45.2995,1,0.8007000088691711,1,0,0.8019018173217773,1,0,0.024176642298698425,0,1,0.8007000088691711,1,SPEC
201702679,Josh Grant,2017,K,0.78,61.0528,1,0.9110689163208008,1,1,0.8542541265487671,1,0,0.005450362805277109,0,1,0.9110689163208008,1,SPEC
201702835,Kyle Gibbs,2017,LS,0.7764,36.5614,1,0.82655930519104,1,0,0.8798739314079285,1,0,0.0011944518191739917,0,1,0.82655930519104,1,SPEC
201702916,Mitch Hall,2017,LS,0.7739,54.8099,1,0.8357975482940674,1,1,0.3989216089248657,0,0,0.0011944518191739917,0,1,0.8357975482940674,1,SPEC
201702952,Cole Phillips,2017,K,0.7733,0.0,0,0.7656415700912476,1,0,0.46180641651153564,0,0,0.003049893071874976,0,0,0.7656415700912476,1,SPEC
201702956,Haydon Whitehead,2017,P,0.7733,57.8298,1,0.9215264916419983,1,1,0.8280192017555237,1,0,0.005923735909163952,0,1,0.9215264916419983,1,SPEC
201703142,Jeremiah Riordan,2017,LS,0.7683,47.1267,1,0.5608006715774536,1,0,0.3665144741535187,0,0,0.0016271655913442373,0,1,0.5608006715774536,1,SPEC
201703233,Jacob Swartz,2017,K,0.7667,0.0,0,0.39399561285972595,0,0,0.24984654784202576,0,0,0.0008241839823313057,0,0,0.39399561285972595,0,SPEC
201703408,Michael Leisle,2017,K,0.7667,0.0,0,0.1953505426645279,0,0,0.13586895167827606,0,0,0.004214717075228691,0,0,0.1953505426645279,0,SPEC
201703411,Brooks Hosea,2017,K,0.7667,36.9435,1,0.2750145196914673,0,0,0.22374537587165833,0,0,0.0019584414549171925,0,1,0.2750145196914673,0,SPEC
201703441,Brooks Buce,2017,K,0.7667,0.0,0,0.6591943502426147,1,0,0.345223993062973,0,0,0.0005122500588186085,0,0,0.6591943502426147,1,SPEC
201703460,Cole Brungardt,2017,K,0.7667,0.0,0,0.2519584596157074,0,0,0.22619621455669403,0,0,0.008521167561411858,0,0,0.2519584596157074,0,SPEC
201703480,Hayden Moehring,2017,K,0.7667,0.0,0,0.7384328842163086,1,0,0.2508006989955902,0,0,0.013216079212725163,0,0,0.7384328842163086,1,SPEC
201703483,Sean McNulty,2017,K,0.7667,0.0,0,0.6261368989944458,1,0,0.12191570550203323,0,0,0.002503535943105817,0,0,0.6261368989944458,1,SPEC
201703582,Jonathan Hagee,2017,K,0.7667,0.0,0,0.2688687741756439,0,0,0.43323731422424316,0,0,0.008521167561411858,0,0,0.2688687741756439,0,SPEC
201703638,Ben Reeder,2017,LS,0.7667,26.236,1,0.5491200685501099,1,0,0.10069279372692108,0,0,0.0024037733674049377,0,1,0.5491200685501099,1,SPEC
201703656,Kyle O'Connor,2017,LS,0.7667,38.2701,1,0.8209227919578552,1,0,0.16684773564338684,0,0,0.002360925078392029,0,1,0.8209227919578552,1,SPEC
201703886,Will Harrison,2017,K,0.7611,43.9475,1,0.1999884992837906,0,0,0.274624764919281,0,0,0.007740315981209278,0,1,0.1999884992837906,0,SPEC
201703922,Brad Robbins,2017,P,0.7594,58.3426,1,0.6036016345024109,1,1,0.5276769399642944,1,0,0.008278993889689445,0,1,0.6036016345024109,1,SPEC
201703923,Adam Higuera,2017,LS,0.7585,53.9993,1,0.9865989685058594,1,1,0.7762905955314636,1,0,0.0011944518191739917,0,1,0.9865989685058594,1,SPEC
201704004,Matt Ference,2017,P,0.7578,58.468,1,0.6052513122558594,1,1,0.17266885936260223,0,0,0.0017009417060762644,0,1,0.6052513122558594,1,SPEC
201704005,Jesse Kelly,2017,K,0.7578,46.6209,1,0.5224968791007996,1,0,0.20338010787963867,0,0,0.000935975054744631,0,1,0.5224968791007996,1,SPEC
201704014,Brady Buell,2017,K,0.7544,42.4601,1,0.17993377149105072,0,0,0.20364558696746826,0,0,0.001747462316416204,0,1,0.17993377149105072,0,SPEC
201704019,Preston Brady,2017,LS,0.7544,48.1883,1,0.7265720367431641,1,0,0.13443782925605774,0,0,0.0013029781403020024,0,1,0.7265720367431641,1,SPEC
201704020,Jacob Ballain,2017,K,0.7544,0.0,0,0.6588913202285767,1,0,0.2870677709579468,0,0,0.0028157331980764866,0,0,0.6588913202285767,1,SPEC
201704075,Jackson Hubbard,2017,K,0.7533,49.2828,1,0.78755784034729,1,0,0.3559262454509735,0,0,0.017612457275390625,0,1,0.78755784034729,1,SPEC
201704088,Connor Choate,2017,LS,0.7511,27.072,1,0.6268805265426636,1,0,0.13162095844745636,0,0,0.0005654589040204883,0,1,0.6268805265426636,1,SPEC
201704110,Myles Prosser,2017,K,0.75,43.3796,1,0.7035296559333801,1,0,0.13997362554073334,0,0,0.010310513898730278,0,1,0.7035296559333801,1,SPEC
201704115,Blake Hayes,2017,P,0.75,62.9094,1,0.9625882506370544,1,1,0.3786123991012573,0,0,0.00184290308970958,0,1,0.9625882506370544,1,SPEC
201704208,Davan Dyer,2017,P,0.74,43.6908,1,0.9851574897766113,1,0,0.5865410566329956,1,0,0.0015014874516054988,0,1,0.9851574897766113,1,SPEC
201704236,Trenton Gill,2017,K,0.73,53.6533,1,0.8935003280639648,1,1,0.8777162432670593,1,0,0.010310513898730278,0,1,0.8935003280639648,1,SPEC
201704240,Raymond Freeman,2017,LS,0.73,0.0,0,0.7018051743507385,1,0,0.6656072735786438,1,0,0.004396283533424139,0,0,0.7018051743507385,1,SPEC
201704247,Cal Adomitis,2017,LS,0.73,60.104,1,0.6055021286010742,1,1,0.10123636573553085,0,0,0.002626783447340131,0,1,0.6055021286010742,1,SPEC
201704256,Caleb McKee,2017,LS,0.72,0.0,0,0.8999188542366028,1,0,0.6378559470176697,1,0,0.0009447784395888448,0,0,0.8999188542366028,1,SPEC
201704260,Ryan Culbertson,2017,LS,0.72,26.1338,1,0.8333023190498352,1,0,0.40834683179855347,0,0,0.001348353223875165,0,1,0.8333023190498352,1,SPEC
201704269,Frankie Onate,2017,K,0.7,44.6886,1,0.713402271270752,1,0,0.4984022378921509,0,0,0.002047161338850856,0,1,0.713402271270752,1,SPEC
201801362,Jake Camarda,2018,P,0.8393,60.5529,1,0.9910184144973755,1,1,0.9106667637825012,1,0,0.015040692873299122,0,1,0.9910184144973755,1,SPEC
201801365,Ryan Bujcevski,2018,P,0.839,58.9759,1,0.9882919192314148,1,1,0.8990662097930908,1,0,0.01042173057794571,0,1,0.9882919192314148,1,SPEC
201801480,Ryan Wright,2018,P,0.8342,56.5453,1,0.9396380186080933,1,1,0.49691659212112427,0,0,0.00977743323892355,0,1,0.9396380186080933,1,SPEC
201801486,Evan McPherson,2018,K,0.8339,80.7275,1,0.9859288334846497,1,1,0.8910606503486633,1,1,0.06492401659488678,0,1,0.9859288334846497,1,SPEC
201801526,Hunter Pearson,2018,K,0.8318,0.0,0,0.9875269532203674,1,0,0.8283501863479614,1,0,0.09206561744213104,0,0,0.9875269532203674,1,SPEC
201801569,Skyler DeLong,2018,P,0.8305,39.6201,1,0.8812674880027771,1,0,0.8135287165641785,1,0,0.0020509788300842047,0,1,0.8812674880027771,1,SPEC
201801633,BT Potter,2018,K,0.8271,86.3412,1,0.9376285076141357,1,1,0.9035608172416687,1,1,0.02247859165072441,0,1,0.9376285076141357,1,SPEC
201801654,Cameron Dicker,2018,K,0.8263,85.6067,1,0.9647631645202637,1,1,0.8522807955741882,1,1,0.08962618559598923,0,1,0.9647631645202637,1,SPEC
201801831,Jake Pinegar,2018,K,0.819,79.8635,1,0.9281765222549438,1,1,0.939362108707428,1,0,0.12532727420330048,0,1,0.9281765222549438,1,SPEC
201801834,Barret Pickering,2018,K,0.8183,66.5574,1,0.8645060062408447,1,1,0.8443679213523865,1,0,0.0010452554561197758,0,1,0.8645060062408447,1,SPEC
201801853,Nick Mihalic,2018,P,0.8174,57.1037,1,0.9100771546363831,1,1,0.9200262427330017,1,0,0.00122940877918154,0,1,0.9100771546363831,1,SPEC
201801857,Paxton Brooks,2018,K,0.8171,62.0309,1,0.49651646614074707,0,1,0.2067522406578064,0,0,0.008071285672485828,0,1,0.49651646614074707,0,SPEC
201801886,Arryn Siposs,2018,P,0.8161,53.4029,1,0.9986037611961365,1,1,0.8688670992851257,1,0,0.004598442930728197,0,1,0.9986037611961365,1,SPEC
201801893,Oscar Shadley,2018,LS,0.8158,50.8441,1,0.6671715378761292,1,1,0.6127334833145142,1,0,0.013910219073295593,0,1,0.6671715378761292,1,SPEC
201801940,Charles Campbell,2018,K,0.815,80.1392,1,0.9426482319831848,1,1,0.6429582834243774,1,1,0.0030185908544808626,0,1,0.9426482319831848,1,SPEC
201801952,Justin Mader,2018,LS,0.8125,46.9376,1,0.9636295437812805,1,0,0.595681369304657,1,0,0.014140809886157513,0,1,0.9636295437812805,1,SPEC
201801953,Joseph Petrino,2018,K,0.8122,72.3649,1,0.9805940985679626,1,1,0.791289746761322,1,0,0.048903148621320724,0,1,0.9805940985679626,1,SPEC
201801954,Seth Small,2018,K,0.8116,84.9569,1,0.9344996213912964,1,1,0.5438520908355713,1,1,0.0018042781157419086,0,1,0.9344996213912964,1,SPEC
201801955,Brayden Narveson,2018,K,0.8115,73.6867,1,0.9565959572792053,1,1,0.7786006331443787,1,0,0.013741442002356052,0,1,0.9565959572792053,1,SPEC
201802066,Chance Poore,2018,K,0.8087,57.9879,1,0.5379598736763,1,1,0.2880159616470337,0,0,0.0068395850248634815,0,1,0.5379598736763,1,SPEC
201802068,Bubba Baxa,2018,K,0.8083,63.7198,1,0.5727563500404358,1,1,0.7196048498153687,1,0,0.004252676386386156,0,1,0.5727563500404358,1,SPEC
201802070,Javan Rice,2018,K,0.8076,0.0,0,0.9446677565574646,1,0,0.9210072755813599,1,0,0.10587746649980545,0,0,0.9446677565574646,1,SPEC
201802179,Issac Power,2018,P,0.8034,59.1231,1,0.6783027648925781,1,1,0.33626019954681396,0,0,0.007759070955216885,0,1,0.6783027648925781,1,SPEC
201802185,Caleb Griffin,2018,K,0.8028,67.6626,1,0.7361579537391663,1,1,0.8773921132087708,1,0,0.0012733993353322148,0,1,0.7361579537391663,1,SPEC
201802318,Slater Zellers,2018,LS,0.7997,54.618,1,0.7099238634109497,1,1,0.355470210313797,0,0,0.002512009348720312,0,1,0.7099238634109497,1,SPEC
201802319,Max Duffy,2018,P,0.7997,69.8631,1,0.9933624267578125,1,1,0.974197506904602,1,0,0.0013913626316934824,0,1,0.9933624267578125,1,SPEC
201802430,John Richardson,2018,K,0.7939,70.4307,1,0.8343191742897034,1,1,0.7629218697547913,1,0,0.004357654135674238,0,1,0.8343191742897034,1,SPEC
201802431,John Tessitore,2018,K,0.7932,27.0106,1,0.8115353584289551,1,0,0.6931134462356567,1,0,0.0016580161172896624,0,1,0.8115353584289551,1,SPEC
201802564,Justen Smith,2018,K,0.7898,32.2928,1,0.9493764638900757,1,0,0.3561992347240448,0,0,0.004147053230553865,0,1,0.9493764638900757,1,SPEC
201802575,Collin Flintoft,2018,P,0.7898,0.0,0,0.9317520260810852,1,0,0.3716736137866974,0,0,0.009197117760777473,0,0,0.9317520260810852,1,SPEC
201802608,Matt Araiza,2018,K,0.7886,81.2061,1,0.7101964950561523,1,1,0.5499110817909241,1,1,0.002161736600100994,0,1,0.7101964950561523,1,SPEC
201802609,Adam Korsak,2018,P,0.7885,70.2652,1,0.8977347016334534,1,1,0.852767825126648,1,0,0.0016205813735723495,0,1,0.8977347016334534,1,SPEC
201802692,Chris Kessler,2018,K,0.7844,18.9071,0,0.9712716341018677,1,0,0.5671252012252808,1,0,0.005011297296732664,0,0,0.9712716341018677,1,SPEC
201802921,Jonathan Cruz,2018,K,0.7752,68.7072,1,0.8855677843093872,1,1,0.6557570099830627,1,0,0.0034316349774599075,0,1,0.8855677843093872,1,SPEC
201802999,Karsten Battles,2018,LS,0.7727,54.6659,1,0.34692615270614624,0,1,0.6598776578903198,1,0,0.0010327572235837579,0,1,0.34692615270614624,0,SPEC
201803000,Jesse Hooper,2018,LS,0.7707,18.5142,0,0.9160335063934326,1,0,0.942182183265686,1,0,0.00128936639521271,0,0,0.9160335063934326,1,SPEC
201803361,Cash Peterman,2018,K,0.758,40.1887,1,0.8387040495872498,1,0,0.2915731370449066,0,0,0.0011614878894761205,0,1,0.8387040495872498,1,SPEC
201803551,Danny Jones,2018,P,0.7497,40.8574,1,0.9765822291374207,1,0,0.849495530128479,1,0,0.001696094754152,0,1,0.9765822291374207,1,SPEC
201803571,George Georgopoulos,2018,P,0.7497,56.6798,1,0.875461757183075,1,1,0.1407591998577118,0,0,0.0010657502571120858,0,1,0.875461757183075,1,SPEC
201803576,Cole Talley,2018,K,0.748,51.242,1,0.4391874074935913,0,1,0.4336621165275574,0,0,0.0018915695836767554,0,1,0.4391874074935913,0,SPEC
201803579,Massimo Biscardi,2018,K,0.748,69.103,1,0.5207473635673523,1,1,0.34024062752723694,0,0,0.006860882509499788,0,1,0.5207473635673523,1,SPEC
201803582,Ross Reiter,2018,LS,0.743,50.0488,1,0.8000384569168091,1,1,0.7292973399162292,1,0,0.000525636482052505,0,1,0.8000384569168091,1,SPEC
201803584,Evan Deckers,2018,LS,0.743,47.6595,1,0.8042035698890686,1,0,0.7989208102226257,1,0,0.0010657502571120858,0,1,0.8042035698890686,1,SPEC
201803585,Gavin Baechle,2018,K,0.7397,64.2772,1,0.6478680372238159,1,1,0.15961292386054993,0,0,0.0021045953035354614,0,1,0.6478680372238159,1,SPEC
201803650,Alex Stadthaus,2018,K,0.7397,57.7249,1,0.7492589354515076,1,1,0.4793189465999603,0,0,0.024329284206032753,0,1,0.7492589354515076,1,SPEC
201803655,T.J. Harvey,2018,LS,0.7397,48.2192,1,0.24479246139526367,0,0,0.24092882871627808,0,0,0.000525636482052505,0,1,0.24479246139526367,0,SPEC
201803672,Peyton Yanagi,2018,LS,0.7397,0.0,0,0.9472988843917847,1,0,0.6327860355377197,1,0,0.0006886992487125099,0,0,0.9472988843917847,1,SPEC
201803678,Joseph Tacopina,2018,K,0.7397,0.0,0,0.8547349572181702,1,0,0.9080078601837158,1,0,0.006050449330359697,0,0,0.8547349572181702,1,SPEC
201803679,Maddie Golden,2018,LS,0.7397,32.5374,1,0.5956321358680725,1,0,0.5071699619293213,1,0,0.0006306878058239818,0,1,0.5956321358680725,1,SPEC
201803680,Brendan Knoespel,2018,LS,0.738,0.0,0,0.7435544729232788,1,0,0.27731871604919434,0,0,0.00047715019900351763,0,0,0.7435544729232788,1,SPEC
201803696,Austin Riggs,2018,LS,0.7297,53.5593,1,0.6826217770576477,1,1,0.05171668529510498,0,0,0.0013641086407005787,0,1,0.6826217770576477,1,SPEC
201803724,Jac Casasante,2018,LS,0.7197,53.0912,1,0.4409685432910919,0,1,0.5929036140441895,1,0,0.0011399817885830998,0,1,0.4409685432910919,0,SPEC
201803753,Clayton Stewart,2018,K,0.7197,51.9015,1,0.9104901552200317,1,1,0.7142786383628845,1,0,0.025387493893504143,0,1,0.9104901552200317,1,SPEC
201803768,Matthew Trickett,2018,K,0.7097,76.5807,1,0.5044910311698914,1,1,0.7918614745140076,1,0,0.0011473747435957193,0,1,0.5044910311698914,1,SPEC
201901335,Will Reichard,2019,K,0.8456,83.5944,1,0.9791082739830017,1,1,0.839975118637085,1,1,0.8616545796394348,1,1,0.9791082739830017,1,SPEC
201901499,Jay Bramblett,2019,P,0.8378,62.3986,1,0.9757083058357239,1,1,0.9675899147987366,1,0,0.025183875113725662,0,1,0.9757083058357239,1,SPEC
201901590,Ryan Sanborn,2019,P,0.8356,67.2516,1,0.9932202100753784,1,1,0.8957993984222412,1,0,0.0014575835084542632,0,1,0.9932202100753784,1,SPEC
201901591,Caden Davis,2019,K,0.8356,73.1674,1,0.9708392024040222,1,1,0.8289793133735657,1,0,0.18903028964996338,0,1,0.9708392024040222,1,SPEC
201901623,Kolton McGhee,2019,K,0.8337,26.5023,1,0.934762179851532,1,0,0.9117957949638367,1,0,0.1291489154100418,0,1,0.934762179851532,1,SPEC
201901665,Austin McNamara,2019,P,0.8326,60.7513,1,0.9735748171806335,1,1,0.8648812770843506,1,0,0.00973758939653635,0,1,0.9735748171806335,1,SPEC
201901728,Cade York,2019,K,0.8311,79.7298,1,0.9967083930969238,1,1,0.7046833634376526,1,0,0.033839140087366104,0,1,0.9967083930969238,1,SPEC
201901778,Aidan Swanson,2019,P,0.83,58.0055,1,0.9598638415336609,1,1,0.9119712710380554,1,0,0.016873328015208244,0,1,0.9598638415336609,1,SPEC
201901779,Camden Lewis,2019,K,0.83,79.3437,1,0.9493313431739807,1,1,0.8767964243888855,1,0,0.219868004322052,0,1,0.9493313431739807,1,SPEC
201901861,Tim Horn,2019,K,0.8259,54.6339,1,0.8702176213264465,1,1,0.6270520091056824,1,0,0.03418949618935585,0,1,0.8702176213264465,1,SPEC
201901862,Brooks Cormier,2019,P,0.8259,46.7478,1,0.6903125643730164,1,0,0.1697521209716797,0,0,0.0021986491046845913,0,1,0.6903125643730164,1,SPEC
201901893,Tom Hutton,2019,P,0.825,57.935,1,0.9959879517555237,1,1,0.870110809803009,1,0,0.001003903103992343,0,1,0.9959879517555237,1,SPEC
201901894,Blake Wilcox,2019,P,0.825,0.0,0,0.9703009724617004,1,0,0.6299250721931458,1,0,0.0021986491046845913,0,0,0.9703009724617004,1,SPEC
201901910,Ivan Mora,2019,K,0.8237,59.4389,1,0.965311586856842,1,1,0.7467173933982849,1,0,0.13674794137477875,0,1,0.965311586856842,1,SPEC
201902050,Patrick Szczesniak,2019,LS,0.82,0.0,0,0.9750636219978333,1,0,0.7084641456604004,1,0,0.0027849783655256033,0,0,0.9750636219978333,1,SPEC
201902085,Alan Orona,2019,K,0.8167,29.4662,1,0.9376830458641052,1,0,0.6983078122138977,1,0,0.036398544907569885,0,1,0.9376830458641052,1,SPEC
201902113,Cory Munson,2019,K,0.8159,57.5683,1,0.986287534236908,1,1,0.937870979309082,1,0,0.22937706112861633,0,1,0.986287534236908,1,SPEC
201902115,Michael Lantz,2019,K,0.8159,70.1835,1,0.9244254231452942,1,1,0.834804892539978,1,0,0.004448436666280031,0,1,0.9244254231452942,1,SPEC
201902175,Jack Bouwmeester,2019,P,0.8141,59.2897,1,0.973047137260437,1,1,0.478354275226593,0,0,0.0038970469031482935,0,1,0.973047137260437,1,SPEC
201902222,Charlie Ham,2019,K,0.8115,66.3538,1,0.8399944305419922,1,1,0.5955712795257568,1,0,0.04603256285190582,0,1,0.8399944305419922,1,SPEC
201902290,Porter Wilson,2019,P,0.8104,57.0014,1,0.7762772440910339,1,1,0.17454029619693756,0,0,0.001087060198187828,0,1,0.7762772440910339,1,SPEC
201902362,Ryan Fitzgerald,2019,K,0.8093,78.631,1,0.8925530314445496,1,1,0.8108441233634949,1,0,0.0011703148484230042,0,1,0.8925530314445496,1,SPEC
201902372,Garin Boniol,2019,K,0.8081,0.0,0,0.8911023736000061,1,0,0.8268624544143677,1,0,0.0005224984488449991,0,0,0.8911023736000061,1,SPEC
201902374,Simon Samarzich,2019,LS,0.807,51.7325,1,0.9316902160644531,1,1,0.6319276690483093,1,0,0.001294395187869668,0,1,0.9316902160644531,1,SPEC
201902471,Harrison Leonard,2019,K,0.8033,23.5141,1,0.916157066822052,1,0,0.8455706834793091,1,0,0.002874941099435091,0,1,0.916157066822052,1,SPEC
201902478,Kyle Ostendorp,2019,P,0.8026,56.6966,1,0.9286708831787109,1,1,0.7684378027915955,1,0,0.0024712602607905865,0,1,0.9286708831787109,1,SPEC
201902504,Daniel Obarski,2019,K,0.8015,62.9999,1,0.9608504772186279,1,1,0.8906522393226624,1,0,0.05522005259990692,0,1,0.9608504772186279,1,SPEC
201902650,Ryan Hanson,2019,P,0.8,57.3609,1,0.9744282364845276,1,1,0.5864348411560059,1,0,0.0013792462414130569,0,1,0.9744282364845276,1,SPEC
201902674,Ben Lennon,2019,P,0.8,45.9007,1,0.9803373217582703,1,0,0.9206286668777466,1,0,0.01968596875667572,0,1,0.9803373217582703,1,SPEC
201902707,Evan Morris,2019,P,0.7983,0.0,0,0.9803751111030579,1,0,0.835704505443573,1,0,0.0011145183816552162,0,0,0.9803751111030579,1,SPEC
201902712,Ben Kiernan,2019,P,0.7974,58.0584,1,0.8927696347236633,1,1,0.6920358538627625,1,0,0.0006417037802748382,0,1,0.8927696347236633,1,SPEC
201902713,Andrew Stein,2019,K,0.7974,64.9604,1,0.9787421226501465,1,1,0.8641557693481445,1,0,0.008298424072563648,0,1,0.9787421226501465,1,SPEC
201902714,Lucas Dean,2019,P,0.7974,58.3963,1,0.8684574961662292,1,1,0.8370278477668762,1,0,0.00863714050501585,0,1,0.8684574961662292,1,SPEC
201902750,Evan Davis,2019,K,0.7956,59.1785,1,0.985744297504425,1,1,0.9321485757827759,1,0,0.0012312938924878836,0,1,0.985744297504425,1,SPEC
201902773,Tristian Vandenberg,2019,K,0.7956,54.2839,1,0.22830021381378174,0,1,0.45382359623908997,0,0,0.014561591669917107,0,1,0.22830021381378174,0,SPEC
201902774,Patrick Nations,2019,K,0.7952,0.0,0,0.9812510013580322,1,0,0.9739909172058105,1,0,0.019371487200260162,0,0,0.9812510013580322,1,SPEC
201902775,Jacob Barnes,2019,K,0.7952,69.6678,1,0.6858101487159729,1,1,0.8384209871292114,1,0,0.0022658815141767263,0,1,0.6858101487159729,1,SPEC
201902776,Brady Weeks,2019,LS,0.7944,51.4258,1,0.951845109462738,1,1,0.5095086097717285,1,0,0.0014026672579348087,0,1,0.951845109462738,1,SPEC
201902833,Gavin Wale,2019,P,0.7933,0.0,0,0.9787388443946838,1,0,0.6654821038246155,1,0,0.0009459890425205231,0,0,0.9787388443946838,1,SPEC
201902834,Quentin Skinner,2019,LS,0.7922,55.5861,1,0.9224439859390259,1,1,0.8948743939399719,1,0,0.00128936639521271,0,1,0.9224439859390259,1,SPEC
201902838,Alex Herrera,2019,K,0.7917,65.9561,1,0.6406943798065186,1,1,0.6008850932121277,1,0,0.0005122500588186085,0,1,0.6406943798065186,1,SPEC
201903016,Noah Rauschenberg,2019,K,0.7896,56.195,1,0.6522955298423767,1,1,0.562451958656311,1,0,0.36784183979034424,0,1,0.6522955298423767,1,SPEC
201903051,Brodie Williams,2019,LS,0.7894,0.0,0,0.6457197070121765,1,0,0.22881190478801727,0,0,0.0020417366176843643,0,0,0.6457197070121765,1,SPEC
201903104,Kyle Romenick,2019,P,0.7878,30.2298,1,0.6483012437820435,1,0,0.3053252696990967,0,0,0.0008554672822356224,0,1,0.6483012437820435,1,SPEC
201903105,Jared Wheatley,2019,P,0.7867,38.2254,1,0.8718891143798828,1,0,0.7954906225204468,1,0,0.001140286447480321,0,1,0.8718891143798828,1,SPEC
201903108,Kyle Ramsey,2019,K,0.7867,50.37,1,0.930270791053772,1,1,0.5982478260993958,1,0,0.011176212690770626,0,1,0.930270791053772,1,SPEC
201903109,Matt Quinn,2019,K,0.7867,68.6017,1,0.9039278030395508,1,1,0.6549364924430847,1,0,0.004229950252920389,0,1,0.9039278030395508,1,SPEC
201903214,Leighton Bechdel,2019,P,0.7833,0.0,0,0.9636414647102356,1,0,0.8215894103050232,1,0,0.00454184552654624,0,0,0.9636414647102356,1,SPEC
201903215,Joe Shimko,2019,LS,0.7822,57.6204,1,0.899383008480072,1,1,0.38315314054489136,0,0,0.001348353223875165,0,1,0.899383008480072,1,SPEC
201903367,Nicholas Barr-Mira,2019,K,0.78,71.7227,1,0.6959152817726135,1,1,0.806494951248169,1,0,0.0058268229477107525,0,1,0.6959152817726135,1,SPEC
201903426,Sean Wracher,2019,LS,0.7789,52.8893,1,0.8370856642723083,1,1,0.529589831829071,1,0,0.0005564889288507402,0,1,0.8370856642723083,1,SPEC
201903453,Brandon Talton,2019,K,0.7778,70.1024,1,0.9734818339347839,1,1,0.94016033411026,1,0,0.0028788887429982424,0,1,0.9734818339347839,1,SPEC
201903455,Drew Little,2019,LS,0.7756,59.5891,1,0.8753758072853088,1,1,0.7146093845367432,1,0,0.009483433328568935,0,1,0.8753758072853088,1,SPEC
201903460,Mitchell Harralson,2019,LS,0.7756,0.0,0,0.872734785079956,1,0,0.4062664806842804,0,0,0.015927640721201897,0,0,0.872734785079956,1,SPEC
201903461,Tyler Shaw,2019,LS,0.7756,0.0,0,0.5503968596458435,1,0,0.21171800792217255,0,0,0.0011944518191739917,0,0,0.5503968596458435,1,SPEC
201903483,Aiden Kneller,2019,LS,0.7744,0.0,0,0.7746803164482117,1,0,0.3677123486995697,0,0,0.0005451139877550304,0,0,0.7746803164482117,1,SPEC
201903506,Pierce Callister,2019,P,0.7733,25.5291,1,0.7848702073097229,1,0,0.6141030788421631,1,0,0.0009347221348434687,0,1,0.7848702073097229,1,SPEC
201903580,Charles Bein,2019,P,0.77,38.9905,1,0.8298666477203369,1,0,0.8249379992485046,1,0,0.003832062939181924,0,1,0.8298666477203369,1,SPEC
201903715,Jesse Vasquez,2019,LS,0.7667,0.0,0,0.8979620337486267,1,0,0.15392909944057465,0,0,0.0009983633644878864,0,0,0.8979620337486267,1,SPEC
201903720,Evan Davis,2019,LS,0.7644,53.6063,1,0.830475926399231,1,1,0.8227181434631348,1,0,0.0007588348817080259,0,1,0.830475926399231,1,SPEC
201903819,Jack Landherr,2019,LS,0.76,52.2863,1,0.9216098189353943,1,1,0.8042376637458801,1,0,0.0016271655913442373,0,1,0.9216098189353943,1,SPEC
201903873,Christian Johnstone,2019,LS,0.7583,57.9526,1,0.9185113310813904,1,1,0.8856397867202759,1,0,0.00184290308970958,0,1,0.9185113310813904,1,SPEC
201903874,Brad George,2019,LS,0.7583,44.3875,1,0.8244417309761047,1,0,0.5812581181526184,1,0,0.001202870043925941,0,1,0.8244417309761047,1,SPEC
201903875,Mark Ramos,2019,K,0.7583,0.0,0,0.3418132960796356,0,0,0.6835557222366333,1,0,0.0017489992314949632,0,0,0.3418132960796356,0,SPEC
201903877,Luke Elzinga,2019,P,0.7583,58.4859,1,0.9018796682357788,1,1,0.5579692721366882,1,0,0.0013022597413510084,0,1,0.9018796682357788,1,SPEC
201903878,Grant Paulette,2019,K,0.7583,0.0,0,0.7187258005142212,1,0,0.24104882776737213,0,0,0.0008464314159937203,0,0,0.7187258005142212,1,SPEC
201903879,Tony Trabold,2019,K,0.7583,0.0,0,0.7733725309371948,1,0,0.9314044117927551,1,0,0.0020553069189190865,0,0,0.7733725309371948,1,SPEC
201903880,Caleb Richwine,2019,K,0.7583,0.0,0,0.5200813412666321,1,0,0.37144193053245544,0,0,0.053233347833156586,0,0,0.5200813412666321,1,SPEC
201903881,Noah Karwacki,2019,K,0.7583,0.0,0,0.4271458387374878,0,0,0.42391127347946167,0,0,0.0024347351863980293,0,0,0.4271458387374878,0,SPEC
201903883,John Haggerty,2019,P,0.7533,51.9937,1,0.9378852844238281,1,1,0.8480978608131409,1,0,0.0017440958181396127,0,1,0.9378852844238281,1,SPEC
201903884,Michael Hayes,2019,K,0.7533,61.9455,1,0.5737089514732361,1,1,0.10141479969024658,0,0,0.01679164543747902,0,1,0.5737089514732361,1,SPEC
201903928,Parker Colburn,2019,K,0.75,0.0,0,0.4159826636314392,0,0,0.20514413714408875,0,0,0.0005122500588186085,0,0,0.4159826636314392,0,SPEC
201903960,Jack Brooks,2019,P,0.75,54.4586,1,0.9282757639884949,1,1,0.7656081914901733,1,0,0.002351342933252454,0,1,0.9282757639884949,1,SPEC
201903968,Charlie Mendes,2019,P,0.75,43.2926,1,0.8564201593399048,1,0,0.4684060513973236,0,0,0.02026783861219883,0,1,0.8564201593399048,1,SPEC
201903975,Jacob Borcila,2019,K,0.75,70.9886,1,0.8436156511306763,1,1,0.07015088200569153,0,0,0.013825231231749058,0,1,0.8436156511306763,1,SPEC
201903981,Austin Rychlik,2019,K,0.7433,0.0,0,0.9388518929481506,1,0,0.3549251854419708,0,0,0.004643055610358715,0,0,0.9388518929481506,1,SPEC
201903990,Alan Kervin,2019,P,0.74,0.0,0,0.6503888368606567,1,0,0.791304349899292,1,0,0.006397325545549393,0,0,0.6503888368606567,1,SPEC
201903997,Seth Glausier,2019,LS,0.74,52.6569,1,0.6581551432609558,1,1,0.14790616929531097,0,0,0.0005451139877550304,0,1,0.6581551432609558,1,SPEC
201904001,Diego Guajardo,2019,K,0.74,67.5346,1,0.5170932412147522,1,1,0.6401441097259521,1,0,0.002261681016534567,0,1,0.5170932412147522,1,SPEC
202001330,Joshua Karty,2020,K,0.8467,77.4859,1,0.9949182868003845,1,1,0.9051250219345093,1,0,0.2683243751525879,0,1,0.9949182868003845,1,SPEC
202001400,Jake Seibert,2020,K,0.8444,39.9877,1,0.9194045066833496,1,0,0.9091759324073792,1,0,0.04560554027557373,0,1,0.9194045066833496,1,SPEC
202001695,Luke Akers,2020,K,0.8356,60.1426,1,0.9211075901985168,1,1,0.8722851872444153,1,0,0.013696863315999508,0,1,0.9211075901985168,1,SPEC
202001718,Jack Olsen,2020,K,0.8344,70.022,1,0.9621472954750061,1,1,0.8080781102180481,1,0,0.02844451181590557,0,1,0.9621472954750061,1,SPEC
202001898,Jared Zirkel,2020,K,0.83,52.595,1,0.9871100187301636,1,1,0.935634195804596,1,0,0.21145732700824738,0,1,0.9871100187301636,1,SPEC
202002036,Josh Watts,2020,P,0.825,46.6526,1,0.9975772500038147,1,0,0.981966495513916,1,0,0.010166586376726627,0,1,0.9975772500038147,1,SPEC
202002064,Brock Travelstead,2020,K,0.8237,71.0329,1,0.9306720495223999,1,1,0.7709389925003052,1,0,0.15133121609687805,0,1,0.9306720495223999,1,SPEC
202002089,Kai Kroeger,2020,P,0.8226,61.5873,1,0.9650986790657043,1,1,0.888688325881958,1,0,0.01286415383219719,0,1,0.9650986790657043,1,SPEC
202002093,Parker Lewis,2020,K,0.8222,66.6162,1,0.9876634478569031,1,1,0.9776827692985535,1,0,0.03350025415420532,0,1,0.9876634478569031,1,SPEC
202002132,Harrison Mevis,2020,K,0.8211,91.098,1,0.9803441762924194,1,1,0.8476058840751648,1,1,0.010833041742444038,0,1,0.9803441762924194,1,SPEC
202002225,James Williams,2020,K,0.82,33.5605,1,0.9439190030097961,1,0,0.9365904331207275,1,0,0.18604905903339386,0,1,0.9439190030097961,1,SPEC
202002664,Jamieson Sheahan,2020,P,0.807,50.5229,1,0.9515047073364258,1,1,0.9223670363426208,1,0,0.0015365952858701348,0,1,0.9515047073364258,1,SPEC
202002690,Alex Peitsch,2020,LS,0.8059,0.0,0,0.5114113092422485,1,0,0.5318547487258911,1,0,0.0031996779143810272,0,0,0.5114113092422485,1,SPEC
202002730,Fabrizio Pinton,2020,K,0.805,57.7423,1,0.9649297595024109,1,1,0.7794724702835083,1,0,0.014000354334712029,0,1,0.9649297595024109,1,SPEC
202002731,Mark Crawford,2020,P,0.805,59.6457,1,0.9683577418327332,1,1,0.6175824999809265,1,0,0.0016626984579488635,0,1,0.9683577418327332,1,SPEC
202002744,Tyler Loop,2020,K,0.8037,76.9297,1,0.9569353461265564,1,1,0.6102635264396667,1,0,0.004187915474176407,0,1,0.9569353461265564,1,SPEC
202002750,Jack Van Dyke,2020,P,0.8033,48.3276,1,0.9068222045898438,1,0,0.6082647442817688,1,0,0.008085201494395733,0,1,0.9068222045898438,1,SPEC
202002769,Mitch Jeter,2020,K,0.8022,74.5635,1,0.9767982959747314,1,1,0.909226655960083,1,0,0.0032500745728611946,0,1,0.9767982959747314,1,SPEC
202002780,Sam Johnson,2020,P,0.8017,25.8903,1,0.9011269807815552,1,0,0.8808506727218628,1,0,0.002097480231896043,0,1,0.9011269807815552,1,SPEC
202002781,Chase Gabriel,2020,K,0.8015,59.7594,1,0.9291750192642212,1,1,0.6666343212127686,1,0,0.006095710210502148,0,1,0.9291750192642212,1,SPEC
202002816,Koby Hathcock,2020,LS,0.8004,51.3339,1,0.987275242805481,1,1,0.7920073866844177,1,0,0.006280981935560703,0,1,0.987275242805481,1,SPEC
202002900,Dragan Kesich,2020,K,0.8,71.0773,1,0.5326843857765198,1,1,0.1748698353767395,0,0,0.030091144144535065,0,1,0.5326843857765198,1,SPEC
202002950,Michael Munoz,2020,LS,0.8,0.0,0,0.6599448919296265,1,0,0.3359823226928711,0,0,0.001984409522265196,0,0,0.6599448919296265,1,SPEC
202002985,Everett Ornstein,2020,K,0.8,31.897,1,0.9828238487243652,1,0,0.7878630757331848,1,0,0.004270218778401613,0,1,0.9828238487243652,1,SPEC
202002986,Aidan Martin,2020,K,0.8,0.0,0,0.8509209156036377,1,0,0.5421015024185181,1,0,0.014870031736791134,0,0,0.8509209156036377,1,SPEC
202002987,Zach Schmit,2020,K,0.8,74.9696,1,0.9083624482154846,1,1,0.8383710980415344,1,0,0.009031509049236774,0,1,0.9083624482154846,1,SPEC
202002988,Hunter Renner,2020,P,0.8,53.4967,1,0.9200600385665894,1,1,0.7017335891723633,1,0,0.000595061865169555,0,1,0.9200600385665894,1,SPEC
202002990,Ben Sauls,2020,K,0.7996,71.9644,1,0.9277554750442505,1,1,0.9274786114692688,1,0,0.0022045180667191744,0,1,0.9277554750442505,1,SPEC
202003011,Jeremy Crawshaw,2020,P,0.7978,60.3565,1,0.8864064812660217,1,1,0.8842882513999939,1,0,0.004734760150313377,0,1,0.8864064812660217,1,SPEC
202003059,Luke Larsen,2020,P,0.7956,54.602,1,0.5915550589561462,1,1,0.8413500189781189,1,0,0.001237289747223258,0,1,0.5915550589561462,1,SPEC
202003061,Chris Freeman,2020,K,0.795,69.1766,1,0.9506005644798279,1,1,0.7380260229110718,1,0,0.01275775209069252,0,1,0.9506005644798279,1,SPEC
202003062,Cameron Guess,2020,P,0.795,41.8215,1,0.7716073989868164,1,0,0.5522958636283875,1,0,0.003443394787609577,0,1,0.7716073989868164,1,SPEC
202003063,Charlie Pollack,2020,P,0.795,0.0,0,0.9589588642120361,1,0,0.8872425556182861,1,0,0.0005481259431689978,0,0,0.9589588642120361,1,SPEC
202003091,Alex Mastromanno,2020,P,0.7922,69.5907,1,0.564364492893219,1,1,0.5110869407653809,1,0,0.0019648419693112373,0,1,0.564364492893219,1,SPEC
202003113,Jaden Green,2020,LS,0.7904,56.3948,1,0.996033251285553,1,1,0.617117166519165,1,0,0.003712760517373681,0,1,0.996033251285553,1,SPEC
202003140,Blake Glessner,2020,K,0.79,45.086,1,0.8553922176361084,1,0,0.5491126775741577,1,0,0.03132011368870735,0,1,0.8553922176361084,1,SPEC
202003250,Matthew Shipley,2020,P,0.79,73.0009,1,0.8222881555557251,1,1,0.5117114186286926,1,0,0.0006017370033077896,0,1,0.8222881555557251,1,SPEC
202003284,Gavin Meyers,2020,P,0.79,43.1001,1,0.7087916135787964,1,0,0.2087150365114212,0,0,0.0003896859707310796,0,1,0.7087916135787964,1,SPEC
202003297,RJ Lopez,2020,K,0.79,56.6293,1,0.796024739742279,1,1,0.572202205657959,1,0,0.0056795645505189896,0,1,0.796024739742279,1,SPEC
202003298,Ian Williams,2020,K,0.79,0.0,0,0.6718747019767761,1,0,0.745155930519104,1,0,0.017083724960684776,0,0,0.6718747019767761,1,SPEC
202003299,Ryan Marks,2020,P,0.79,42.1156,1,0.9648638367652893,1,0,0.28660857677459717,0,0,0.0017559862462803721,0,1,0.9648638367652893,1,SPEC
202003300,Levi Forrest,2020,P,0.79,0.0,0,0.8398281335830688,1,0,0.3098987638950348,0,0,0.004401065409183502,0,0,0.8398281335830688,1,SPEC
202003352,Kameron Hawkins,2020,LS,0.787,44.3034,1,0.6668692827224731,1,0,0.5731614232063293,1,0,0.001301875221543014,0,1,0.6668692827224731,1,SPEC
202003375,Jacob Zuhr,2020,LS,0.7837,48.6212,1,0.8676677942276001,1,0,0.5970333218574524,1,0,0.0013398947194218636,0,1,0.8676677942276001,1,SPEC
202003388,Bailey Parsons,2020,LS,0.7833,51.3492,1,0.587155818939209,1,1,0.6368255615234375,1,0,0.0010657502571120858,0,1,0.587155818939209,1,SPEC
202003594,Will Albright,2020,LS,0.7733,0.0,0,0.7108376026153564,1,0,0.3767111003398895,0,0,0.0005704304203391075,0,0,0.7108376026153564,1,SPEC
202003595,Jacob Garcia,2020,LS,0.7717,52.8272,1,0.5539592504501343,1,1,0.34930771589279175,0,0,0.0013029781403020024,0,1,0.5539592504501343,1,SPEC
202003686,Reis Vernon,2020,P,0.77,54.2522,1,0.8434000015258789,1,1,0.6223149299621582,1,0,0.001195380580611527,0,1,0.8434000015258789,1,SPEC
202003699,Wesley Schelling,2020,LS,0.77,52.7343,1,0.8336513042449951,1,1,0.355739563703537,0,0,0.0015014874516054988,0,1,0.8336513042449951,1,SPEC
202003753,Kellen Grave de Peralta,2020,K,0.7606,31.4476,1,0.7657422423362732,1,0,0.13290205597877502,0,0,0.00565366679802537,0,1,0.7657422423362732,1,SPEC
202003829,Nick Barcelos,2020,LS,0.7594,55.7989,1,0.6023595929145813,1,1,0.1909322291612625,0,0,0.0005704304203391075,0,1,0.6023595929145813,1,SPEC
202003836,Stephen Kotsanlee,2020,P,0.7533,55.6841,1,0.9793029427528381,1,1,0.7316268682479858,1,0,0.002626783447340131,0,1,0.9793029427528381,1,SPEC
202003865,Joey Rouly,2020,K,0.75,0.0,0,0.29436343908309937,0,0,0.17285758256912231,0,0,0.0010513990418985486,0,0,0.29436343908309937,0,SPEC
202003866,Charlton Butt,2020,P,0.75,28.1624,1,0.9676421880722046,1,0,0.6661114692687988,1,0,0.0017015800112858415,0,1,0.9676421880722046,1,SPEC
202003867,Adam Heston,2020,P,0.75,0.0,0,0.7428224086761475,1,0,0.3854004740715027,0,0,0.008016342297196388,0,0,0.7428224086761475,1,SPEC
202003870,Dylan Lewis,2020,K,0.75,33.8413,1,0.864764392375946,1,0,0.5237454771995544,1,0,0.004125104285776615,0,1,0.864764392375946,1,SPEC
202003880,Tyler Tipton,2020,K,0.74,41.2786,1,0.7363285422325134,1,0,0.4382149279117584,0,0,0.0008464314159937203,0,1,0.7363285422325134,1,SPEC
202003881,Jack Wilson,2020,P,0.74,53.8418,1,0.9802688956260681,1,1,0.8460133075714111,1,0,0.0024978111032396555,0,1,0.9802688956260681,1,SPEC
202003882,Lucas Borrow,2020,P,0.74,52.0399,1,0.9208234548568726,1,1,0.7078260183334351,1,0,0.003508384572342038,0,1,0.9208234548568726,1,SPEC
202003885,Peyton Knight,2020,LS,0.74,0.0,0,0.8463605642318726,1,0,0.5283164978027344,1,0,0.0012147942325100303,0,0,0.8463605642318726,1,SPEC
202003886,Valen Penn,2020,LS,0.74,0.0,0,0.6460158824920654,1,0,0.16317854821681976,0,0,0.0009059784933924675,0,0,0.6460158824920654,1,SPEC
202003887,Josh Smith,2020,P,0.74,55.4557,1,0.9360277652740479,1,1,0.7893421053886414,1,0,0.002090062713250518,0,1,0.9360277652740479,1,SPEC
202003889,Angelo Tejada,2020,LS,0.74,45.9329,1,0.6978739500045776,1,0,0.21217408776283264,0,0,0.002360925078392029,0,1,0.6978739500045776,1,SPEC
202003892,Ethan Duane,2020,P,0.73,55.5371,1,0.9832353591918945,1,1,0.9763756990432739,1,0,0.0006777637172490358,0,1,0.9832353591918945,1,SPEC
202101505,Peyton Todd,2021,P,0.8389,45.658,1,0.9585832357406616,1,0,0.8238447308540344,1,0,0.0026660782750695944,0,1,0.9585832357406616,1,SPEC
202101533,Cam Little,2021,K,0.8378,78.519,1,0.899941086769104,1,1,0.9762543439865112,1,0,0.025745747610926628,0,1,0.899941086769104,1,SPEC
202101605,Tommy Doman,2021,P,0.8356,58.4142,1,0.9812543392181396,1,1,0.967646062374115,1,0,0.0021189081016927958,0,1,0.9812543392181396,1,SPEC
202101626,Sander Sahaydak,2021,K,0.8344,48.5286,1,0.978095531463623,1,0,0.8842169642448425,1,0,0.0823114812374115,0,1,0.978095531463623,1,SPEC
202101669,Andres Borregales,2021,K,0.8333,81.0426,1,0.9760840535163879,1,1,0.890994668006897,1,1,0.6186127066612244,1,1,0.9760840535163879,1,SPEC
202101887,Joe McFadden,2021,K,0.8256,65.5976,1,0.9328838586807251,1,1,0.9032504558563232,1,0,0.3441397547721863,0,1,0.9328838586807251,1,SPEC
202101888,Connor Lytton,2021,K,0.8256,63.5778,1,0.917231023311615,1,1,0.7550154328346252,1,0,0.03257952257990837,0,1,0.917231023311615,1,SPEC
202101892,Mason Fletcher,2021,P,0.825,57.603,1,0.9640956521034241,1,1,0.6348769068717957,1,0,0.0018751489697024226,0,1,0.9640956521034241,1,SPEC
202101951,Josh Bryan,2021,K,0.8226,0.0,0,0.9349851012229919,1,0,0.8503483533859253,1,0,0.19035881757736206,0,0,0.9349851012229919,1,SPEC
202101952,Connor Weselman,2021,P,0.8226,56.3614,1,0.9488986730575562,1,1,0.6710737347602844,1,0,0.02096768468618393,0,1,0.9488986730575562,1,SPEC
202101978,Caden Costa,2021,K,0.8211,62.2679,1,0.968093752861023,1,1,0.9348936080932617,1,0,0.06871318072080612,0,1,0.968093752861023,1,SPEC
202102011,Jesse Mirco,2021,P,0.8204,60.2202,1,0.9953573346138,1,1,0.9776684045791626,1,0,0.005033507477492094,0,1,0.9953573346138,1,SPEC
202102012,Isaac Pearson,2021,P,0.8204,45.6418,1,0.884057343006134,1,0,0.6448315382003784,1,0,0.012109343893826008,0,1,0.884057343006134,1,SPEC
202102014,David Kemp,2021,K,0.8204,53.6377,1,0.7897876501083374,1,1,0.9149206280708313,1,0,0.010451391339302063,0,1,0.7897876501083374,1,SPEC
202102021,Mark Vassett,2021,P,0.82,58.8662,1,0.9715008735656738,1,1,0.38861867785453796,0,0,0.007551053538918495,0,1,0.9715008735656738,1,SPEC
202102083,David Shanahan,2021,P,0.817,58.8115,1,0.9953495860099792,1,1,0.9385005831718445,1,0,0.001012673368677497,0,1,0.9953495860099792,1,SPEC
202102126,Kriston Esnard,2021,K,0.8152,54.0782,1,0.6829318404197693,1,1,0.7196062207221985,1,0,0.10648009181022644,0,1,0.6829318404197693,1,SPEC
202102135,Brendan Hall,2021,K,0.8148,39.1394,1,0.5828976035118103,1,0,0.595616340637207,1,0,0.06172163411974907,0,1,0.5828976035118103,1,SPEC
202102173,Brenden Segovia,2021,P,0.8133,27.4314,1,0.8823399543762207,1,0,0.4029686450958252,0,0,0.04632095992565155,0,1,0.8823399543762207,1,SPEC
202102183,Cole Becker,2021,K,0.813,76.1658,1,0.4722718596458435,0,1,0.7178043723106384,1,0,0.05163237452507019,0,1,0.4722718596458435,0,SPEC
202102312,Eddie Czaplicki,2021,K,0.8067,61.629,1,0.8495742678642273,1,1,0.9386606216430664,1,0,0.0028515823651105165,0,1,0.8495742678642273,1,SPEC
202102334,Andrew Stokes,2021,P,0.8063,54.874,1,0.6903805732727051,1,1,0.5847241282463074,1,0,0.0022159996442496777,0,1,0.6903805732727051,1,SPEC
202102394,Jack Tannehill,2021,K,0.8026,0.0,0,0.9676982164382935,1,0,0.9170413017272949,1,0,0.005113192833960056,0,0,0.9676982164382935,1,SPEC
202102400,Matthew Dennis,2021,K,0.8022,71.212,1,0.9622388482093811,1,1,0.7538666129112244,1,0,0.006642317399382591,0,1,0.9622388482093811,1,SPEC
202102403,Nick Haberer,2021,P,0.8022,58.6301,1,0.9817826151847839,1,1,0.9004532694816589,1,0,0.002135384827852249,0,1,0.9817826151847839,1,SPEC
202102404,Wilson Berry,2021,P,0.8022,54.7298,1,0.9901285767555237,1,1,0.8608052134513855,1,0,0.0016459948383271694,0,1,0.9901285767555237,1,SPEC
202102411,Hank Pepper,2021,LS,0.8019,57.0184,1,0.9573037028312683,1,1,0.7013826370239258,1,0,0.0033407118171453476,0,1,0.9573037028312683,1,SPEC
202102445,Ashton Logan,2021,P,0.8,39.723,1,0.8197352886199951,1,0,0.3004363477230072,0,0,0.01106000691652298,0,1,0.8197352886199951,1,SPEC
202102464,James Evans,2021,P,0.7989,59.197,1,0.916015625,1,1,0.42666831612586975,0,0,0.0016444111242890358,0,1,0.916015625,1,SPEC
202102475,Mitchell Tomasek,2021,K,0.7983,53.3249,1,0.7241973280906677,1,1,0.706092894077301,1,0,0.007289308588951826,0,1,0.7241973280906677,1,SPEC
202102490,Jackson Ray,2021,P,0.7967,0.0,0,0.9912324547767639,1,0,0.9836134910583496,1,0,0.001633829320780933,0,0,0.9912324547767639,1,SPEC
202102524,John McConnell,2021,P,0.7944,49.037,1,0.6656343936920166,1,0,0.7515570521354675,1,0,0.0007227940368466079,0,1,0.6656343936920166,1,SPEC
202102547,Michael Hughes,2021,K,0.7933,65.0123,1,0.893757700920105,1,1,0.4264795482158661,0,0,0.03743600845336914,0,1,0.893757700920105,1,SPEC
202102588,Zack Taylor,2021,LS,0.7889,0.0,0,0.6718853116035461,1,0,0.33127889037132263,0,0,0.0005571048241108656,0,0,0.6718853116035461,1,SPEC
202102599,Zane Smith,2021,P,0.7867,0.0,0,0.9162815809249878,1,0,0.2792690694332123,0,0,0.0011037467047572136,0,0,0.9162815809249878,1,SPEC
202102616,Collyn Hopkins,2021,K,0.7844,0.0,0,0.7863198518753052,1,0,0.766623318195343,1,0,0.013565205037593842,0,0,0.7863198518753052,1,SPEC
202102709,Casey Magyar,2021,K,0.7633,0.0,0,0.8901662230491638,1,0,0.3681071102619171,0,0,0.0029772750567644835,0,0,0.8901662230491638,1,SPEC
202102710,Benjamin Lisk,2021,LS,0.7633,49.4286,1,0.8663108944892883,1,0,0.5279847979545593,1,0,0.01154236774891615,0,1,0.8663108944892883,1,SPEC
202102713,Jake Marion,2021,K,0.7583,0.0,0,0.6519798040390015,1,0,0.36221081018447876,0,0,0.006095710210502148,0,0,0.6519798040390015,1,SPEC
202102716,Britton Williams,2021,K,0.7533,47.7998,1,0.3005680441856384,0,0,0.09410855174064636,0,0,0.0015572202391922474,0,1,0.3005680441856384,0,SPEC
202102717,Tanner Luther,2021,K,0.7533,0.0,0,0.7370167374610901,1,0,0.4155099093914032,0,0,0.007190805394202471,0,0,0.7370167374610901,1,SPEC
202102718,Zach Zoglio,2021,LS,0.7533,0.0,0,0.7522231936454773,1,0,0.4349825084209442,0,0,0.00128936639521271,0,0,0.7522231936454773,1,SPEC
202201537,Alex McPherson,2022,K,0.8378,73.8065,1,0.9644935131072998,1,1,0.9852004051208496,1,0,0.7895987033843994,1,1,0.9644935131072998,1,SPEC
202201615,Ethan Moczulski,2022,K,0.8356,53.0757,1,0.9817684888839722,1,1,0.9668447375297546,1,0,0.7341058254241943,1,1,0.9817684888839722,1,SPEC
202201724,Will Stone,2022,K,0.83,58.4321,1,0.8548197746276855,1,1,0.7419189810752869,1,0,0.012831641361117363,0,1,0.8548197746276855,1,SPEC
202201725,Will Bettridge,2022,K,0.83,79.47,1,0.9963751435279846,1,1,0.9019951224327087,1,0,0.7769469618797302,1,1,0.9963751435279846,1,SPEC
202201731,Brett Thorson,2022,P,0.8293,60.2396,1,0.9978487491607666,1,1,0.9023971557617188,1,0,0.011005409061908722,0,1,0.9978487491607666,1,SPEC
202201746,Evan Crenshaw,2022,P,0.8283,54.9222,1,0.9210008382797241,1,1,0.9057847261428833,1,0,0.0015575895085930824,0,1,0.9210008382797241,1,SPEC
202201757,Trevor Helburg,2022,K,0.8278,0.0,0,0.9977453351020813,1,0,0.9374237656593323,1,0,0.048451755195856094,0,0,0.9977453351020813,1,SPEC
202201765,Jack Stone,2022,K,0.8267,44.1683,1,0.9563062191009521,1,0,0.8524335622787476,1,0,0.05391157791018486,0,1,0.9563062191009521,1,SPEC
202201766,Nathan Dibert,2022,K,0.8267,54.0151,1,0.9810730218887329,1,1,0.8620800375938416,1,0,0.03152863308787346,0,1,0.9810730218887329,1,SPEC
202201799,Alex Bacchetta,2022,P,0.8259,49.4286,1,0.9955552220344543,1,0,0.9552275538444519,1,0,0.0043513053096830845,0,1,0.9955552220344543,1,SPEC
202201827,Carter Brown,2022,K,0.8244,66.5281,1,0.9663475751876831,1,1,0.8841751217842102,1,0,0.162696972489357,0,1,0.9663475751876831,1,SPEC
202201842,Oliver Straw,2022,P,0.8226,58.6844,1,0.8588670492172241,1,1,0.42462578415870667,0,0,0.019075768068432808,0,1,0.8588670492172241,1,SPEC
202201843,Trey Smack,2022,K,0.8226,80.8831,1,0.917456328868866,1,1,0.9463691711425781,1,1,0.01395148504525423,0,1,0.917456328868866,1,SPEC
202201849,Buck Buchanan,2022,K,0.8222,55.3744,1,0.712199866771698,1,1,0.8837015628814697,1,0,0.0045069013722240925,0,1,0.712199866771698,1,SPEC
202201850,Aidan Birr,2022,K,0.8222,77.8815,1,0.8693413734436035,1,1,0.7577496767044067,1,0,0.34856513142585754,0,1,0.8693413734436035,1,SPEC
202201857,Sam Candotti,2022,P,0.8217,51.6405,1,0.9848373532295227,1,1,0.8496411442756653,1,0,0.0017446313286200166,0,1,0.9848373532295227,1,SPEC
202201900,Max Fletcher,2022,P,0.8196,54.5701,1,0.9824337959289551,1,1,0.9297881126403809,1,0,0.004740232136100531,0,1,0.9824337959289551,1,SPEC
202201912,John Love,2022,K,0.8181,77.5828,1,0.9014220833778381,1,1,0.84403395652771,1,0,0.05779740586876869,0,1,0.9014220833778381,1,SPEC
202201919,Jackson Smith,2022,K,0.817,0.0,0,0.9756045341491699,1,0,0.8616417646408081,1,0,0.01222927775233984,0,0,0.9756045341491699,1,SPEC
202201937,Tyler Perkins,2022,P,0.8163,59.16,1,0.9713131189346313,1,1,0.7731446623802185,1,0,0.0027326582930982113,0,1,0.9713131189346313,1,SPEC
202201959,Bryce McFerson,2022,P,0.8144,55.342,1,0.9971653819084167,1,1,0.5996460914611816,1,0,0.02497749775648117,0,1,0.9971653819084167,1,SPEC
202201979,Tom Ellard,2022,P,0.8126,45.8038,1,0.9912343621253967,1,0,0.9285933971405029,1,0,0.006107931025326252,0,1,0.9912343621253967,1,SPEC
202202089,James Ferguson-Reynolds,2022,P,0.8033,57.9175,1,0.9717885255813599,1,1,0.8873098492622375,1,0,0.0005932417698204517,0,1,0.9717885255813599,1,SPEC
202202090,Sam Vander Haar,2022,P,0.8033,55.7005,1,0.9803623557090759,1,1,0.9455711245536804,1,0,0.0011249363888055086,0,1,0.9803623557090759,1,SPEC
202202118,Braeden McAlister,2022,K,0.7989,52.3017,1,0.8973271250724792,1,1,0.8066019415855408,1,0,0.0676179975271225,0,1,0.8973271250724792,1,SPEC
202202129,Jordan Doelling,2022,P,0.7978,0.0,0,0.9739176630973816,1,0,0.7692763805389404,1,0,0.0020710425451397896,0,0,0.9739176630973816,1,SPEC
202202157,Eli Stein,2022,LS,0.7911,55.1477,1,0.40058785676956177,0,1,0.3199044167995453,0,0,0.0010657502571120858,0,1,0.40058785676956177,0,SPEC
202202158,Lance St. Louis,2022,LS,0.7911,46.4777,1,0.945488691329956,1,0,0.8421946167945862,1,0,0.0010549552971497178,0,1,0.945488691329956,1,SPEC
202202170,Jackson Ross,2022,P,0.7894,55.7415,1,0.9819875359535217,1,1,0.9059740900993347,1,0,0.0007227940368466079,0,1,0.9819875359535217,1,SPEC
202202187,Rino Monteforte,2022,LS,0.7844,42.9416,1,0.6928281784057617,1,0,0.4984223246574402,0,0,0.001793172094039619,0,1,0.6928281784057617,1,SPEC
202202223,Nate Merchant,2022,LS,0.7633,39.4856,1,0.8700858950614929,1,0,0.15120014548301697,0,0,0.0013029781403020024,0,1,0.8700858950614929,1,SPEC
