player_id,name,year,position,rating,target_career_score_0_100,y_true_ge20,y_pred_prob_ge20_raw,y_pred_class_ge20_raw,y_true_ge50,y_pred_prob_ge50_raw,y_pred_class_ge50_raw,y_true_ge80,y_pred_prob_ge80_raw,y_pred_class_ge80_raw,y_true_binary,y_pred_prob_raw,y_pred_class_raw,position_group
201500829,Justin Yoon,2015,K,0.855,85.2725,1,0.9532098770141602,1,1,0.8933556079864502,1,1,0.40344512462615967,0,1,0.9532098770141602,1,SPEC
201500871,Charlie Beall,2015,K,0.8533,0.0,0,0.9653908014297485,1,0,0.8783952593803406,1,0,0.23416583240032196,0,0,0.9653908014297485,1,SPEC
201501284,Joseph Charlton,2015,P,0.8367,57.1207,1,0.9259280562400818,1,1,0.7665196657180786,1,0,0.03651374205946922,0,1,0.9259280562400818,1,SPEC
201501382,Kevin Robledo,2015,K,0.8333,63.9113,1,0.9466212391853333,1,1,0.828137993812561,1,0,0.24597421288490295,0,1,0.9466212391853333,1,SPEC
201501458,Alex Kinney,2015,P,0.8308,58.594,1,0.9692967534065247,1,1,0.8677452802658081,1,0,0.03123968467116356,0,1,0.9692967534065247,1,SPEC
201501459,Austin Seibert,2015,K,0.8308,95.7383,1,0.9509040117263794,1,1,0.8608430027961731,1,1,0.14648303389549255,0,1,0.9509040117263794,1,SPEC
201501485,Ian Shannon,2015,P,0.8294,50.9818,1,0.9037084579467773,1,1,0.7503504753112793,1,0,0.016891760751605034,0,1,0.9037084579467773,1,SPEC
201501544,Jake Bailey,2015,P,0.8261,59.7784,1,0.9194701910018921,1,1,0.6100814938545227,1,0,0.028918981552124023,0,1,0.9194701910018921,1,SPEC
201501597,Daniel LaCamera,2015,K,0.8228,74.6298,1,0.8402643799781799,1,1,0.3569374978542328,0,0,0.050024766474962234,0,1,0.8402643799781799,1,SPEC
201501724,Drew Galitz,2015,P,0.8167,56.4115,1,0.9681122899055481,1,1,0.5644744634628296,1,0,0.011975431814789772,0,1,0.9681122899055481,1,SPEC
201501778,Blake Johnson,2015,P,0.8133,46.4618,1,0.9213455319404602,1,0,0.7142298817634583,1,0,0.027795158326625824,0,1,0.9213455319404602,1,SPEC
201501791,Rodrigo Blankenship,2015,K,0.8126,93.6337,1,0.9198929667472839,1,1,0.6794320940971375,1,1,0.09756266325712204,0,1,0.9198929667472839,1,SPEC
201501793,Tommy Townsend,2015,P,0.8125,51.7018,1,0.9599272012710571,1,1,0.5697872638702393,1,0,0.025671333074569702,0,1,0.9599272012710571,1,SPEC
201501830,Sterling Hofrichter,2015,K,0.8108,62.4424,1,0.9303818941116333,1,1,0.7569678425788879,1,0,0.03095237910747528,0,1,0.9303818941116333,1,SPEC
201501831,Matt Abramo,2015,K,0.8108,0.0,0,0.9284558892250061,1,0,0.7222223281860352,1,0,0.017753753811120987,0,0,0.9284558892250061,1,SPEC
201501857,Andrew David,2015,K,0.8097,49.6968,1,0.9117957949638367,1,0,0.8206875920295715,1,0,0.03729354962706566,0,1,0.9117957949638367,1,SPEC
201501956,Stevie Artigue,2015,K,0.8056,66.125,1,0.8555133938789368,1,1,0.868607223033905,1,0,0.01870832033455372,0,1,0.8555133938789368,1,SPEC
201502038,Morgan Hagee,2015,K,0.8014,66.4989,1,0.9518679976463318,1,1,0.8075031638145447,1,0,0.025394195690751076,0,1,0.9518679976463318,1,SPEC
201502184,Joe Schopper,2015,P,0.7956,58.9576,1,0.8902753591537476,1,1,0.7242557406425476,1,0,0.007157602347433567,0,1,0.8902753591537476,1,SPEC
201502213,Corey Fatony,2015,P,0.7941,58.5219,1,0.9175937175750732,1,1,0.7187191247940063,1,0,0.008431275375187397,0,1,0.9175937175750732,1,SPEC
201502226,Jameson Vest,2015,K,0.7933,74.4324,1,0.9055184721946716,1,1,0.8647759556770325,1,0,0.010977537371218204,0,1,0.9055184721946716,1,SPEC
201502232,Louie Zervos,2015,K,0.7931,68.7426,1,0.9288657307624817,1,1,0.7695453763008118,1,0,0.021134471520781517,0,1,0.9288657307624817,1,SPEC
201502303,Chris Qualls,2015,P,0.7897,38.0906,1,0.8572263717651367,1,0,0.5560842156410217,1,0,0.00958672072738409,0,1,0.8572263717651367,1,SPEC
201502389,Parker Davidson,2015,K,0.7867,60.8714,1,0.8307613134384155,1,1,0.6738137602806091,1,0,0.01932409219443798,0,1,0.8307613134384155,1,SPEC
201502428,Liam McCullough,2015,LS,0.785,0.0,0,0.6304724216461182,1,0,0.4181682765483856,0,0,0.0041947816498577595,0,0,0.6304724216461182,1,SPEC
201502459,Jacob Herbers,2015,P,0.7833,54.9704,1,0.8597752451896667,1,1,0.5066969990730286,1,0,0.00451753381639719,0,1,0.8597752451896667,1,SPEC
201502494,Stone Wilson,2015,K,0.7817,53.6847,1,0.7859429717063904,1,1,0.532038152217865,1,0,0.014475907199084759,0,1,0.7859429717063904,1,SPEC
201502592,Jonathan Song,2015,K,0.7783,72.8917,1,0.8546485304832458,1,1,0.5889979004859924,1,0,0.014225741848349571,0,1,0.8546485304832458,1,SPEC
201502594,Blake Ferguson,2015,LS,0.7783,52.7653,1,0.6904863715171814,1,1,0.724407434463501,1,0,0.003967462107539177,0,1,0.6904863715171814,1,SPEC
201502686,Josh Growden,2015,P,0.7744,57.6552,1,0.6447738409042358,1,1,0.37740635871887207,0,0,0.005109395831823349,0,1,0.6447738409042358,1,SPEC
201502690,A.J. Carty,2015,LS,0.7744,0.0,0,0.6901063323020935,1,0,0.6528921723365784,1,0,0.004984875675290823,0,0,0.6901063323020935,1,SPEC
201502693,Gavin Patterson,2015,K,0.7742,62.8419,1,0.7388498187065125,1,1,0.8091039061546326,1,0,0.01819716766476631,0,1,0.7388498187065125,1,SPEC
201502785,Michael Tarbutt,2015,K,0.7693,61.3799,1,0.49746009707450867,0,1,0.298168420791626,0,0,0.009000030346214771,0,1,0.49746009707450867,0,SPEC
201502827,Steven Coutts,2015,P,0.7683,57.0866,1,0.8682728409767151,1,1,0.6066468954086304,1,0,0.004725757986307144,0,1,0.8682728409767151,1,SPEC
201503082,Wes Farnsworth,2015,LS,0.7658,46.7319,1,0.7895740270614624,1,0,0.2449549287557602,0,0,0.0035245902836322784,0,1,0.7895740270614624,1,SPEC
201503100,Matt Keller,2015,LS,0.765,56.1784,1,0.6597498059272766,1,1,0.5506267547607422,1,0,0.003665463300421834,0,1,0.6597498059272766,1,SPEC
201503123,Ben Makowski,2015,LS,0.7633,55.2609,1,0.7933833599090576,1,1,0.5103978514671326,1,0,0.0041947816498577595,0,1,0.7933833599090576,1,SPEC
201503162,Nick Rubinowicz,2015,P,0.7619,0.0,0,0.9395952820777893,1,0,0.473659485578537,0,0,0.0047505986876785755,0,0,0.9395952820777893,1,SPEC
201503193,Bennett Moehring,2015,K,0.7583,67.8247,1,0.532134473323822,1,1,0.24775287508964539,0,0,0.019138403236865997,0,1,0.532134473323822,1,SPEC
201503222,Riley Lovingood,2015,LS,0.7578,51.1348,1,0.764009416103363,1,1,0.5157939791679382,1,0,0.004502288997173309,0,1,0.764009416103363,1,SPEC
201503238,Tyler Griffiths,2015,LS,0.7544,58.2713,1,0.8464018106460571,1,1,0.2081867754459381,0,0,0.004241534974426031,0,1,0.8464018106460571,1,SPEC
201503290,Alexander Trifonovitch,2015,P,0.7533,35.1552,1,0.6991783380508423,1,0,0.5383738875389099,1,0,0.005190338473767042,0,1,0.6991783380508423,1,SPEC
201503300,Zach Potter,2015,K,0.7519,47.0322,1,0.699093222618103,1,0,0.5156866312026978,1,0,0.012584841810166836,0,1,0.699093222618103,1,SPEC
201503330,Michael Caggiano,2015,K,0.7483,49.9111,1,0.7890211939811707,1,0,0.2951837182044983,0,0,0.014743568375706673,0,1,0.7890211939811707,1,SPEC
201503339,Michael Rubino,2015,K,0.7483,54.8259,1,0.7613950967788696,1,1,0.3759557008743286,0,0,0.015323260799050331,0,1,0.7613950967788696,1,SPEC
201503356,Jordan Ober,2015,LS,0.7478,52.8117,1,0.5970391035079956,1,1,0.38532954454421997,0,0,0.006367367692291737,0,1,0.5970391035079956,1,SPEC
201503362,Bryce Crawford,2015,K,0.7433,68.3252,1,0.8159957528114319,1,1,0.282257616519928,0,0,0.011478104628622532,0,1,0.8159957528114319,1,SPEC
201503367,Jack Fox,2015,K,0.7433,54.2998,1,0.7535625100135803,1,1,0.5553931593894958,1,0,0.008890926837921143,0,1,0.7535625100135803,1,SPEC
201503375,Zach Block,2015,P,0.7433,55.3582,1,0.8962039351463318,1,1,0.45715323090553284,0,0,0.008307721465826035,0,1,0.8962039351463318,1,SPEC
201503377,Timothy Belles,2015,LS,0.7433,0.0,0,0.8696801066398621,1,0,0.639961838722229,1,0,0.0037717262748628855,0,0,0.8696801066398621,1,SPEC
201503403,Cade Coffey,2015,P,0.7383,59.3269,1,0.8063799142837524,1,1,0.3250727653503418,0,0,0.004330155439674854,0,1,0.8063799142837524,1,SPEC
201503404,Nick Dowd,2015,K,0.7383,54.6819,1,0.6672943234443665,1,1,0.6018255352973938,1,0,0.02621135115623474,0,1,0.6672943234443665,1,SPEC
201503411,Michael Pifer,2015,LS,0.7333,50.263,1,0.8645952939987183,1,1,0.598101794719696,1,0,0.004945471882820129,0,1,0.8645952939987183,1,SPEC
201503419,Garrett Wilson,2015,LS,0.7333,31.8234,1,0.8117836713790894,1,0,0.3528149127960205,0,0,0.004945471882820129,0,1,0.8117836713790894,1,SPEC
201503423,Matt Bonadies,2015,P,0.7333,53.9047,1,0.9286698698997498,1,1,0.6521762609481812,1,0,0.003994819708168507,0,1,0.9286698698997498,1,SPEC
201503453,Sam Crosa,2015,K,0.71,64.1787,1,0.7388684153556824,1,1,0.5012513399124146,1,0,0.014743568375706673,0,1,0.7388684153556824,1,SPEC
201503529,Evan Rabon,2015,K,0.7,58.7751,1,0.6910110712051392,1,1,0.484447181224823,0,0,0.00972901750355959,0,1,0.6910110712051392,1,SPEC
201503532,Trey Hansen,2015,LS,0.7,0.0,0,0.8810096383094788,1,0,0.3585832417011261,0,0,0.004330155439674854,0,0,0.8810096383094788,1,SPEC
201503566,Damon Foncham,2015,P,0.7,49.4055,1,0.823636531829834,1,0,0.6487583518028259,1,0,0.006624963600188494,0,1,0.823636531829834,1,SPEC
201600693,Quinn Nordin,2016,K,0.8592,77.0196,1,0.9569417834281921,1,1,0.9393887519836426,1,0,0.1012323796749115,0,1,0.9569417834281921,1,SPEC
201600760,Drue Chrisman,2016,P,0.8558,53.669,1,0.9507161974906921,1,1,0.7025811076164246,1,0,0.01964685134589672,0,1,0.9507161974906921,1,SPEC
201600818,JJ Molson,2016,K,0.8533,79.5987,1,0.956613302230835,1,1,0.8268953561782837,1,0,0.1491614431142807,0,1,0.956613302230835,1,SPEC
201600931,Skyler Southam,2016,K,0.8483,49.9264,1,0.9545732140541077,1,0,0.8918970823287964,1,0,0.3925681412220001,0,1,0.9545732140541077,1,SPEC
201601100,Logan Tyler,2016,K,0.8408,59.5515,1,0.964259922504425,1,1,0.7435076832771301,1,0,0.17767149209976196,0,1,0.964259922504425,1,SPEC
201601159,Braden Mann,2016,K,0.8383,70.857,1,0.9473592042922974,1,1,0.8564820885658264,1,0,0.14036747813224792,0,1,0.9473592042922974,1,SPEC
201601196,Ricky Aguayo,2016,K,0.8367,81.3739,1,0.9576898217201233,1,1,0.8717714548110962,1,1,0.21306656301021576,0,1,0.9576898217201233,1,SPEC
201601259,Tucker McCann,2016,K,0.8342,80.2815,1,0.9323199987411499,1,1,0.8619568347930908,1,1,0.40319332480430603,0,1,0.9323199987411499,1,SPEC
201601275,Anthony Lotti,2016,P,0.8333,57.4298,1,0.942470133304596,1,1,0.8198972344398499,1,0,0.0349578857421875,0,1,0.942470133304596,1,SPEC
201601370,Austin Kent,2016,P,0.8322,47.1739,1,0.874590277671814,1,0,0.6809885501861572,1,0,0.011912237852811813,0,1,0.874590277671814,1,SPEC
201601491,Grant McKinniss,2016,P,0.8267,60.9317,1,0.9645128846168518,1,1,0.8381197452545166,1,0,0.02753615751862526,0,1,0.9645128846168518,1,SPEC
201601510,Caleb Lightbourn,2016,P,0.8261,56.8825,1,0.8946651816368103,1,1,0.6181009411811829,1,0,0.0059517063200473785,0,1,0.8946651816368103,1,SPEC
201601526,Marshall Long,2016,P,0.8256,37.1847,1,0.9352084994316101,1,0,0.8022342324256897,1,0,0.008626991882920265,0,1,0.9352084994316101,1,SPEC
201601579,Alex Barbir,2016,K,0.8233,58.7569,1,0.9664586782455444,1,1,0.8948414325714111,1,0,0.13965530693531036,0,1,0.9664586782455444,1,SPEC
201601583,Matthew Coghlin,2016,K,0.8233,90.2012,1,0.9527953267097473,1,1,0.8789730072021484,1,1,0.2024088054895401,0,1,0.9527953267097473,1,SPEC
201601616,Connor Culp,2016,K,0.8222,70.3064,1,0.9525911211967468,1,1,0.8584200143814087,1,0,0.3909158408641815,0,1,0.9525911211967468,1,SPEC
201601653,Jet Toner,2016,P,0.8206,76.6664,1,0.9355880618095398,1,1,0.7803671956062317,1,0,0.016476904973387718,0,1,0.9355880618095398,1,SPEC
201601665,Camaron Cheeseman,2016,LS,0.82,45.7876,1,0.768968403339386,1,0,0.6168030500411987,1,0,0.007719465531408787,0,1,0.768968403339386,1,SPEC
201601681,Sam Loy,2016,P,0.8189,56.8148,1,0.9004715085029602,1,1,0.6993170380592346,1,0,0.0063085779547691345,0,1,0.9004715085029602,1,SPEC
201601721,John Shannon,2016,LS,0.8167,57.172,1,0.8989657163619995,1,1,0.3694642186164856,0,0,0.009658309631049633,0,1,0.8989657163619995,1,SPEC
201601740,AJ Reed,2016,K,0.8156,69.0664,1,0.9329841732978821,1,1,0.7587300539016724,1,0,0.1940554827451706,0,1,0.9329841732978821,1,SPEC
201601768,Jonn Young,2016,K,0.8144,55.8975,1,0.9494744539260864,1,1,0.6682720184326172,1,0,0.18144741654396057,0,1,0.9494744539260864,1,SPEC
201601771,Austin Johnson,2016,P,0.8144,0.0,0,0.9428209662437439,1,0,0.7066821455955505,1,0,0.013115460984408855,0,0,0.9428209662437439,1,SPEC
201601810,Van Soderberg,2016,K,0.8131,30.1865,1,0.9720895886421204,1,0,0.9072473645210266,1,0,0.020546982064843178,0,1,0.9720895886421204,1,SPEC
201601922,James McCourt,2016,K,0.8094,69.6292,1,0.8567869067192078,1,1,0.7167000770568848,1,0,0.05798366293311119,0,1,0.8567869067192078,1,SPEC
201602022,Jose Borregales,2016,K,0.8033,73.2801,1,0.9374114274978638,1,1,0.7769863605499268,1,0,0.018468933179974556,0,1,0.9374114274978638,1,SPEC
201602178,Grant Carlson,2016,P,0.7967,57.0525,1,0.9136244058609009,1,1,0.6705288290977478,1,0,0.004062019754201174,0,1,0.9136244058609009,1,SPEC
201602202,Derek Adams,2016,P,0.7956,58.6663,1,0.9294002056121826,1,1,0.8636912107467651,1,0,0.008165701292455196,0,1,0.9294002056121826,1,SPEC
201602221,Butch Hampton,2016,K,0.7939,65.5705,1,0.7640836238861084,1,1,0.5806593298912048,1,0,0.010138959623873234,0,1,0.7640836238861084,1,SPEC
201602279,Crawford Pierson,2016,K,0.7917,0.0,0,0.8751958608627319,1,0,0.750907838344574,1,0,0.014752859249711037,0,0,0.8751958608627319,1,SPEC
201602337,Steven Wirtel,2016,LS,0.79,52.086,1,0.7293810248374939,1,1,0.15690718591213226,0,0,0.0059021348133683205,0,1,0.7293810248374939,1,SPEC
201602487,Johnny Den Bleyker,2016,LS,0.7869,56.1121,1,0.6831564903259277,1,1,0.3516605794429779,0,0,0.0063126711174845695,0,1,0.6831564903259277,1,SPEC
201602492,Coby Neenan,2016,K,0.7867,0.0,0,0.8354642987251282,1,0,0.8066123723983765,1,0,0.010139290243387222,0,0,0.8354642987251282,1,SPEC
201602493,Joel Velazquez,2016,K,0.7867,57.8999,1,0.6744407415390015,1,1,0.5666138529777527,1,0,0.010498929768800735,0,1,0.6744407415390015,1,SPEC
201602494,Cooper Rothe,2016,K,0.7867,69.7845,1,0.6861468553543091,1,1,0.5223236083984375,1,0,0.006454640068113804,0,1,0.6861468553543091,1,SPEC
201602497,Turner Bernard,2016,LS,0.7861,43.4664,1,0.7508000731468201,1,0,0.7646017670631409,1,0,0.003921219613403082,0,1,0.7508000731468201,1,SPEC
201602638,Richard McNitzky,2016,LS,0.7808,59.3456,1,0.7721067667007446,1,1,0.6233281493186951,1,0,0.0036142494063824415,0,1,0.7721067667007446,1,SPEC
201602896,J.D. Dellinger,2016,K,0.7733,72.5197,1,0.5607097148895264,1,1,0.3021557331085205,0,0,0.014821883291006088,0,1,0.5607097148895264,1,SPEC
201603511,Britton Hogan,2016,LS,0.7667,45.5931,1,0.7315399646759033,1,0,0.28004035353660583,0,0,0.0037717262748628855,0,1,0.7315399646759033,1,SPEC
201603540,Alex Kessman,2016,K,0.7667,75.3244,1,0.5498074293136597,1,1,0.24422673881053925,0,0,0.029038183391094208,0,1,0.5498074293136597,1,SPEC
201603605,Kaden Keon,2016,K,0.7667,55.0348,1,0.6083844900131226,1,1,0.4690237045288086,0,0,0.02523365058004856,0,1,0.6083844900131226,1,SPEC
201603611,Payton Theisler,2016,P,0.7667,54.3474,1,0.8415810465812683,1,1,0.45034003257751465,0,0,0.008388552814722061,0,1,0.8415810465812683,1,SPEC
201603619,Alex Probert,2016,K,0.7667,59.8355,1,0.637180745601654,1,1,0.5261115431785583,1,0,0.011483786627650261,0,1,0.637180745601654,1,SPEC
201603760,Tyler Sumpter,2016,P,0.7583,67.3765,1,0.853710949420929,1,1,0.31285640597343445,0,0,0.004851511213928461,0,1,0.853710949420929,1,SPEC
201603787,Crews Holt,2016,K,0.7544,64.78,1,0.6919962167739868,1,1,0.27498918771743774,0,0,0.012584841810166836,0,1,0.6919962167739868,1,SPEC
201603844,Luis Martinez,2016,K,0.7483,0.0,0,0.7796874642372131,1,0,0.5621341466903687,1,0,0.013364174403250217,0,0,0.7796874642372131,1,SPEC
201603864,Brett Graham,2016,P,0.7433,40.1687,1,0.9148199558258057,1,0,0.5320054888725281,1,0,0.00459669716656208,0,1,0.9148199558258057,1,SPEC
201603890,Nick Zecchino,2016,LS,0.7333,45.0696,1,0.7497588992118835,1,0,0.40965428948402405,0,0,0.003921219613403082,0,1,0.7497588992118835,1,SPEC
201603893,Bailey Cate,2016,P,0.7333,53.8103,1,0.8722208738327026,1,1,0.6819012761116028,1,0,0.004728737287223339,0,1,0.8722208738327026,1,SPEC
201603907,Justin Warner,2016,LS,0.71,45.4302,1,0.7984633445739746,1,0,0.6010845303535461,1,0,0.004763531964272261,0,1,0.7984633445739746,1,SPEC
201603961,John Mack,2016,K,0.7,0.0,0,0.6042516231536865,1,0,0.5778836011886597,1,0,0.0172592606395483,0,0,0.6042516231536865,1,SPEC
201603985,Devin Anctil,2016,P,0.7,48.0642,1,0.8790187835693359,1,0,0.7009565830230713,1,0,0.0038509799633175135,0,1,0.8790187835693359,1,SPEC
201701217,Anders Carlson,2017,K,0.8383,92.1981,1,0.9237666726112366,1,1,0.9015190005302429,1,1,0.16324837505817413,0,1,0.9237666726112366,1,SPEC
201701274,Blake Haubeil,2017,K,0.835,73.928,1,0.9445241689682007,1,1,0.869600236415863,1,0,0.05958957225084305,0,1,0.9445241689682007,1,SPEC
201701277,Joseph Bulovas,2017,K,0.835,73.2236,1,0.9367697238922119,1,1,0.6957458853721619,1,0,0.07298125326633453,0,1,0.9367697238922119,1,SPEC
201701278,Brandon Ruiz,2017,K,0.835,78.3001,1,0.9522231817245483,1,1,0.8468313217163086,1,0,0.4664992392063141,0,1,0.9522231817245483,1,SPEC
201701321,Chase McGrath,2017,K,0.8333,83.8428,1,0.9326795935630798,1,1,0.8814866542816162,1,1,0.42487281560897827,0,1,0.9326795935630798,1,SPEC
201701374,Brent Cimaglia,2017,K,0.8325,75.6957,1,0.9122339487075806,1,1,0.7531273365020752,1,0,0.09168341010808945,0,1,0.9122339487075806,1,SPEC
201701437,Reeves Mundschau,2017,P,0.8294,52.3325,1,0.9536330103874207,1,1,0.742708683013916,1,0,0.022065823897719383,0,1,0.9536330103874207,1,SPEC
201701476,Oscar Bradburn,2017,P,0.8278,57.3092,1,0.9475610256195068,1,1,0.7632622718811035,1,0,0.017320891842246056,0,1,0.9475610256195068,1,SPEC
201701486,Charlie Kuhbander,2017,K,0.8269,72.7304,1,0.9428524374961853,1,1,0.8686283230781555,1,0,0.45056313276290894,0,1,0.9428524374961853,1,SPEC
201701524,Cole Hahn,2017,K,0.825,51.8708,1,0.9707223773002625,1,1,0.8922117352485657,1,0,0.17461122572422028,0,1,0.9707223773002625,1,SPEC
201701568,Ryan Stonehouse,2017,P,0.8233,56.4282,1,0.9589014649391174,1,1,0.7670304179191589,1,0,0.013507206924259663,0,1,0.9589014649391174,1,SPEC
201701650,Grant Glennon,2017,LS,0.82,53.9678,1,0.8543705940246582,1,1,0.37570053339004517,0,0,0.007319244090467691,0,1,0.8543705940246582,1,SPEC
201701695,Grant Ryerse,2017,K,0.8181,0.0,0,0.9077770709991455,1,0,0.6737481355667114,1,0,0.04124852269887924,0,0,0.9077770709991455,1,SPEC
201701703,Pressley Harvin III,2017,P,0.8175,69.9422,1,0.9430152177810669,1,1,0.7224438190460205,1,0,0.006737821269780397,0,1,0.9430152177810669,1,SPEC
201701734,Cooper Graham,2017,K,0.8167,40.9538,1,0.9638250470161438,1,0,0.8743616938591003,1,0,0.21243485808372498,0,1,0.9638250470161438,1,SPEC
201701743,Zach Feagles,2017,P,0.8158,49.16,1,0.889868438243866,1,0,0.40918630361557007,0,0,0.006160157732665539,0,1,0.889868438243866,1,SPEC
201701821,Adam Stack,2017,K,0.8128,53.2313,1,0.8668664693832397,1,1,0.7771829962730408,1,0,0.11106929183006287,0,1,0.8668664693832397,1,SPEC
201701899,Jonathan Doerer,2017,K,0.8097,75.5451,1,0.8250058889389038,1,1,0.7087531089782715,1,0,0.07377409189939499,0,1,0.8250058889389038,1,SPEC
201701905,Bill Taylor,2017,LS,0.8093,53.4811,1,0.6701963543891907,1,1,0.4891565442085266,0,0,0.004010553937405348,0,1,0.6701963543891907,1,SPEC
201701915,Bill Rubright,2017,P,0.8083,0.0,0,0.9561140537261963,1,0,0.5869771838188171,1,0,0.010165857151150703,0,0,0.9561140537261963,1,SPEC
201701947,Liam Jones,2017,K,0.8072,56.663,1,0.8892992734909058,1,1,0.7788651585578918,1,0,0.020611360669136047,0,1,0.8892992734909058,1,SPEC
201702020,Jake McClure,2017,P,0.8044,56.0625,1,0.8576140999794006,1,1,0.7742884159088135,1,0,0.006800606846809387,0,1,0.8576140999794006,1,SPEC
201702033,Chris Landgrebe,2017,K,0.8033,0.0,0,0.9098326563835144,1,0,0.9033122062683105,1,0,0.025557376444339752,0,0,0.9098326563835144,1,SPEC
201702067,Riley Patterson,2017,K,0.8022,73.7464,1,0.8637112379074097,1,1,0.7033259272575378,1,0,0.030154716223478317,0,1,0.8637112379074097,1,SPEC
201702083,Joe Doyle,2017,P,0.8017,57.5856,1,0.9260174632072449,1,1,0.641109049320221,1,0,0.007877031341195107,0,1,0.9260174632072449,1,SPEC
201702199,Ryan Rehkow,2017,P,0.7975,57.2749,1,0.7780566215515137,1,1,0.6171503067016602,1,0,0.00625406950712204,0,1,0.7780566215515137,1,SPEC
201702204,Noah Ruggles,2017,K,0.7972,81.9053,1,0.7591612339019775,1,1,0.8641855716705322,1,1,0.007465510629117489,0,1,0.7591612339019775,1,SPEC
201702279,Brenton King,2017,K,0.7944,60.6717,1,0.9264683723449707,1,1,0.712826669216156,1,0,0.008190430700778961,0,1,0.9264683723449707,1,SPEC
201702286,Tucker Day,2017,P,0.7936,60.0462,1,0.8537495732307434,1,1,0.6345263123512268,1,0,0.003903621807694435,0,1,0.8537495732307434,1,SPEC
201702289,Cole Smith,2017,K,0.7933,64.2279,1,0.8762350082397461,1,1,0.5042043924331665,1,0,0.01229366846382618,0,1,0.8762350082397461,1,SPEC
201702354,Brian Delaney,2017,K,0.7908,69.2507,1,0.9131096005439758,1,1,0.8421192765235901,1,0,0.022356942296028137,0,1,0.9131096005439758,1,SPEC
201702443,Ryan Gersonde,2017,P,0.7889,32.1506,1,0.7191165685653687,1,0,0.46588438749313354,0,0,0.004977404605597258,0,1,0.7191165685653687,1,SPEC
201702445,Lucas Havrisik,2017,K,0.7889,66.0403,1,0.7532903552055359,1,1,0.35788851976394653,0,0,0.009242666885256767,0,1,0.7532903552055359,1,SPEC
201702470,Thomas Fletcher,2017,LS,0.7875,55.1962,1,0.6569626927375793,1,1,0.4594106078147888,0,0,0.004309256561100483,0,1,0.6569626927375793,1,SPEC
201702478,Kirk Christodoulou,2017,K,0.7864,57.4817,1,0.5276647210121155,1,1,0.40762758255004883,0,0,0.009168660268187523,0,1,0.5276647210121155,1,SPEC
201702479,Adam Bay,2017,LS,0.7861,54.0309,1,0.7273974418640137,1,1,0.2838934063911438,0,0,0.003665463300421834,0,1,0.7273974418640137,1,SPEC
201702570,Damon Johnson,2017,LS,0.7839,56.079,1,0.8125461935997009,1,1,0.21507711708545685,0,0,0.003764254739508033,0,1,0.8125461935997009,1,SPEC
201702576,Briggs Bourgeois,2017,K,0.7833,61.1748,1,0.7157008051872253,1,1,0.4963369071483612,0,0,0.005593119654804468,0,1,0.7157008051872253,1,SPEC
201702638,Evan Legassey,2017,K,0.7825,45.2995,1,0.7793867588043213,1,0,0.7818265557289124,1,0,0.010737912729382515,0,1,0.7793867588043213,1,SPEC
201702679,Josh Grant,2017,K,0.78,61.0528,1,0.8083568811416626,1,1,0.5973671674728394,1,0,0.028380827978253365,0,1,0.8083568811416626,1,SPEC
201702835,Kyle Gibbs,2017,LS,0.7764,36.5614,1,0.7085711359977722,1,0,0.5468190908432007,1,0,0.0041947816498577595,0,1,0.7085711359977722,1,SPEC
201702916,Mitch Hall,2017,LS,0.7739,54.8099,1,0.6898476481437683,1,1,0.2111143320798874,0,0,0.0035245902836322784,0,1,0.6898476481437683,1,SPEC
201702952,Cole Phillips,2017,K,0.7733,0.0,0,0.7553104758262634,1,0,0.4566161334514618,0,0,0.010292968712747097,0,0,0.7553104758262634,1,SPEC
201702956,Haydon Whitehead,2017,P,0.7733,57.8298,1,0.7057727575302124,1,1,0.7181181311607361,1,0,0.007270251866430044,0,1,0.7057727575302124,1,SPEC
201703142,Jeremiah Riordan,2017,LS,0.7683,47.1267,1,0.6819760203361511,1,0,0.5051048398017883,1,0,0.0041947816498577595,0,1,0.6819760203361511,1,SPEC
201703233,Jacob Swartz,2017,K,0.7667,0.0,0,0.5790637135505676,1,0,0.2944091558456421,0,0,0.006933002267032862,0,0,0.5790637135505676,1,SPEC
201703408,Michael Leisle,2017,K,0.7667,0.0,0,0.5390108227729797,1,0,0.20693615078926086,0,0,0.007459061220288277,0,0,0.5390108227729797,1,SPEC
201703411,Brooks Hosea,2017,K,0.7667,36.9435,1,0.34081828594207764,0,0,0.24603550136089325,0,0,0.006933002267032862,0,1,0.34081828594207764,0,SPEC
201703441,Brooks Buce,2017,K,0.7667,0.0,0,0.49351149797439575,0,0,0.24596700072288513,0,0,0.007425518706440926,0,0,0.49351149797439575,0,SPEC
201703460,Cole Brungardt,2017,K,0.7667,0.0,0,0.4796268343925476,0,0,0.37138912081718445,0,0,0.01694364845752716,0,0,0.4796268343925476,0,SPEC
201703480,Hayden Moehring,2017,K,0.7667,0.0,0,0.5581955313682556,1,0,0.4684465229511261,0,0,0.015001539140939713,0,0,0.5581955313682556,1,SPEC
201703483,Sean McNulty,2017,K,0.7667,0.0,0,0.7409526705741882,1,0,0.16861161589622498,0,0,0.007937682792544365,0,0,0.7409526705741882,1,SPEC
201703582,Jonathan Hagee,2017,K,0.7667,0.0,0,0.3828483819961548,0,0,0.28047311305999756,0,0,0.01575162261724472,0,0,0.3828483819961548,0,SPEC
201703638,Ben Reeder,2017,LS,0.7667,26.236,1,0.6807616949081421,1,0,0.24687054753303528,0,0,0.004330155439674854,0,1,0.6807616949081421,1,SPEC
201703656,Kyle O'Connor,2017,LS,0.7667,38.2701,1,0.6809290051460266,1,0,0.2081110030412674,0,0,0.004449494648724794,0,1,0.6809290051460266,1,SPEC
201703886,Will Harrison,2017,K,0.7611,43.9475,1,0.3392986059188843,0,0,0.3226654827594757,0,0,0.018890200182795525,0,1,0.3392986059188843,0,SPEC
201703922,Brad Robbins,2017,P,0.7594,58.3426,1,0.9096317887306213,1,1,0.41702669858932495,0,0,0.007398162502795458,0,1,0.9096317887306213,1,SPEC
201703923,Adam Higuera,2017,LS,0.7585,53.9993,1,0.7529756426811218,1,1,0.5101461410522461,1,0,0.004449494648724794,0,1,0.7529756426811218,1,SPEC
201704004,Matt Ference,2017,P,0.7578,58.468,1,0.7570191025733948,1,1,0.39402303099632263,0,0,0.006297369487583637,0,1,0.7570191025733948,1,SPEC
201704005,Jesse Kelly,2017,K,0.7578,46.6209,1,0.6548662185668945,1,0,0.31122636795043945,0,0,0.010428878478705883,0,1,0.6548662185668945,1,SPEC
201704014,Brady Buell,2017,K,0.7544,42.4601,1,0.4833756983280182,0,0,0.21163925528526306,0,0,0.005593119654804468,0,1,0.4833756983280182,0,SPEC
201704019,Preston Brady,2017,LS,0.7544,48.1883,1,0.7576568126678467,1,0,0.2590501010417938,0,0,0.004502288997173309,0,1,0.7576568126678467,1,SPEC
201704020,Jacob Ballain,2017,K,0.7544,0.0,0,0.5567545294761658,1,0,0.26585057377815247,0,0,0.011393020860850811,0,0,0.5567545294761658,1,SPEC
201704075,Jackson Hubbard,2017,K,0.7533,49.2828,1,0.7416781783103943,1,0,0.28450819849967957,0,0,0.026864251121878624,0,1,0.7416781783103943,1,SPEC
201704088,Connor Choate,2017,LS,0.7511,27.072,1,0.6411280035972595,1,0,0.31732627749443054,0,0,0.0037491500843316317,0,1,0.6411280035972595,1,SPEC
201704110,Myles Prosser,2017,K,0.75,43.3796,1,0.7647687792778015,1,0,0.37916406989097595,0,0,0.011201879009604454,0,1,0.7647687792778015,1,SPEC
201704115,Blake Hayes,2017,P,0.75,62.9094,1,0.8951747417449951,1,1,0.3718612492084503,0,0,0.00459669716656208,0,1,0.8951747417449951,1,SPEC
201704208,Davan Dyer,2017,P,0.74,43.6908,1,0.8616978526115417,1,0,0.7306073904037476,1,0,0.0038678254932165146,0,1,0.8616978526115417,1,SPEC
201704236,Trenton Gill,2017,K,0.73,53.6533,1,0.7344672083854675,1,1,0.6465024352073669,1,0,0.015323260799050331,0,1,0.7344672083854675,1,SPEC
201704240,Raymond Freeman,2017,LS,0.73,0.0,0,0.8117836713790894,1,0,0.31909361481666565,0,0,0.004922992084175348,0,0,0.8117836713790894,1,SPEC
201704247,Cal Adomitis,2017,LS,0.73,60.104,1,0.8288043141365051,1,1,0.19116458296775818,0,0,0.003921219613403082,0,1,0.8288043141365051,1,SPEC
201704256,Caleb McKee,2017,LS,0.72,0.0,0,0.8824958205223083,1,0,0.5316120982170105,1,0,0.00479095010086894,0,0,0.8824958205223083,1,SPEC
201704260,Ryan Culbertson,2017,LS,0.72,26.1338,1,0.6321849822998047,1,0,0.30608001351356506,0,0,0.003764254739508033,0,1,0.6321849822998047,1,SPEC
201704269,Frankie Onate,2017,K,0.7,44.6886,1,0.8040948510169983,1,0,0.680515468120575,1,0,0.011799735017120838,0,1,0.8040948510169983,1,SPEC
201801362,Jake Camarda,2018,P,0.8393,60.5529,1,0.9511511325836182,1,1,0.695442795753479,1,0,0.02627808228135109,0,1,0.9511511325836182,1,SPEC
201801365,Ryan Bujcevski,2018,P,0.839,58.9759,1,0.9467517733573914,1,1,0.8803941011428833,1,0,0.035793889313936234,0,1,0.9467517733573914,1,SPEC
201801480,Ryan Wright,2018,P,0.8342,56.5453,1,0.9247242212295532,1,1,0.7510567903518677,1,0,0.01353855337947607,0,1,0.9247242212295532,1,SPEC
201801486,Evan McPherson,2018,K,0.8339,80.7275,1,0.9466212391853333,1,1,0.8495481014251709,1,1,0.14410607516765594,0,1,0.9466212391853333,1,SPEC
201801526,Hunter Pearson,2018,K,0.8318,0.0,0,0.9355200529098511,1,0,0.8902379274368286,1,0,0.07718739658594131,0,0,0.9355200529098511,1,SPEC
201801569,Skyler DeLong,2018,P,0.8305,39.6201,1,0.9355880618095398,1,0,0.8382076621055603,1,0,0.03232923895120621,0,1,0.9355880618095398,1,SPEC
201801633,BT Potter,2018,K,0.8271,86.3412,1,0.958914577960968,1,1,0.8523024916648865,1,1,0.2741945683956146,0,1,0.958914577960968,1,SPEC
201801654,Cameron Dicker,2018,K,0.8263,85.6067,1,0.9347380995750427,1,1,0.8897303342819214,1,1,0.24632200598716736,0,1,0.9347380995750427,1,SPEC
201801831,Jake Pinegar,2018,K,0.819,79.8635,1,0.932736873626709,1,1,0.7496886253356934,1,0,0.04083648696541786,0,1,0.932736873626709,1,SPEC
201801834,Barret Pickering,2018,K,0.8183,66.5574,1,0.9559381604194641,1,1,0.8085974454879761,1,0,0.09966663271188736,0,1,0.9559381604194641,1,SPEC
201801853,Nick Mihalic,2018,P,0.8174,57.1037,1,0.9687994718551636,1,1,0.8243117928504944,1,0,0.0075642722658813,0,1,0.9687994718551636,1,SPEC
201801857,Paxton Brooks,2018,K,0.8171,62.0309,1,0.9200094938278198,1,1,0.687541127204895,1,0,0.04354517534375191,0,1,0.9200094938278198,1,SPEC
201801886,Arryn Siposs,2018,P,0.8161,53.4029,1,0.9529510736465454,1,1,0.7760117053985596,1,0,0.006332833785563707,0,1,0.9529510736465454,1,SPEC
201801893,Oscar Shadley,2018,LS,0.8158,50.8441,1,0.8254040479660034,1,1,0.527168869972229,1,0,0.0089693209156394,0,1,0.8254040479660034,1,SPEC
201801940,Charles Campbell,2018,K,0.815,80.1392,1,0.9608213305473328,1,1,0.6991284489631653,1,1,0.0511188879609108,0,1,0.9608213305473328,1,SPEC
201801952,Justin Mader,2018,LS,0.8125,46.9376,1,0.9050120115280151,1,0,0.6644898653030396,1,0,0.017362236976623535,0,1,0.9050120115280151,1,SPEC
201801953,Joseph Petrino,2018,K,0.8122,72.3649,1,0.9484156966209412,1,1,0.6081860661506653,1,0,0.10610548406839371,0,1,0.9484156966209412,1,SPEC
201801954,Seth Small,2018,K,0.8116,84.9569,1,0.9022262096405029,1,1,0.7641839981079102,1,1,0.010113125666975975,0,1,0.9022262096405029,1,SPEC
201801955,Brayden Narveson,2018,K,0.8115,73.6867,1,0.9071083664894104,1,1,0.7431563138961792,1,0,0.028189703822135925,0,1,0.9071083664894104,1,SPEC
201802066,Chance Poore,2018,K,0.8087,57.9879,1,0.7855486869812012,1,1,0.7394199371337891,1,0,0.00872073695063591,0,1,0.7855486869812012,1,SPEC
201802068,Bubba Baxa,2018,K,0.8083,63.7198,1,0.8685847520828247,1,1,0.7880361080169678,1,0,0.021889330819249153,0,1,0.8685847520828247,1,SPEC
201802070,Javan Rice,2018,K,0.8076,0.0,0,0.7778100967407227,1,0,0.799945056438446,1,0,0.03264627233147621,0,0,0.7778100967407227,1,SPEC
201802179,Issac Power,2018,P,0.8034,59.1231,1,0.8184980154037476,1,1,0.6033573746681213,1,0,0.007627761922776699,0,1,0.8184980154037476,1,SPEC
201802185,Caleb Griffin,2018,K,0.8028,67.6626,1,0.7783620357513428,1,1,0.7789269089698792,1,0,0.04316474869847298,0,1,0.7783620357513428,1,SPEC
201802318,Slater Zellers,2018,LS,0.7997,54.618,1,0.6647103428840637,1,1,0.36607909202575684,0,0,0.004687650129199028,0,1,0.6647103428840637,1,SPEC
201802319,Max Duffy,2018,P,0.7997,69.8631,1,0.9110519886016846,1,1,0.9414811134338379,1,0,0.00711166113615036,0,1,0.9110519886016846,1,SPEC
201802430,John Richardson,2018,K,0.7939,70.4307,1,0.815246045589447,1,1,0.7702387571334839,1,0,0.013236628845334053,0,1,0.815246045589447,1,SPEC
201802431,John Tessitore,2018,K,0.7932,27.0106,1,0.771031379699707,1,0,0.8535700440406799,1,0,0.006454640068113804,0,1,0.771031379699707,1,SPEC
201802564,Justen Smith,2018,K,0.7898,32.2928,1,0.8633856177330017,1,0,0.5940995216369629,1,0,0.04384008049964905,0,1,0.8633856177330017,1,SPEC
201802575,Collin Flintoft,2018,P,0.7898,0.0,0,0.8856023550033569,1,0,0.4675312936306,0,0,0.02026859112083912,0,0,0.8856023550033569,1,SPEC
201802608,Matt Araiza,2018,K,0.7886,81.2061,1,0.6544564366340637,1,1,0.5230192542076111,1,1,0.019459214061498642,0,1,0.6544564366340637,1,SPEC
201802609,Adam Korsak,2018,P,0.7885,70.2652,1,0.7398324012756348,1,1,0.6945701241493225,1,0,0.004618397448211908,0,1,0.7398324012756348,1,SPEC
201802692,Chris Kessler,2018,K,0.7844,18.9071,0,0.8853489756584167,1,0,0.752138078212738,1,0,0.01867501065135002,0,0,0.8853489756584167,1,SPEC
201802921,Jonathan Cruz,2018,K,0.7752,68.7072,1,0.75575190782547,1,1,0.6541202664375305,1,0,0.014743568375706673,0,1,0.75575190782547,1,SPEC
201802999,Karsten Battles,2018,LS,0.7727,54.6659,1,0.6692041754722595,1,1,0.619858980178833,1,0,0.0045953248627483845,0,1,0.6692041754722595,1,SPEC
201803000,Jesse Hooper,2018,LS,0.7707,18.5142,0,0.7902810573577881,1,0,0.6944172978401184,1,0,0.003469582414254546,0,0,0.7902810573577881,1,SPEC
201803361,Cash Peterman,2018,K,0.758,40.1887,1,0.7748170495033264,1,0,0.4310319125652313,0,0,0.01209060288965702,0,1,0.7748170495033264,1,SPEC
201803551,Danny Jones,2018,P,0.7497,40.8574,1,0.935651957988739,1,0,0.6134499907493591,1,0,0.003755133831873536,0,1,0.935651957988739,1,SPEC
201803571,George Georgopoulos,2018,P,0.7497,56.6798,1,0.8939260244369507,1,1,0.3998172879219055,0,0,0.0038678254932165146,0,1,0.8939260244369507,1,SPEC
201803576,Cole Talley,2018,K,0.748,51.242,1,0.6113540530204773,1,1,0.352422297000885,0,0,0.006933002267032862,0,1,0.6113540530204773,1,SPEC
201803579,Massimo Biscardi,2018,K,0.748,69.103,1,0.6716815829277039,1,1,0.4818862974643707,0,0,0.02205602452158928,0,1,0.6716815829277039,1,SPEC
201803582,Ross Reiter,2018,LS,0.743,50.0488,1,0.653155505657196,1,1,0.5159217715263367,1,0,0.003469582414254546,0,1,0.653155505657196,1,SPEC
201803584,Evan Deckers,2018,LS,0.743,47.6595,1,0.8319982886314392,1,0,0.6624212265014648,1,0,0.004763531964272261,0,1,0.8319982886314392,1,SPEC
201803585,Gavin Baechle,2018,K,0.7397,64.2772,1,0.7868106961250305,1,1,0.44457897543907166,0,0,0.014811678789556026,0,1,0.7868106961250305,1,SPEC
201803650,Alex Stadthaus,2018,K,0.7397,57.7249,1,0.6524532437324524,1,1,0.5481261610984802,1,0,0.05357041954994202,0,1,0.6524532437324524,1,SPEC
201803655,T.J. Harvey,2018,LS,0.7397,48.2192,1,0.6915707588195801,1,0,0.1982869952917099,0,0,0.003055016743019223,0,1,0.6915707588195801,1,SPEC
201803672,Peyton Yanagi,2018,LS,0.7397,0.0,0,0.7193890810012817,1,0,0.6659083962440491,1,0,0.0070275235921144485,0,0,0.7193890810012817,1,SPEC
201803678,Joseph Tacopina,2018,K,0.7397,0.0,0,0.5750611424446106,1,0,0.6745846271514893,1,0,0.027008818462491035,0,0,0.5750611424446106,1,SPEC
201803679,Maddie Golden,2018,LS,0.7397,32.5374,1,0.8868226408958435,1,0,0.6270092725753784,1,0,0.0048368158750236034,0,1,0.8868226408958435,1,SPEC
201803680,Brendan Knoespel,2018,LS,0.738,0.0,0,0.812156081199646,1,0,0.34212374687194824,0,0,0.003764254739508033,0,0,0.812156081199646,1,SPEC
201803696,Austin Riggs,2018,LS,0.7297,53.5593,1,0.7838975191116333,1,1,0.38358086347579956,0,0,0.004763531964272261,0,1,0.7838975191116333,1,SPEC
201803724,Jac Casasante,2018,LS,0.7197,53.0912,1,0.6561713814735413,1,1,0.39359909296035767,0,0,0.004505703691393137,0,1,0.6561713814735413,1,SPEC
201803753,Clayton Stewart,2018,K,0.7197,51.9015,1,0.771737277507782,1,1,0.5553025007247925,1,0,0.022875504568219185,0,1,0.771737277507782,1,SPEC
201803768,Matthew Trickett,2018,K,0.7097,76.5807,1,0.5750611424446106,1,1,0.5873957276344299,1,0,0.028380827978253365,0,1,0.5750611424446106,1,SPEC
201901335,Will Reichard,2019,K,0.8456,83.5944,1,0.9323199987411499,1,1,0.8337569832801819,1,1,0.43750569224357605,0,1,0.9323199987411499,1,SPEC
201901499,Jay Bramblett,2019,P,0.8378,62.3986,1,0.9353166222572327,1,1,0.695442795753479,1,0,0.027048785239458084,0,1,0.9353166222572327,1,SPEC
201901590,Ryan Sanborn,2019,P,0.8356,67.2516,1,0.9536880850791931,1,1,0.8586338758468628,1,0,0.01087836641818285,0,1,0.9536880850791931,1,SPEC
201901591,Caden Davis,2019,K,0.8356,73.1674,1,0.9154871702194214,1,1,0.8699801564216614,1,0,0.16004422307014465,0,1,0.9154871702194214,1,SPEC
201901623,Kolton McGhee,2019,K,0.8337,26.5023,1,0.9146986603736877,1,0,0.8412237763404846,1,0,0.21105442941188812,0,1,0.9146986603736877,1,SPEC
201901665,Austin McNamara,2019,P,0.8326,60.7513,1,0.949400782585144,1,1,0.7771433591842651,1,0,0.044371504336595535,0,1,0.949400782585144,1,SPEC
201901728,Cade York,2019,K,0.8311,79.7298,1,0.9473394155502319,1,1,0.8498756289482117,1,0,0.12243220210075378,0,1,0.9473394155502319,1,SPEC
201901778,Aidan Swanson,2019,P,0.83,58.0055,1,0.9638770222663879,1,1,0.822787344455719,1,0,0.0380990169942379,0,1,0.9638770222663879,1,SPEC
201901779,Camden Lewis,2019,K,0.83,79.3437,1,0.9434871077537537,1,1,0.8821309804916382,1,0,0.4991695284843445,0,1,0.9434871077537537,1,SPEC
201901861,Tim Horn,2019,K,0.8259,54.6339,1,0.908788800239563,1,1,0.6913331747055054,1,0,0.037286221981048584,0,1,0.908788800239563,1,SPEC
201901862,Brooks Cormier,2019,P,0.8259,46.7478,1,0.9247242212295532,1,0,0.6590022444725037,1,0,0.0059517063200473785,0,1,0.9247242212295532,1,SPEC
201901893,Tom Hutton,2019,P,0.825,57.935,1,0.9795376062393188,1,1,0.8889053463935852,1,0,0.020874472334980965,0,1,0.9795376062393188,1,SPEC
201901894,Blake Wilcox,2019,P,0.825,0.0,0,0.918671190738678,1,0,0.6724929213523865,1,0,0.009452407248318195,0,0,0.918671190738678,1,SPEC
201901910,Ivan Mora,2019,K,0.8237,59.4389,1,0.9717863202095032,1,1,0.8668507933616638,1,0,0.14308732748031616,0,1,0.9717863202095032,1,SPEC
201902050,Patrick Szczesniak,2019,LS,0.82,0.0,0,0.9155737161636353,1,0,0.4468177258968353,0,0,0.006791407708078623,0,0,0.9155737161636353,1,SPEC
201902085,Alan Orona,2019,K,0.8167,29.4662,1,0.9706664085388184,1,0,0.8393120765686035,1,0,0.10702075809240341,0,1,0.9706664085388184,1,SPEC
201902113,Cory Munson,2019,K,0.8159,57.5683,1,0.922491192817688,1,1,0.8903886675834656,1,0,0.21900328993797302,0,1,0.922491192817688,1,SPEC
201902115,Michael Lantz,2019,K,0.8159,70.1835,1,0.9358404278755188,1,1,0.8702793717384338,1,0,0.04354562237858772,0,1,0.9358404278755188,1,SPEC
201902175,Jack Bouwmeester,2019,P,0.8141,59.2897,1,0.8859503865242004,1,1,0.7963089346885681,1,0,0.007756615523248911,0,1,0.8859503865242004,1,SPEC
201902222,Charlie Ham,2019,K,0.8115,66.3538,1,0.9431224465370178,1,1,0.6886528730392456,1,0,0.056448277086019516,0,1,0.9431224465370178,1,SPEC
201902290,Porter Wilson,2019,P,0.8104,57.0014,1,0.8098949193954468,1,1,0.30022141337394714,0,0,0.006316815502941608,0,1,0.8098949193954468,1,SPEC
201902362,Ryan Fitzgerald,2019,K,0.8093,78.631,1,0.9393522143363953,1,1,0.8268214464187622,1,0,0.05587796866893768,0,1,0.9393522143363953,1,SPEC
201902372,Garin Boniol,2019,K,0.8081,0.0,0,0.9456381797790527,1,0,0.6352496147155762,1,0,0.012392144650220871,0,0,0.9456381797790527,1,SPEC
201902374,Simon Samarzich,2019,LS,0.807,51.7325,1,0.9539220333099365,1,1,0.8063289523124695,1,0,0.0064636035822331905,0,1,0.9539220333099365,1,SPEC
201902471,Harrison Leonard,2019,K,0.8033,23.5141,1,0.8256514668464661,1,0,0.7769863605499268,1,0,0.0478331483900547,0,1,0.8256514668464661,1,SPEC
201902478,Kyle Ostendorp,2019,P,0.8026,56.6966,1,0.9338772892951965,1,1,0.6623603105545044,1,0,0.0048649925738573074,0,1,0.9338772892951965,1,SPEC
201902504,Daniel Obarski,2019,K,0.8015,62.9999,1,0.744267463684082,1,1,0.6993300914764404,1,0,0.019514530897140503,0,1,0.744267463684082,1,SPEC
201902650,Ryan Hanson,2019,P,0.8,57.3609,1,0.9110519886016846,1,1,0.8136873245239258,1,0,0.004531532526016235,0,1,0.9110519886016846,1,SPEC
201902674,Ben Lennon,2019,P,0.8,45.9007,1,0.8686816096305847,1,0,0.827933669090271,1,0,0.009504364803433418,0,1,0.8686816096305847,1,SPEC
201902707,Evan Morris,2019,P,0.7983,0.0,0,0.9343616962432861,1,0,0.7091885805130005,1,0,0.00625406950712204,0,0,0.9343616962432861,1,SPEC
201902712,Ben Kiernan,2019,P,0.7974,58.0584,1,0.9414559602737427,1,1,0.7058307528495789,1,0,0.0035091028548777103,0,1,0.9414559602737427,1,SPEC
201902713,Andrew Stein,2019,K,0.7974,64.9604,1,0.923529326915741,1,1,0.8425540328025818,1,0,0.021134471520781517,0,1,0.923529326915741,1,SPEC
201902714,Lucas Dean,2019,P,0.7974,58.3963,1,0.8220769762992859,1,1,0.7549487948417664,1,0,0.010690595023334026,0,1,0.8220769762992859,1,SPEC
201902750,Evan Davis,2019,K,0.7956,59.1785,1,0.9194977879524231,1,1,0.8157854080200195,1,0,0.009545044042170048,0,1,0.9194977879524231,1,SPEC
201902773,Tristian Vandenberg,2019,K,0.7956,54.2839,1,0.6106599569320679,1,1,0.5384136438369751,1,0,0.008449660614132881,0,1,0.6106599569320679,1,SPEC
201902774,Patrick Nations,2019,K,0.7952,0.0,0,0.9134219884872437,1,0,0.8743297457695007,1,0,0.06892449408769608,0,0,0.9134219884872437,1,SPEC
201902775,Jacob Barnes,2019,K,0.7952,69.6678,1,0.8662191033363342,1,1,0.8704686760902405,1,0,0.015910251066088676,0,1,0.8662191033363342,1,SPEC
201902776,Brady Weeks,2019,LS,0.7944,51.4258,1,0.6894592642784119,1,1,0.6249502897262573,1,0,0.004116334021091461,0,1,0.6894592642784119,1,SPEC
201902833,Gavin Wale,2019,P,0.7933,0.0,0,0.9203475713729858,1,0,0.6435251832008362,1,0,0.004871823824942112,0,0,0.9203475713729858,1,SPEC
201902834,Quentin Skinner,2019,LS,0.7922,55.5861,1,0.7938137650489807,1,1,0.6793268918991089,1,0,0.003846135688945651,0,1,0.7938137650489807,1,SPEC
201902838,Alex Herrera,2019,K,0.7917,65.9561,1,0.7840784192085266,1,1,0.8305670022964478,1,0,0.02335585281252861,0,1,0.7840784192085266,1,SPEC
201903016,Noah Rauschenberg,2019,K,0.7896,56.195,1,0.5768170952796936,1,1,0.5720277428627014,1,0,0.12423032522201538,0,1,0.5768170952796936,1,SPEC
201903051,Brodie Williams,2019,LS,0.7894,0.0,0,0.6349889636039734,1,0,0.4113955497741699,0,0,0.0037717262748628855,0,0,0.6349889636039734,1,SPEC
201903104,Kyle Romenick,2019,P,0.7878,30.2298,1,0.8039235472679138,1,0,0.4982205927371979,0,0,0.004704135470092297,0,1,0.8039235472679138,1,SPEC
201903105,Jared Wheatley,2019,P,0.7867,38.2254,1,0.9324235320091248,1,0,0.6698673367500305,1,0,0.003903621807694435,0,1,0.9324235320091248,1,SPEC
201903108,Kyle Ramsey,2019,K,0.7867,50.37,1,0.8667356967926025,1,1,0.640907347202301,1,0,0.018408142030239105,0,1,0.8667356967926025,1,SPEC
201903109,Matt Quinn,2019,K,0.7867,68.6017,1,0.8969841003417969,1,1,0.6681298613548279,1,0,0.009755943901836872,0,1,0.8969841003417969,1,SPEC
201903214,Leighton Bechdel,2019,P,0.7833,0.0,0,0.8923259377479553,1,0,0.7909453511238098,1,0,0.007230360060930252,0,0,0.8923259377479553,1,SPEC
201903215,Joe Shimko,2019,LS,0.7822,57.6204,1,0.837421715259552,1,1,0.32704052329063416,0,0,0.003469582414254546,0,1,0.837421715259552,1,SPEC
201903367,Nicholas Barr-Mira,2019,K,0.78,71.7227,1,0.7844181060791016,1,1,0.7054153680801392,1,0,0.012468427419662476,0,1,0.7844181060791016,1,SPEC
201903426,Sean Wracher,2019,LS,0.7789,52.8893,1,0.811883270740509,1,1,0.736880362033844,1,0,0.005125810392200947,0,1,0.811883270740509,1,SPEC
201903453,Brandon Talton,2019,K,0.7778,70.1024,1,0.8871062397956848,1,1,0.5721931457519531,1,0,0.009755943901836872,0,1,0.8871062397956848,1,SPEC
201903455,Drew Little,2019,LS,0.7756,59.5891,1,0.711545467376709,1,1,0.5803642272949219,1,0,0.00813268218189478,0,1,0.711545467376709,1,SPEC
201903460,Mitchell Harralson,2019,LS,0.7756,0.0,0,0.7881025075912476,1,0,0.6508374214172363,1,0,0.004575492814183235,0,0,0.7881025075912476,1,SPEC
201903461,Tyler Shaw,2019,LS,0.7756,0.0,0,0.7085711359977722,1,0,0.3721173405647278,0,0,0.0035245902836322784,0,0,0.7085711359977722,1,SPEC
201903483,Aiden Kneller,2019,LS,0.7744,0.0,0,0.8000640273094177,1,0,0.331580251455307,0,0,0.004456214606761932,0,0,0.8000640273094177,1,SPEC
201903506,Pierce Callister,2019,P,0.7733,25.5291,1,0.7525009512901306,1,0,0.5901235342025757,1,0,0.004627642221748829,0,1,0.7525009512901306,1,SPEC
201903580,Charles Bein,2019,P,0.77,38.9905,1,0.9019313454627991,1,0,0.48585066199302673,0,0,0.00658924737945199,0,1,0.9019313454627991,1,SPEC
201903715,Jesse Vasquez,2019,LS,0.7667,0.0,0,0.7216612100601196,1,0,0.35672304034233093,0,0,0.004502288997173309,0,0,0.7216612100601196,1,SPEC
201903720,Evan Davis,2019,LS,0.7644,53.6063,1,0.7526048421859741,1,1,0.6754217147827148,1,0,0.004441901575773954,0,1,0.7526048421859741,1,SPEC
201903819,Jack Landherr,2019,LS,0.76,52.2863,1,0.7552610039710999,1,1,0.5131364464759827,1,0,0.004449494648724794,0,1,0.7552610039710999,1,SPEC
201903873,Christian Johnstone,2019,LS,0.7583,57.9526,1,0.7986009120941162,1,1,0.6268380880355835,1,0,0.004984875675290823,0,1,0.7986009120941162,1,SPEC
201903874,Brad George,2019,LS,0.7583,44.3875,1,0.7587239742279053,1,0,0.3311311900615692,0,0,0.00812237337231636,0,1,0.7587239742279053,1,SPEC
201903875,Mark Ramos,2019,K,0.7583,0.0,0,0.8339152932167053,1,0,0.532733142375946,1,0,0.009755943901836872,0,0,0.8339152932167053,1,SPEC
201903877,Luke Elzinga,2019,P,0.7583,58.4859,1,0.818208634853363,1,1,0.44737061858177185,0,0,0.0046777199022471905,0,1,0.818208634853363,1,SPEC
201903878,Grant Paulette,2019,K,0.7583,0.0,0,0.5275638699531555,1,0,0.27120542526245117,0,0,0.008992879651486874,0,0,0.5275638699531555,1,SPEC
201903879,Tony Trabold,2019,K,0.7583,0.0,0,0.8339152932167053,1,0,0.5294511318206787,1,0,0.019550738856196404,0,0,0.8339152932167053,1,SPEC
201903880,Caleb Richwine,2019,K,0.7583,0.0,0,0.8270631432533264,1,0,0.3164428174495697,0,0,0.021225428208708763,0,0,0.8270631432533264,1,SPEC
201903881,Noah Karwacki,2019,K,0.7583,0.0,0,0.7915762066841125,1,0,0.40501147508621216,0,0,0.014208018779754639,0,0,0.7915762066841125,1,SPEC
201903883,John Haggerty,2019,P,0.7533,51.9937,1,0.6435137391090393,1,1,0.5637113451957703,1,0,0.005367764737457037,0,1,0.6435137391090393,1,SPEC
201903884,Michael Hayes,2019,K,0.7533,61.9455,1,0.5449809432029724,1,1,0.3854854106903076,0,0,0.02621135115623474,0,1,0.5449809432029724,1,SPEC
201903928,Parker Colburn,2019,K,0.75,0.0,0,0.5848667621612549,1,0,0.24445293843746185,0,0,0.006933002267032862,0,0,0.5848667621612549,1,SPEC
201903960,Jack Brooks,2019,P,0.75,54.4586,1,0.797122597694397,1,1,0.40355488657951355,0,0,0.006290733348578215,0,1,0.797122597694397,1,SPEC
201903968,Charlie Mendes,2019,P,0.75,43.2926,1,0.9193338751792908,1,0,0.5410281419754028,1,0,0.019361725077033043,0,1,0.9193338751792908,1,SPEC
201903975,Jacob Borcila,2019,K,0.75,70.9886,1,0.8087761998176575,1,1,0.22260968387126923,0,0,0.017732635140419006,0,1,0.8087761998176575,1,SPEC
201903981,Austin Rychlik,2019,K,0.7433,0.0,0,0.8099958896636963,1,0,0.548075795173645,1,0,0.018311837688088417,0,0,0.8099958896636963,1,SPEC
201903990,Alan Kervin,2019,P,0.74,0.0,0,0.8560861945152283,1,0,0.6083508133888245,1,0,0.015323885716497898,0,0,0.8560861945152283,1,SPEC
201903997,Seth Glausier,2019,LS,0.74,52.6569,1,0.6655672192573547,1,1,0.32750824093818665,0,0,0.003967462107539177,0,1,0.6655672192573547,1,SPEC
201904001,Diego Guajardo,2019,K,0.74,67.5346,1,0.5583651661872864,1,1,0.4673911929130554,0,0,0.013236628845334053,0,1,0.5583651661872864,1,SPEC
202001330,Joshua Karty,2020,K,0.8467,77.4859,1,0.9473394155502319,1,1,0.8802282810211182,1,0,0.09891921281814575,0,1,0.9473394155502319,1,SPEC
202001400,Jake Seibert,2020,K,0.8444,39.9877,1,0.9110715985298157,1,0,0.8234561681747437,1,0,0.21216528117656708,0,1,0.9110715985298157,1,SPEC
202001695,Luke Akers,2020,K,0.8356,60.1426,1,0.8622066974639893,1,1,0.8139580488204956,1,0,0.10528240352869034,0,1,0.8622066974639893,1,SPEC
202001718,Jack Olsen,2020,K,0.8344,70.022,1,0.9303567409515381,1,1,0.8285186290740967,1,0,0.3361921012401581,0,1,0.9303567409515381,1,SPEC
202001898,Jared Zirkel,2020,K,0.83,52.595,1,0.9217145442962646,1,1,0.8740483522415161,1,0,0.2736060321331024,0,1,0.9217145442962646,1,SPEC
202002036,Josh Watts,2020,P,0.825,46.6526,1,0.9521216750144958,1,0,0.8867545127868652,1,0,0.008788138628005981,0,1,0.9521216750144958,1,SPEC
202002064,Brock Travelstead,2020,K,0.8237,71.0329,1,0.9330495595932007,1,1,0.8437936305999756,1,0,0.15793244540691376,0,1,0.9330495595932007,1,SPEC
202002089,Kai Kroeger,2020,P,0.8226,61.5873,1,0.9465187788009644,1,1,0.8593885898590088,1,0,0.011815124191343784,0,1,0.9465187788009644,1,SPEC
202002093,Parker Lewis,2020,K,0.8222,66.6162,1,0.9297643303871155,1,1,0.8604788780212402,1,0,0.05094775930047035,0,1,0.9297643303871155,1,SPEC
202002132,Harrison Mevis,2020,K,0.8211,91.098,1,0.9587412476539612,1,1,0.812620997428894,1,1,0.032407499849796295,0,1,0.9587412476539612,1,SPEC
202002225,James Williams,2020,K,0.82,33.5605,1,0.9293616414070129,1,0,0.8732782602310181,1,0,0.14884215593338013,0,1,0.9293616414070129,1,SPEC
202002664,Jamieson Sheahan,2020,P,0.807,50.5229,1,0.9511914849281311,1,1,0.7759296298027039,1,0,0.006174917798489332,0,1,0.9511914849281311,1,SPEC
202002690,Alex Peitsch,2020,LS,0.8059,0.0,0,0.8482618927955627,1,0,0.3855961263179779,0,0,0.004281250294297934,0,0,0.8482618927955627,1,SPEC
202002730,Fabrizio Pinton,2020,K,0.805,57.7423,1,0.8239362835884094,1,1,0.7625368237495422,1,0,0.024986829608678818,0,1,0.8239362835884094,1,SPEC
202002731,Mark Crawford,2020,P,0.805,59.6457,1,0.8314672112464905,1,1,0.672556459903717,1,0,0.007792350836098194,0,1,0.8314672112464905,1,SPEC
202002744,Tyler Loop,2020,K,0.8037,76.9297,1,0.9406922459602356,1,1,0.6527518630027771,1,0,0.022963523864746094,0,1,0.9406922459602356,1,SPEC
202002750,Jack Van Dyke,2020,P,0.8033,48.3276,1,0.8622854948043823,1,0,0.7038621306419373,1,0,0.008524886332452297,0,1,0.8622854948043823,1,SPEC
202002769,Mitch Jeter,2020,K,0.8022,74.5635,1,0.9403674602508545,1,1,0.8313724398612976,1,0,0.028628963977098465,0,1,0.9403674602508545,1,SPEC
202002780,Sam Johnson,2020,P,0.8017,25.8903,1,0.7355214357376099,1,0,0.7735009789466858,1,0,0.0054971156641840935,0,1,0.7355214357376099,1,SPEC
202002781,Chase Gabriel,2020,K,0.8015,59.7594,1,0.9439069032669067,1,1,0.8379979133605957,1,0,0.029801564291119576,0,1,0.9439069032669067,1,SPEC
202002816,Koby Hathcock,2020,LS,0.8004,51.3339,1,0.8579076528549194,1,1,0.6635619401931763,1,0,0.009958462789654732,0,1,0.8579076528549194,1,SPEC
202002900,Dragan Kesich,2020,K,0.8,71.0773,1,0.8780308365821838,1,1,0.5727447867393494,1,0,0.01774316281080246,0,1,0.8780308365821838,1,SPEC
202002950,Michael Munoz,2020,LS,0.8,0.0,0,0.8498376607894897,1,0,0.6143538951873779,1,0,0.00814835261553526,0,0,0.8498376607894897,1,SPEC
202002985,Everett Ornstein,2020,K,0.8,31.897,1,0.8719421029090881,1,0,0.8571240305900574,1,0,0.016769208014011383,0,1,0.8719421029090881,1,SPEC
202002986,Aidan Martin,2020,K,0.8,0.0,0,0.9213289618492126,1,0,0.6862509846687317,1,0,0.02359212189912796,0,0,0.9213289618492126,1,SPEC
202002987,Zach Schmit,2020,K,0.8,74.9696,1,0.8873307108879089,1,1,0.7892816662788391,1,0,0.040298402309417725,0,1,0.8873307108879089,1,SPEC
202002988,Hunter Renner,2020,P,0.8,53.4967,1,0.9558503031730652,1,1,0.7932250499725342,1,0,0.005822912324219942,0,1,0.9558503031730652,1,SPEC
202002990,Ben Sauls,2020,K,0.7996,71.9644,1,0.8651158809661865,1,1,0.8709031343460083,1,0,0.030784454196691513,0,1,0.8651158809661865,1,SPEC
202003011,Jeremy Crawshaw,2020,P,0.7978,60.3565,1,0.8197391629219055,1,1,0.6947625875473022,1,0,0.005825389176607132,0,1,0.8197391629219055,1,SPEC
202003059,Luke Larsen,2020,P,0.7956,54.602,1,0.6946940422058105,1,1,0.6682102084159851,1,0,0.005702667403966188,0,1,0.6946940422058105,1,SPEC
202003061,Chris Freeman,2020,K,0.795,69.1766,1,0.8875181078910828,1,1,0.7552900910377502,1,0,0.011913422495126724,0,1,0.8875181078910828,1,SPEC
202003062,Cameron Guess,2020,P,0.795,41.8215,1,0.910319983959198,1,0,0.6637827754020691,1,0,0.007851764559745789,0,1,0.910319983959198,1,SPEC
202003063,Charlie Pollack,2020,P,0.795,0.0,0,0.8607594966888428,1,0,0.8596553206443787,1,0,0.004790113307535648,0,0,0.8607594966888428,1,SPEC
202003091,Alex Mastromanno,2020,P,0.7922,69.5907,1,0.7428877949714661,1,1,0.361177533864975,0,0,0.005948339123278856,0,1,0.7428877949714661,1,SPEC
202003113,Jaden Green,2020,LS,0.7904,56.3948,1,0.8971610069274902,1,1,0.6173363924026489,1,0,0.009814811870455742,0,1,0.8971610069274902,1,SPEC
202003140,Blake Glessner,2020,K,0.79,45.086,1,0.6583003401756287,1,0,0.7224045991897583,1,0,0.04582170024514198,0,1,0.6583003401756287,1,SPEC
202003250,Matthew Shipley,2020,P,0.79,73.0009,1,0.7359999418258667,1,1,0.3561778962612152,0,0,0.008295213803648949,0,1,0.7359999418258667,1,SPEC
202003284,Gavin Meyers,2020,P,0.79,43.1001,1,0.832511842250824,1,0,0.4926703870296478,0,0,0.005188996437937021,0,1,0.832511842250824,1,SPEC
202003297,RJ Lopez,2020,K,0.79,56.6293,1,0.7125178575515747,1,1,0.5933530926704407,1,0,0.012671819888055325,0,1,0.7125178575515747,1,SPEC
202003298,Ian Williams,2020,K,0.79,0.0,0,0.7783268094062805,1,0,0.6884206533432007,1,0,0.008850784040987492,0,0,0.7783268094062805,1,SPEC
202003299,Ryan Marks,2020,P,0.79,42.1156,1,0.8684831857681274,1,0,0.3550341725349426,0,0,0.00914796907454729,0,1,0.8684831857681274,1,SPEC
202003300,Levi Forrest,2020,P,0.79,0.0,0,0.8495054244995117,1,0,0.4660140573978424,0,0,0.008859844878315926,0,0,0.8495054244995117,1,SPEC
202003352,Kameron Hawkins,2020,LS,0.787,44.3034,1,0.8035392761230469,1,0,0.5696789026260376,1,0,0.006111805327236652,0,1,0.8035392761230469,1,SPEC
202003375,Jacob Zuhr,2020,LS,0.7837,48.6212,1,0.8125461935997009,1,0,0.8070057034492493,1,0,0.003055016743019223,0,1,0.8125461935997009,1,SPEC
202003388,Bailey Parsons,2020,LS,0.7833,51.3492,1,0.5820441842079163,1,1,0.3813636004924774,0,0,0.0038918214850127697,0,1,0.5820441842079163,1,SPEC
202003594,Will Albright,2020,LS,0.7733,0.0,0,0.5665095448493958,1,0,0.3972202241420746,0,0,0.0036142494063824415,0,0,0.5665095448493958,1,SPEC
202003595,Jacob Garcia,2020,LS,0.7717,52.8272,1,0.6715978980064392,1,1,0.5067675709724426,1,0,0.003921219613403082,0,1,0.6715978980064392,1,SPEC
202003686,Reis Vernon,2020,P,0.77,54.2522,1,0.660887598991394,1,1,0.380317360162735,0,0,0.0045048631727695465,0,1,0.660887598991394,1,SPEC
202003699,Wesley Schelling,2020,LS,0.77,52.7343,1,0.6684614419937134,1,1,0.5594169497489929,1,0,0.0038918214850127697,0,1,0.6684614419937134,1,SPEC
202003753,Kellen Grave de Peralta,2020,K,0.7606,31.4476,1,0.5500271916389465,1,0,0.20898471772670746,0,0,0.011913422495126724,0,1,0.5500271916389465,1,SPEC
202003829,Nick Barcelos,2020,LS,0.7594,55.7989,1,0.631251871585846,1,1,0.25560688972473145,0,0,0.003469582414254546,0,1,0.631251871585846,1,SPEC
202003836,Stephen Kotsanlee,2020,P,0.7533,55.6841,1,0.8841642141342163,1,1,0.49520206451416016,0,0,0.004474544432014227,0,1,0.8841642141342163,1,SPEC
202003865,Joey Rouly,2020,K,0.75,0.0,0,0.6162949204444885,1,0,0.24138645827770233,0,0,0.01308663934469223,0,0,0.6162949204444885,1,SPEC
202003866,Charlton Butt,2020,P,0.75,28.1624,1,0.889763355255127,1,0,0.5445985794067383,1,0,0.004330155439674854,0,1,0.889763355255127,1,SPEC
202003867,Adam Heston,2020,P,0.75,0.0,0,0.8713090419769287,1,0,0.5202676057815552,1,0,0.015323885716497898,0,0,0.8713090419769287,1,SPEC
202003870,Dylan Lewis,2020,K,0.75,33.8413,1,0.7692375779151917,1,0,0.19355076551437378,0,0,0.011913422495126724,0,1,0.7692375779151917,1,SPEC
202003880,Tyler Tipton,2020,K,0.74,41.2786,1,0.6030067801475525,1,0,0.5957049131393433,1,0,0.013142485171556473,0,1,0.6030067801475525,1,SPEC
202003881,Jack Wilson,2020,P,0.74,53.8418,1,0.9133434891700745,1,1,0.6791640520095825,1,0,0.004851511213928461,0,1,0.9133434891700745,1,SPEC
202003882,Lucas Borrow,2020,P,0.74,52.0399,1,0.821047842502594,1,1,0.6151291131973267,1,0,0.007153181824833155,0,1,0.821047842502594,1,SPEC
202003885,Peyton Knight,2020,LS,0.74,0.0,0,0.8824958205223083,1,0,0.6030588150024414,1,0,0.004669171757996082,0,0,0.8824958205223083,1,SPEC
202003886,Valen Penn,2020,LS,0.74,0.0,0,0.7017602920532227,1,0,0.37527918815612793,0,0,0.0035780034959316254,0,0,0.7017602920532227,1,SPEC
202003887,Josh Smith,2020,P,0.74,55.4557,1,0.6833012700080872,1,1,0.6352216601371765,1,0,0.007953784428536892,0,1,0.6833012700080872,1,SPEC
202003889,Angelo Tejada,2020,LS,0.74,45.9329,1,0.8543627262115479,1,0,0.3896428346633911,0,0,0.004373972304165363,0,1,0.8543627262115479,1,SPEC
202003892,Ethan Duane,2020,P,0.73,55.5371,1,0.8572120070457458,1,1,0.735205352306366,1,0,0.003055016743019223,0,1,0.8572120070457458,1,SPEC
202101505,Peyton Todd,2021,P,0.8389,45.658,1,0.9159244894981384,1,0,0.5658811926841736,1,0,0.011912013404071331,0,1,0.9159244894981384,1,SPEC
202101533,Cam Little,2021,K,0.8378,78.519,1,0.9131675958633423,1,1,0.8456586003303528,1,0,0.0817253366112709,0,1,0.9131675958633423,1,SPEC
202101605,Tommy Doman,2021,P,0.8356,58.4142,1,0.9068440198898315,1,1,0.7707411050796509,1,0,0.016779564321041107,0,1,0.9068440198898315,1,SPEC
202101626,Sander Sahaydak,2021,K,0.8344,48.5286,1,0.9391432404518127,1,0,0.8685414791107178,1,0,0.11542300879955292,0,1,0.9391432404518127,1,SPEC
202101669,Andres Borregales,2021,K,0.8333,81.0426,1,0.9630706310272217,1,1,0.7752196192741394,1,1,0.2552977204322815,0,1,0.9630706310272217,1,SPEC
202101887,Joe McFadden,2021,K,0.8256,65.5976,1,0.9615325331687927,1,1,0.8725926876068115,1,0,0.12190204113721848,0,1,0.9615325331687927,1,SPEC
202101888,Connor Lytton,2021,K,0.8256,63.5778,1,0.9257837533950806,1,1,0.9276991486549377,1,0,0.049655981361866,0,1,0.9257837533950806,1,SPEC
202101892,Mason Fletcher,2021,P,0.825,57.603,1,0.9007055759429932,1,1,0.8318442702293396,1,0,0.013317864388227463,0,1,0.9007055759429932,1,SPEC
202101951,Josh Bryan,2021,K,0.8226,0.0,0,0.964259922504425,1,0,0.7827862501144409,1,0,0.02039186656475067,0,0,0.964259922504425,1,SPEC
202101952,Connor Weselman,2021,P,0.8226,56.3614,1,0.8986895084381104,1,1,0.7797265648841858,1,0,0.01048667635768652,0,1,0.8986895084381104,1,SPEC
202101978,Caden Costa,2021,K,0.8211,62.2679,1,0.952521562576294,1,1,0.8714622855186462,1,0,0.3096151649951935,0,1,0.952521562576294,1,SPEC
202102011,Jesse Mirco,2021,P,0.8204,60.2202,1,0.9595261812210083,1,1,0.9176715612411499,1,0,0.006625361740589142,0,1,0.9595261812210083,1,SPEC
202102012,Isaac Pearson,2021,P,0.8204,45.6418,1,0.9225400686264038,1,0,0.6343905329704285,1,0,0.006160157732665539,0,1,0.9225400686264038,1,SPEC
202102014,David Kemp,2021,K,0.8204,53.6377,1,0.9503483772277832,1,1,0.798867404460907,1,0,0.1039813682436943,0,1,0.9503483772277832,1,SPEC
202102021,Mark Vassett,2021,P,0.82,58.8662,1,0.9159244894981384,1,1,0.5911653637886047,1,0,0.007093653082847595,0,1,0.9159244894981384,1,SPEC
202102083,David Shanahan,2021,P,0.817,58.8115,1,0.9467517733573914,1,1,0.8289241790771484,1,0,0.014131943695247173,0,1,0.9467517733573914,1,SPEC
202102126,Kriston Esnard,2021,K,0.8152,54.0782,1,0.9498611092567444,1,1,0.7252676486968994,1,0,0.04811427369713783,0,1,0.9498611092567444,1,SPEC
202102135,Brendan Hall,2021,K,0.8148,39.1394,1,0.8036649227142334,1,0,0.6277046799659729,1,0,0.02126702107489109,0,1,0.8036649227142334,1,SPEC
202102173,Brenden Segovia,2021,P,0.8133,27.4314,1,0.911102294921875,1,0,0.4370269775390625,0,0,0.03463052213191986,0,1,0.911102294921875,1,SPEC
202102183,Cole Becker,2021,K,0.813,76.1658,1,0.782077968120575,1,1,0.28049036860466003,0,0,0.05963134765625,0,1,0.782077968120575,1,SPEC
202102312,Eddie Czaplicki,2021,K,0.8067,61.629,1,0.8351913094520569,1,1,0.7878590822219849,1,0,0.06958995759487152,0,1,0.8351913094520569,1,SPEC
202102334,Andrew Stokes,2021,P,0.8063,54.874,1,0.7709322571754456,1,1,0.584932804107666,1,0,0.00767536973580718,0,1,0.7709322571754456,1,SPEC
202102394,Jack Tannehill,2021,K,0.8026,0.0,0,0.9429526925086975,1,0,0.9111006259918213,1,0,0.015910251066088676,0,0,0.9429526925086975,1,SPEC
202102400,Matthew Dennis,2021,K,0.8022,71.212,1,0.9186664819717407,1,1,0.7181473970413208,1,0,0.021699119359254837,0,1,0.9186664819717407,1,SPEC
202102403,Nick Haberer,2021,P,0.8022,58.6301,1,0.9368172287940979,1,1,0.8161635398864746,1,0,0.0054971156641840935,0,1,0.9368172287940979,1,SPEC
202102404,Wilson Berry,2021,P,0.8022,54.7298,1,0.9076536893844604,1,1,0.7532364130020142,1,0,0.005490146577358246,0,1,0.9076536893844604,1,SPEC
202102411,Hank Pepper,2021,LS,0.8019,57.0184,1,0.80821692943573,1,1,0.8042960166931152,1,0,0.00466461107134819,0,1,0.80821692943573,1,SPEC
202102445,Ashton Logan,2021,P,0.8,39.723,1,0.8422811627388,1,0,0.5375340580940247,1,0,0.018372157588601112,0,1,0.8422811627388,1,SPEC
202102464,James Evans,2021,P,0.7989,59.197,1,0.8967933654785156,1,1,0.5554391145706177,1,0,0.007023434620350599,0,1,0.8967933654785156,1,SPEC
202102475,Mitchell Tomasek,2021,K,0.7983,53.3249,1,0.8138854503631592,1,1,0.8175207376480103,1,0,0.03494793549180031,0,1,0.8138854503631592,1,SPEC
202102490,Jackson Ray,2021,P,0.7967,0.0,0,0.9433571100234985,1,0,0.7588765025138855,1,0,0.009104947559535503,0,0,0.9433571100234985,1,SPEC
202102524,John McConnell,2021,P,0.7944,49.037,1,0.8758318424224854,1,0,0.7296261191368103,1,0,0.005920106545090675,0,1,0.8758318424224854,1,SPEC
202102547,Michael Hughes,2021,K,0.7933,65.0123,1,0.8914101123809814,1,1,0.5636695623397827,1,0,0.024596838280558586,0,1,0.8914101123809814,1,SPEC
202102588,Zack Taylor,2021,LS,0.7889,0.0,0,0.7926769256591797,1,0,0.5041943788528442,1,0,0.003608916187658906,0,0,0.7926769256591797,1,SPEC
202102599,Zane Smith,2021,P,0.7867,0.0,0,0.8942710161209106,1,0,0.6251057386398315,1,0,0.0039727455005049706,0,0,0.8942710161209106,1,SPEC
202102616,Collyn Hopkins,2021,K,0.7844,0.0,0,0.7134830355644226,1,0,0.44160228967666626,0,0,0.009587046690285206,0,0,0.7134830355644226,1,SPEC
202102709,Casey Magyar,2021,K,0.7633,0.0,0,0.8012952208518982,1,0,0.391691654920578,0,0,0.019238343462347984,0,0,0.8012952208518982,1,SPEC
202102710,Benjamin Lisk,2021,LS,0.7633,49.4286,1,0.7165443301200867,1,0,0.31649303436279297,0,0,0.00541777303442359,0,1,0.7165443301200867,1,SPEC
202102713,Jake Marion,2021,K,0.7583,0.0,0,0.7122448682785034,1,0,0.3267988860607147,0,0,0.016122430562973022,0,0,0.7122448682785034,1,SPEC
202102716,Britton Williams,2021,K,0.7533,47.7998,1,0.5551493167877197,1,0,0.23803643882274628,0,0,0.011888016015291214,0,1,0.5551493167877197,1,SPEC
202102717,Tanner Luther,2021,K,0.7533,0.0,0,0.7883564829826355,1,0,0.34052374958992004,0,0,0.015001539140939713,0,0,0.7883564829826355,1,SPEC
202102718,Zach Zoglio,2021,LS,0.7533,0.0,0,0.7247245907783508,1,0,0.41128677129745483,0,0,0.003055016743019223,0,0,0.7247245907783508,1,SPEC
