player_id,name,year,position,rating,position_group,contrib_prob_ge20_raw,contrib_odds_ge20_raw,contrib_prob_ge50_raw,contrib_odds_ge50_raw,contrib_prob_ge80_raw,contrib_odds_ge80_raw,contrib_prob_raw,contrib_odds_raw
202300015,Duce Robinson,2023,TE,0.9875,TE,0.9583098,22.98647,0.89042914,8.126514,0.08895514,0.0976408,0.9583098,22.98647
202300072,Pearce Spurlin III,2023,TE,0.9633,TE,0.9808023,51.089565,0.9796315,48.09538,0.017841008,0.018165091,0.9808023,51.089565
202300106,Riley Williams,2023,TE,0.9481,TE,0.9808023,51.089565,0.98108184,51.859272,0.025907474,0.026596522,0.9808023,51.089565
202300111,Jelani Thurman,2023,TE,0.9474,TE,0.9424573,16.378405,0.90416807,9.434936,0.17172706,0.2073315,0.9424573,16.378405
202300116,Walker Lyons,2023,TE,0.9452,TE,0.9288521,13.055225,0.9515319,19.632122,0.39860147,0.6627909,0.9288521,13.055225
202300125,Andrew Rappleyea,2023,TE,0.9441,TE,0.9347761,14.33181,0.9082788,9.902608,0.1578333,0.18741336,0.9347761,14.33181
202300147,Ethan Davis,2023,TE,0.9383,TE,0.94399714,16.856232,0.90416807,9.434936,0.17378543,0.21033935,0.94399714,16.856232
202300150,Ka'Morreun Pimpton,2023,TE,0.9366,TE,0.9794114,47.57062,0.95899254,23.385807,0.043015752,0.044949282,0.9794114,47.57062
202300153,Lawson Luckie,2023,TE,0.9361,TE,0.9388264,15.346916,0.911935,10.355246,0.21648638,0.276302,0.9388264,15.346916
202300175,Shamar Easter,2023,TE,0.9302,TE,0.8002568,4.006428,0.5281125,1.1191491,0.11510296,0.13007498,0.8002568,4.006428
202300191,Luke Hasz,2023,TE,0.9256,TE,0.85963625,6.1243463,0.86839455,6.5984697,0.018967448,0.019334167,0.85963625,6.1243463
202300220,Ty Lockwood,2023,TE,0.9187,TE,0.77435154,3.431672,0.60582966,1.5369742,0.20113881,0.2517819,0.77435154,3.431672
202300242,Brett Norfleet,2023,TE,0.9151,TE,0.9630807,26.086107,0.8487989,5.613707,0.038898364,0.040472683,0.9630807,26.086107
202300246,Mac Markway,2023,TE,0.9143,TE,0.9264783,12.601432,0.9154099,10.821717,0.027817518,0.028613472,0.9264783,12.601432
202300258,Jaden Platt,2023,TE,0.9125,TE,0.96445304,27.131802,0.90167123,9.169964,0.015340214,0.015579202,0.96445304,27.131802
202300283,Cooper Flanagan,2023,TE,0.9082,TE,0.94626296,17.609137,0.8493306,5.637048,0.028232006,0.029052207,0.94626296,17.609137
202300308,Joey Schlaffer,2023,TE,0.9031,TE,0.98895454,89.534966,0.9666548,28.989304,0.025914978,0.02660443,0.98895454,89.534966
202300345,Brennan Parachek,2023,TE,0.8992,TE,0.8864894,7.809749,0.9084488,9.922852,0.07307349,0.07883418,0.8864894,7.809749
202300368,Juice Vereen,2023,TE,0.897,TE,0.88911456,8.018316,0.88232595,7.49805,0.023768254,0.024346938,0.88911456,8.018316
202300414,Deakon Tonielli,2023,TE,0.8928,TE,0.9793072,47.325928,0.77906,3.526116,0.055412818,0.05866353,0.9793072,47.325928
202300432,Olsen Patt-Henry,2023,TE,0.8919,TE,0.9676829,29.943369,0.79423374,3.8598833,0.0074759973,0.007532309,0.9676829,29.943369
202300442,Khamari Anderson,2023,TE,0.8908,TE,0.92884177,13.053188,0.76487064,3.252978,0.03983264,0.0414851,0.92884177,13.053188
202300447,Jackson Bowers,2023,TE,0.8905,TE,0.9515323,19.6323,0.55274564,1.2358642,0.07729906,0.08377477,0.9515323,19.6323
202300461,Matthew Klopfenstein,2023,TE,0.8894,TE,0.9354821,14.499571,0.43321535,0.76433855,0.07289202,0.078623004,0.9354821,14.499571
202300566,Jackson McGohan,2023,TE,0.8828,TE,0.5565728,1.2551616,0.6642425,1.97834,0.0046254066,0.0046469,0.5565728,1.2551616
202300581,Julien Randolph,2023,TE,0.8816,TE,0.9007573,9.076309,0.793525,3.843201,0.049261604,0.05181405,0.9007573,9.076309
202300618,Jaden Hamm,2023,TE,0.8794,TE,0.9290675,13.097908,0.8702338,6.7061653,0.025122123,0.025769508,0.9290675,13.097908
202300659,Markus Dixon,2023,TE,0.8778,TE,0.90606,9.64509,0.8942481,8.456098,0.017826634,0.01815019,0.90606,9.64509
202300682,CJ Jacobsen,2023,TE,0.8769,TE,0.96411264,26.864964,0.8119037,4.3164263,0.03549078,0.036796726,0.96411264,26.864964
202300688,Jackson Carver,2023,TE,0.8769,TE,0.9672504,29.53473,0.8056906,4.146431,0.04152349,0.043322388,0.9672504,29.53473
202300694,Jayvontay Conner,2023,TE,0.8764,TE,0.9583236,22.994394,0.89231104,8.286003,0.0075932792,0.0076513784,0.9583236,22.994394
202300721,Connor Cox,2023,TE,0.8753,TE,0.95531267,21.377707,0.74807096,2.9693716,0.026299363,0.027009701,0.95531267,21.377707
202300726,Chico Holt,2023,TE,0.875,TE,0.9640231,26.795624,0.74985564,2.9976916,0.022103278,0.022602875,0.9640231,26.795624
202300757,Sam West,2023,TE,0.8739,TE,0.9763116,41.214798,0.82769394,4.8036265,0.06305891,0.067302965,0.9763116,41.214798
202300760,Randy Pittman Jr.,2023,TE,0.8736,TE,0.92648745,12.603119,0.79041576,3.771351,0.003239298,0.003249825,0.92648745,12.603119
202300763,Spencer Shannon,2023,TE,0.8736,TE,0.90347344,9.359842,0.5839696,1.4036704,0.01867037,0.019025587,0.90347344,9.359842
202300764,Camp Magee,2023,TE,0.8736,TE,0.96725637,29.540289,0.8120886,4.321657,0.051784616,0.054612715,0.96725637,29.540289
202300786,Anthony Miller,2023,TE,0.8726,TE,0.9758423,40.394665,0.7591678,3.1522684,0.0340329,0.035231944,0.9758423,40.394665
202300792,Zach Ortwerth,2023,TE,0.8722,TE,0.96517444,27.714539,0.8292798,4.857537,0.003581645,0.0035945193,0.96517444,27.714539
202300794,Ismael Smith Flores,2023,TE,0.8722,TE,0.974063,37.554928,0.8036086,4.0918727,0.018005347,0.018335484,0.974063,37.554928
202300819,George Burhenn,2023,TE,0.8714,TE,0.9283297,12.952783,0.817352,4.475012,0.026573969,0.027299423,0.9283297,12.952783
202300855,Hawkins Polley,2023,TE,0.8694,TE,0.7066052,2.4083767,0.4760585,0.90861005,0.0017890228,0.0017922291,0.7066052,2.4083767
202300954,Grant Leeper,2023,TE,0.8658,TE,0.908926,9.980083,0.6104711,1.5672038,0.0218836,0.022373205,0.908926,9.980083
202301001,Will Randle,2023,TE,0.8644,TE,0.9200206,11.503217,0.6757968,2.0844853,0.0022352354,0.002240243,0.9200206,11.503217
202301023,Adam Moore,2023,TE,0.8636,TE,0.8699517,6.689452,0.5587219,1.2661446,0.0023204808,0.0023258778,0.8699517,6.689452
202301056,Reid Mikeska,2023,TE,0.8625,TE,0.9652154,27.748343,0.80938554,4.2461915,0.00333652,0.0033476898,0.9652154,27.748343
202301063,Vance Bolyard,2023,TE,0.8622,TE,0.9480796,18.260246,0.79969263,3.9923275,0.042432,0.044312257,0.9480796,18.260246
202301109,Ben Marshall,2023,TE,0.8606,TE,0.93559206,14.526035,0.79094714,3.7834792,0.0053920066,0.005421238,0.93559206,14.526035
202301129,Sam Peters,2023,TE,0.8597,TE,0.86909866,6.6393414,0.56885153,1.3193866,0.05632454,0.059686348,0.86909866,6.6393414
202301148,Peter Clarke,2023,TE,0.8589,TE,0.8324856,4.9696364,0.882801,7.532496,0.002428763,0.0024346763,0.8324856,4.9696364
202301154,Tripp Riordan,2023,TE,0.8589,TE,0.8176007,4.482478,0.54645145,1.2048357,0.0012493981,0.001250961,0.8176007,4.482478
202301159,Dorian Thomas,2023,TE,0.8586,TE,0.82983196,4.876544,0.58946747,1.4358605,0.0044293706,0.0044490774,0.82983196,4.876544
202301170,Cooper Jensen,2023,TE,0.8583,TE,0.9007143,9.071941,0.7779189,3.502859,0.012232808,0.012384303,0.9007143,9.071941
202301261,Josh Palmer,2023,TE,0.8552,TE,0.94169205,16.150322,0.84549814,5.472414,0.0148767745,0.015101436,0.94169205,16.150322
202301264,Pierce Walsh,2023,TE,0.855,TE,0.9308591,13.463217,0.81593937,4.4329925,0.042986732,0.044917595,0.9308591,13.463217
202301316,Will Anciaux,2023,TE,0.8531,TE,0.92061764,11.597257,0.6700837,2.031072,0.0046053953,0.004626703,0.92061764,11.597257
202301334,Tanner Lemaster,2023,TE,0.8519,TE,0.8681401,6.583807,0.72621965,2.652563,0.0027403487,0.0027478787,0.8681401,6.583807
202301369,Eli Finley,2023,TE,0.8511,TE,0.864453,6.377516,0.5181775,1.0754532,0.0035973387,0.0036103262,0.864453,6.377516
202301384,Logan Blake,2023,TE,0.8508,TE,0.9034741,9.359913,0.51231754,1.0505146,0.0062238495,0.0062628286,0.9034741,9.359913
202301463,Saimone Davis,2023,TE,0.8483,TE,0.8496695,5.652011,0.41404307,0.7066101,0.0030232426,0.0030324103,0.8496695,5.652011
202301468,David Clement,2023,TE,0.8483,TE,0.5047689,1.0192593,0.38895825,0.63654935,0.0069608344,0.007009627,0.5047689,1.0192593
202301472,AJ Szymanski,2023,TE,0.8483,TE,0.6809099,2.133911,0.3933842,0.6484899,0.0064884387,0.0065308134,0.6809099,2.133911
202301484,Cayden Dawson,2023,TE,0.8478,TE,0.7542902,3.069842,0.453245,0.8289729,0.0035198594,0.0035322926,0.7542902,3.069842
202301485,Tucker Ashcraft,2023,TE,0.8478,TE,0.82702327,4.7811246,0.4000202,0.66672283,0.007458966,0.0075150207,0.82702327,4.7811246
202301503,Carson Rhodes,2023,TE,0.8475,TE,0.79785186,3.9468672,0.5725458,1.3394321,0.0032105166,0.0032208574,0.79785186,3.9468672
202301554,Andrew Metzger,2023,TE,0.8453,TE,0.9176142,11.138018,0.54226595,1.1846747,0.007458966,0.0075150207,0.9176142,11.138018
202301559,Gabe Hoffmann,2023,TE,0.845,TE,0.53856915,1.167172,0.45633212,0.8393582,0.0034138479,0.0034255423,0.53856915,1.167172
202301603,Trent Thomas,2023,TE,0.8437,TE,0.8556199,5.9261627,0.82494795,4.712587,0.017450398,0.017760321,0.8556199,5.9261627
202301663,Brennan Wooten,2023,TE,0.8411,TE,0.9282907,12.945197,0.6780742,2.1063056,0.16850597,0.20265445,0.9282907,12.945197
202301684,Tyler Little,2023,TE,0.84,TE,0.6780688,2.1062539,0.60185945,1.5116758,0.07039081,0.07572087,0.6780688,2.1062539
202301726,TeKai Kirby,2023,TE,0.8378,TE,0.68547636,2.1794112,0.6379017,1.7616812,0.0026971344,0.0027044285,0.68547636,2.1794112
202301737,Matthew Fredrick,2023,TE,0.837,TE,0.5724517,1.3389171,0.6007107,1.5044497,0.019158512,0.019532729,0.5724517,1.3389171
202301753,Braiden Staten,2023,TE,0.8367,TE,0.72164184,2.592494,0.6550717,1.899153,0.0066913646,0.0067364406,0.72164184,2.592494
202301755,Noah Braham,2023,TE,0.8367,TE,0.8074688,4.1939626,0.668633,2.0178018,0.015510884,0.015755262,0.8074688,4.1939626
202301776,Kamrean Johnson,2023,TE,0.8353,TE,0.85313356,5.8089075,0.8903666,8.121309,0.016291127,0.016560923,0.85313356,5.8089075
202301806,Antonio Ferguson,2023,TE,0.8337,TE,0.8008835,4.022185,0.6161923,1.6054713,0.01802306,0.018353853,0.8008835,4.022185
202301810,Oliver Fisher,2023,TE,0.8337,TE,0.84291065,5.3658037,0.82169664,4.6084194,0.04239074,0.044267263,0.84291065,5.3658037
202301811,Mason Williams,2023,TE,0.8337,TE,0.69572926,2.2865467,0.61574227,1.60242,0.0132570295,0.013435139,0.69572926,2.2865467
202301818,Josh Phifer,2023,TE,0.8337,TE,0.7552479,3.0857666,0.5096271,1.0392644,0.04314121,0.045086283,0.7552479,3.0857666
202301826,Justyn Reid,2023,TE,0.8336,TE,0.69621015,2.2917492,0.48538837,0.94321305,0.016466277,0.016741954,0.69621015,2.2917492
202301864,Gerard Edimo,2023,TE,0.8306,TE,0.62133425,1.6408515,0.32370716,0.4786494,0.008206433,0.008274335,0.62133425,1.6408515
202301874,Exavious Reed,2023,TE,0.8304,TE,0.6166418,1.6085266,0.3458148,0.5286191,0.021173222,0.021631226,0.6166418,1.6085266
202301887,Jake Simpson,2023,TE,0.8304,TE,0.55619353,1.2532344,0.35314378,0.5459386,0.006604137,0.0066480413,0.55619353,1.2532344
202301888,Nate Guinn,2023,TE,0.8304,TE,0.7124946,2.4781957,0.328674,0.4895892,0.017435817,0.01774522,0.7124946,2.4781957
202301902,Nollenn Tabaska,2023,TE,0.83,TE,0.7285829,2.6843665,0.56838804,1.316896,0.01131824,0.01144781,0.7285829,2.6843665
202301909,Matt Wagner,2023,TE,0.83,TE,0.8056834,4.14624,0.43844312,0.7807635,0.026194427,0.026899032,0.8056834,4.14624
202301931,Dante Barone,2023,TE,0.8275,TE,0.71681935,2.5313146,0.5555456,1.2499497,0.007140355,0.0071917064,0.71681935,2.5313146
202301938,Zeke Moore,2023,TE,0.827,TE,0.6267152,1.6789196,0.31580052,0.46156207,0.009475011,0.009565646,0.6267152,1.6789196
202301947,Rowdy Beers,2023,TE,0.827,TE,0.76353586,3.228971,0.5414265,1.1806754,0.03364439,0.034815744,0.76353586,3.228971
202301948,Jackson Worley,2023,TE,0.827,TE,0.79518086,3.8823562,0.46168217,0.85763866,0.037570056,0.039036665,0.79518086,3.8823562
202301961,Zeke Wimbush,2023,TE,0.8263,TE,0.6051125,1.5323668,0.556128,1.2529019,0.007564881,0.0076225447,0.6051125,1.5323668
202301985,Ty Stamey,2023,TE,0.825,TE,0.7879584,3.7160554,0.5853151,1.4114696,0.024980202,0.0256202,0.7879584,3.7160554
202302031,Bo Burklow,2023,TE,0.8228,TE,0.601256,1.5078748,0.38235363,0.6190495,0.011300295,0.0114294505,0.601256,1.5078748
202302051,Patrick Overmyer,2023,TE,0.8206,TE,0.68505573,2.175165,0.43558773,0.77175456,0.017058432,0.017354472,0.68505573,2.175165
202302057,Cedric Anton,2023,TE,0.8204,TE,0.72626066,2.6531103,0.42980185,0.75377625,0.009998323,0.010099299,0.72626066,2.6531103
202302063,Fin Jones,2023,TE,0.8204,TE,0.6854626,2.1792722,0.4114106,0.69897723,0.013957135,0.014154694,0.6854626,2.1792722
202302086,Joshua Goines,2023,TE,0.8196,TE,0.80979306,4.2574315,0.57219976,1.3375396,0.0067066136,0.006751896,0.80979306,4.2574315
202302094,Jack Parker,2023,TE,0.8186,TE,0.7411349,2.8630157,0.47042498,0.8883066,0.009261317,0.0093478905,0.7411349,2.8630157
202302132,Jaden Mikhael,2023,TE,0.8156,TE,0.72679645,2.6602745,0.30584103,0.4405922,0.0057459543,0.005779161,0.72679645,2.6602745
202302145,Jalyn Thompson,2023,TE,0.815,TE,0.77283627,3.402111,0.537539,1.1623446,0.019967135,0.020373944,0.77283627,3.402111
202302157,Nathan VanTimmeren,2023,TE,0.8139,TE,0.7435525,2.8994336,0.36474276,0.57416546,0.1421573,0.16571489,0.7435525,2.8994336
202302161,Conner Cravaack,2023,TE,0.8137,TE,0.785026,3.6517255,0.40603152,0.683591,0.019956294,0.020362658,0.785026,3.6517255
202302172,Si Stovall,2023,TE,0.8128,TE,0.45774028,0.8441348,0.35962686,0.5615896,0.0020906944,0.0020950746,0.45774028,0.8441348
202302183,Bryce Harrison,2023,TE,0.8104,TE,0.8807261,7.3840637,0.5140516,1.0578318,0.01209136,0.01223935,0.8807261,7.3840637
202302187,Devin Scura,2023,TE,0.8104,TE,0.5121921,1.0499872,0.38733318,0.63220847,0.0063665416,0.006407334,0.5121921,1.0499872
202302197,Bryce Gilchrist,2023,TE,0.81,TE,0.7128563,2.4825768,0.44137582,0.7901123,0.003251533,0.00326214,0.7128563,2.4825768
202302224,Max Drag,2023,TE,0.8063,TE,0.5985888,1.4912112,0.505574,1.0225474,0.005218056,0.0052454267,0.5985888,1.4912112
202302229,Aiden Valdez,2023,TE,0.8056,TE,0.68950284,2.2206414,0.36812058,0.5825804,0.01793106,0.018258454,0.68950284,2.2206414
202302238,Rory Callahan,2023,TE,0.8039,TE,0.50643736,1.0260853,0.43835324,0.78047854,0.025668912,0.026345164,0.50643736,1.0260853
202302257,Jay'shon Thomas,2023,TE,0.8006,TE,0.7016958,2.3522828,0.3004455,0.42948118,0.007108056,0.007158942,0.7016958,2.3522828
202302270,James Falk,2023,TE,0.7989,TE,0.5057006,1.0230653,0.42490062,0.73883,0.0017522691,0.0017553449,0.5057006,1.0230653
202302275,Will Monney,2023,TE,0.7983,TE,0.7834827,3.618568,0.52288777,1.0959429,0.006054296,0.0060911737,0.7834827,3.618568
202302283,Jake Davies,2023,TE,0.7956,TE,0.6945669,2.2740395,0.4696626,0.8855921,0.0014406877,0.0014427663,0.6945669,2.2740395
202302302,Cody Smith,2023,TE,0.7883,TE,0.8236848,4.671661,0.7157663,2.5182319,0.001275294,0.0012769224,0.8236848,4.671661
202302310,Brady Probst,2023,TE,0.7733,TE,0.6432947,1.8034346,0.3375149,0.5094679,0.00243774,0.002443697,0.6432947,1.8034346
202400040,Trey'Dez Green,2024,TE,0.9814,TE,0.95722926,22.380468,0.93091965,13.475896,0.08895514,0.0976408,0.95722926,22.380468
202400053,Caleb Odom,2024,TE,0.9753,TE,0.97296685,35.99162,0.9446359,17.062256,0.2583725,0.34838578,0.97296685,35.99162
202400055,Carter Nelson,2024,TE,0.9745,TE,0.95646495,21.969995,0.90293545,9.302422,0.24092296,0.3173893,0.95646495,21.969995
202400069,Jaden Reddell,2024,TE,0.9678,TE,0.97280157,35.766823,0.9630944,26.096169,0.2512856,0.3356228,0.97280157,35.766823
202400071,Luke Reynolds,2024,TE,0.9659,TE,0.9590591,23.425465,0.9725054,35.370766,0.22496586,0.29026574,0.9590591,23.425465
202400074,Christian Bentancur,2024,TE,0.964,TE,0.9572864,22.411757,0.95537317,21.408043,0.14426813,0.16859034,0.9572864,22.411757
202400087,Amir Jackson,2024,TE,0.9556,TE,0.95723134,22.381609,0.9576813,22.630215,0.18160333,0.22190134,0.95723134,22.381609
202400103,Landen Thomas,2024,TE,0.951,TE,0.94810367,18.269184,0.9479559,18.214476,0.29066968,0.4097804,0.94810367,18.269184
202400130,Brady Prieskorn,2024,TE,0.9407,TE,0.9489312,18.581434,0.9436737,16.753687,0.112614825,0.12690637,0.9489312,18.581434
202400147,Michael Smith,2024,TE,0.9361,TE,0.9495006,18.802223,0.9479559,18.214476,0.17783177,0.21629609,0.9495006,18.802223
202400154,Davon Mitchell,2024,TE,0.9341,TE,0.94313675,16.586052,0.9621392,25.412535,0.046855275,0.049158614,0.94313675,16.586052
202400185,Walter Matthews,2024,TE,0.9251,TE,0.9266539,12.633994,0.82326066,4.65805,0.011682604,0.011820701,0.9266539,12.633994
202400252,Ryner Swanson,2024,TE,0.9125,TE,0.9534247,20.470604,0.90825903,9.900256,0.010136668,0.010240472,0.9534247,20.470604
202400258,Maxence LeBlanc,2024,TE,0.9114,TE,0.9719097,34.59948,0.8505342,5.6904936,0.0066184737,0.00666257,0.9719097,34.59948
202400268,Jonathan Echols,2024,TE,0.9101,TE,0.9390031,15.394279,0.8283555,4.8259945,0.064697206,0.06917247,0.9390031,15.394279
202400274,Elija Lofton,2024,TE,0.9094,TE,0.9703639,32.74265,0.9319183,13.68824,0.003415998,0.0034277071,0.9703639,32.74265
202400277,Gavin Hoffman,2024,TE,0.9093,TE,0.97683126,42.1616,0.91022843,10.139384,0.031574134,0.032603562,0.97683126,42.1616
202400287,Joey Olsen,2024,TE,0.9085,TE,0.97683126,42.1616,0.9236149,12.091561,0.031574134,0.032603562,0.97683126,42.1616
202400291,Grant Stec,2024,TE,0.9076,TE,0.9868068,74.79668,0.92613125,12.537524,0.011442089,0.011574526,0.9868068,74.79668
202400296,KJ Duff,2024,TE,0.9073,TE,0.98645043,72.8031,0.97142845,33.999855,0.07214945,0.07775977,0.98645043,72.8031
202400300,Kylan Fox,2024,TE,0.9069,TE,0.98120636,52.209484,0.95981395,23.884258,0.008923099,0.009003438,0.98120636,52.209484
202400330,Jordan Washington,2024,TE,0.9036,TE,0.9328922,13.901399,0.87285155,6.8648224,0.013405854,0.013588013,0.9328922,13.901399
202400348,Hogan Hansen,2024,TE,0.9012,TE,0.98561376,68.51088,0.90429795,9.449097,0.022433126,0.022947919,0.98561376,68.51088
202400362,Beau Baker,2024,TE,0.9,TE,0.97064316,33.063614,0.87257135,6.847529,0.017769508,0.018090976,0.97064316,33.063614
202400383,Eric Karner,2024,TE,0.8983,TE,0.9186118,11.286798,0.7417439,2.8721256,0.057878137,0.06143381,0.9186118,11.286798
202400428,Tayvion Galloway,2024,TE,0.8942,TE,0.44842568,0.8129923,0.41326058,0.7043341,0.048711717,0.051206052,0.44842568,0.8129923
202400434,Dylan Mesman,2024,TE,0.8933,TE,0.9167475,11.011653,0.6413573,1.7882904,0.11898327,0.13505222,0.9167475,11.011653
202400461,Roger Saleapaga,2024,TE,0.8917,TE,0.95361435,20.558393,0.78113157,3.568955,0.010361378,0.01046986,0.95361435,20.558393
202400467,Damarion Witten,2024,TE,0.8908,TE,0.8914417,8.21164,0.75751066,3.1238925,0.017398108,0.017706161,0.8914417,8.21164
202400481,Jack Larsen,2024,TE,0.89,TE,0.9657493,28.196503,0.84811604,5.583974,0.0014837593,0.001485964,0.9657493,28.196503
202400488,Luke Harpring,2024,TE,0.89,TE,0.9766035,41.74145,0.8096269,4.2528424,0.0028534825,0.002861648,0.9766035,41.74145
202400543,A.J. Pugliano,2024,TE,0.8858,TE,0.87785745,7.187155,0.8437306,5.3992066,0.0035658232,0.003578584,0.87785745,7.187155
202400556,Jacorey Whitted,2024,TE,0.8853,TE,0.6730203,2.0582938,0.85353756,5.827689,0.037894573,0.03938713,0.6730203,2.0582938
202400644,Colton Heinrich,2024,TE,0.8808,TE,0.8494725,5.6433053,0.83676314,5.1260676,0.009813801,0.009911067,0.8494725,5.6433053
202400645,Jayden Fortier,2024,TE,0.8806,TE,0.8391153,5.2156324,0.7528036,3.0453668,0.0186854,0.019041194,0.8391153,5.2156324
202400657,Jett Zabel,2024,TE,0.88,TE,0.9169464,11.040419,0.8818262,7.4621143,0.008082644,0.008148505,0.9169464,11.040419
202400669,Rob Booker II,2024,TE,0.8794,TE,0.8507579,5.700522,0.7705137,3.357559,0.044611353,0.046694454,0.8507579,5.700522
202400713,Brycen Coleman,2024,TE,0.8776,TE,0.8208102,4.5806746,0.71054506,2.4547691,0.07607235,0.08233583,0.8208102,4.5806746
202400714,Ian Flynt,2024,TE,0.8775,TE,0.8201935,4.561535,0.7501684,3.002696,0.005749609,0.005782858,0.8201935,4.561535
202400735,Gavin Grover,2024,TE,0.8764,TE,0.9202725,11.542728,0.8012062,4.0303373,0.018467598,0.018815067,0.9202725,11.542728
202400775,Noah Onyia,2024,TE,0.875,TE,0.9664981,28.849033,0.7354559,2.7800877,0.061307985,0.06531214,0.9664981,28.849033
202400796,Cooper Alexander,2024,TE,0.8744,TE,0.92590535,12.49625,0.8258189,4.741151,0.004436679,0.004456451,0.92590535,12.49625
202400797,Keelan Smith,2024,TE,0.8744,TE,0.9833856,59.188835,0.8611835,6.203756,0.0038999468,0.003915216,0.9833856,59.188835
202400807,Jacob Simpson,2024,TE,0.8739,TE,0.97290355,35.905205,0.8986859,8.870292,0.06305891,0.067302965,0.97290355,35.905205
202400824,Decker DeGraaf,2024,TE,0.8733,TE,0.9550181,21.231165,0.8129661,4.3466244,0.0030402495,0.0030495208,0.9550181,21.231165
202400834,Jay Lindsey,2024,TE,0.8731,TE,0.9790333,46.694656,0.8693463,6.653822,0.04896794,0.051489264,0.9790333,46.694656
202400842,Willie Rodriguez,2024,TE,0.8728,TE,0.9446739,17.07465,0.78052384,3.5563035,0.009948745,0.010048717,0.9446739,17.07465
202400887,Karsen Konkel,2024,TE,0.8714,TE,0.8825892,7.5171056,0.83352786,5.0070114,0.16684546,0.20025751,0.8825892,7.5171056
202400954,Patrick Schaller,2024,TE,0.8689,TE,0.8589169,6.0880203,0.48952883,0.9589745,0.026573969,0.027299423,0.8589169,6.0880203
202400960,Michael Burt,2024,TE,0.8689,TE,0.68744665,2.1994538,0.34114903,0.51779395,0.012047263,0.01219417,0.68744665,2.1994538
202400978,Dillon Hipp,2024,TE,0.8681,TE,0.7420234,2.8763206,0.3713028,0.5905909,0.014412439,0.014623196,0.7420234,2.8763206
202401003,Matt Ogunniyi,2024,TE,0.8675,TE,0.82247066,4.632872,0.55998653,1.2726578,0.026573969,0.027299423,0.82247066,4.632872
202401013,Benji Blackburn,2024,TE,0.8672,TE,0.8521499,5.7636075,0.6647774,1.9830924,0.012712949,0.012876649,0.8521499,5.7636075
202401019,Trey Jackson,2024,TE,0.8672,TE,0.90948504,10.047897,0.6416542,1.7906005,0.0039311107,0.003946625,0.90948504,10.047897
202401038,Whit Hafer,2024,TE,0.8664,TE,0.78692496,3.6931822,0.5689273,1.3197943,0.00789063,0.007953387,0.78692496,3.6931822
202401060,Timothy Lawson,2024,TE,0.8658,TE,0.82119316,4.592627,0.54283124,1.187376,0.0035844678,0.0035973624,0.82119316,4.592627
202401069,Traville Frederick Jr.,2024,TE,0.8656,TE,0.8899883,8.089943,0.7783077,3.510756,0.0021125225,0.0021169947,0.8899883,8.089943
202401092,Keaton Roskop,2024,TE,0.8647,TE,0.92531633,12.389809,0.659106,1.9334633,0.0042254636,0.004243394,0.92531633,12.389809
202401099,Brody Kosin,2024,TE,0.8644,TE,0.9050342,9.530105,0.77765167,3.4974477,0.12446646,0.1421607,0.9050342,9.530105
202401104,Cole Harrison,2024,TE,0.8642,TE,0.91355497,10.568045,0.6678116,2.0103397,0.00915535,0.009239945,0.91355497,10.568045
202401110,Camden Jones,2024,TE,0.8639,TE,0.93516314,14.423326,0.7825158,3.5980356,0.08147959,0.08870743,0.93516314,14.423326
202401141,Carson Bruhn,2024,TE,0.8631,TE,0.9043865,9.458776,0.8506613,5.696187,0.002988981,0.0029979418,0.9043865,9.458776
202401155,Ryan Ward,2024,TE,0.8625,TE,0.8759171,7.059127,0.526186,1.1105328,0.0017137505,0.0017166925,0.8759171,7.059127
202401181,David Prince,2024,TE,0.8617,TE,0.9118284,10.34152,0.5972704,1.4830558,0.003409506,0.0034211706,0.9118284,10.34152
202401256,Hubert Caliste Jr.,2024,TE,0.8597,TE,0.94897145,18.596872,0.8500512,5.668944,0.0033899203,0.0034014508,0.94897145,18.596872
202401270,Brett Elliott,2024,TE,0.8592,TE,0.87901103,7.2652164,0.6182117,1.6192526,0.068192065,0.07318253,0.87901103,7.2652164
202401288,Jackson Ford,2024,TE,0.8589,TE,0.88929325,8.032873,0.6729816,2.0579321,0.0025733514,0.0025799905,0.88929325,8.032873
202401315,Aiden Black,2024,TE,0.8581,TE,0.902101,9.214607,0.69991577,2.3323977,0.0010405693,0.0010416532,0.902101,9.214607
202401333,Aidan Steinfeldt,2024,TE,0.8575,TE,0.93153214,13.605394,0.72528857,2.6401834,0.0058972375,0.005932221,0.93153214,13.605394
202401334,Luca Puccinelli,2024,TE,0.8575,TE,0.9153051,10.807083,0.86692184,6.514381,0.042432,0.044312257,0.9153051,10.807083
202401348,Cole Snodgrass,2024,TE,0.8575,TE,0.8561874,5.9534936,0.49783275,0.9913685,0.003949693,0.003965355,0.8561874,5.9534936
202401402,Wyatt Hook,2024,TE,0.8558,TE,0.89336574,8.37785,0.7378738,2.8149562,0.0030018317,0.0030108697,0.89336574,8.37785
202401413,Kade Caton,2024,TE,0.8556,TE,0.7323678,2.7364714,0.77578485,3.460002,0.0060379566,0.006074635,0.7323678,2.7364714
202401465,Jewlyen Roberts,2024,TE,0.8542,TE,0.9155919,10.847203,0.52538687,1.1069793,0.0018795953,0.0018831348,0.9155919,10.847203
202401492,John Rogers,2024,TE,0.8533,TE,0.91026103,10.143432,0.6849285,2.1738825,0.0045612897,0.0045821904,0.91026103,10.143432
202401503,Jack Sammarco,2024,TE,0.8531,TE,0.8681401,6.583807,0.72621965,2.652563,0.002411948,0.0024177795,0.8681401,6.583807
202401504,Josh Ford,2024,TE,0.8531,TE,0.8789301,7.2596908,0.7296392,2.6987607,0.0043567196,0.0043757837,0.8789301,7.2596908
202401520,Monte Keener,2024,TE,0.8525,TE,0.8957532,8.592621,0.6145745,1.5945351,0.010879264,0.010998924,0.8957532,8.592621
202401521,Khalil Witherspoon,2024,TE,0.8525,TE,0.92631954,12.57212,0.60624784,1.5396687,0.012735179,0.012899456,0.92631954,12.57212
202401549,Kaleb Thomas,2024,TE,0.8517,TE,0.9476276,18.094028,0.54255366,1.1860487,0.013444872,0.0136281,0.9476276,18.094028
202401551,Charlie Crowell,2024,TE,0.8517,TE,0.907711,9.835531,0.8005586,4.0140047,0.006670293,0.0067150844,0.907711,9.835531
202401553,Jaden Landrum,2024,TE,0.8517,TE,0.95751905,22.539967,0.767299,3.2973602,0.004392864,0.0044122464,0.95751905,22.539967
202401623,Jordan White,2024,TE,0.85,TE,0.8282086,4.821014,0.27805084,0.38513908,0.0035434847,0.0035560858,0.8282086,4.821014
202401652,Ridge Barker,2024,TE,0.85,TE,0.85398436,5.8485813,0.4764209,0.90993106,0.0034683412,0.0034804125,0.85398436,5.8485813
202401653,Malachi Thomas,2024,TE,0.85,TE,0.79518586,3.8824754,0.32185408,0.47460893,0.02568745,0.026364692,0.79518586,3.8824754
202401703,Gavin Chadwell,2024,TE,0.8478,TE,0.742658,2.8858798,0.497038,0.9882218,0.008204392,0.008272261,0.742658,2.8858798
202401756,Jett Nelson,2024,TE,0.8461,TE,0.9202196,11.534407,0.7720818,3.387539,0.009101058,0.009184648,0.9202196,11.534407
202401770,Arthur Ban,2024,TE,0.8453,TE,0.9134269,10.550929,0.66542023,1.9888239,0.009101058,0.009184648,0.9134269,10.550929
202401813,Levi Smiley,2024,TE,0.8444,TE,0.43744257,0.77759624,0.37073085,0.5891451,0.0017160305,0.0017189804,0.43744257,0.77759624
202401815,Eli Sisson,2024,TE,0.8442,TE,0.64093596,1.7850184,0.39437723,0.6511929,0.004563984,0.0045849094,0.64093596,1.7850184
202401836,Zach Meeks,2024,TE,0.8428,TE,0.90321386,9.332058,0.51455206,1.0599531,0.008496536,0.008569346,0.90321386,9.332058
202401867,Luke Carter,2024,TE,0.8417,TE,0.64357674,1.8056531,0.41945633,0.72252333,0.0030063833,0.003015449,0.64357674,1.8056531
202401876,Lane Wadle,2024,TE,0.8411,TE,0.75762725,3.1258764,0.56244713,1.2854381,0.02903948,0.029907992,0.75762725,3.1258764
202401904,Tyler Harrington,2024,TE,0.8404,TE,0.9108633,10.218721,0.63186765,1.7164143,0.018630872,0.018984571,0.9108633,10.218721
202401910,Jake Wilson,2024,TE,0.8404,TE,0.812228,4.3256083,0.47255015,0.89591485,0.008104729,0.008170952,0.812228,4.3256083
202401911,Kaden Anderson,2024,TE,0.8403,TE,0.83761436,5.1581798,0.61345655,1.5870312,0.1750851,0.21224624,0.83761436,5.1581798
202401913,Grayson Brousseau,2024,TE,0.8403,TE,0.766533,3.2832608,0.5474115,1.2095126,0.014960537,0.015187753,0.766533,3.2832608
202401965,Nate Markiewicz,2024,TE,0.84,TE,0.76238835,3.2085478,0.5623002,1.284671,0.033252236,0.034395978,0.76238835,3.2085478
202401968,Griffin McLean,2024,TE,0.84,TE,0.88704246,7.8528843,0.8402301,5.2590017,0.003958245,0.003973975,0.88704246,7.8528843
202402001,Reed Jesiolowski,2024,TE,0.8397,TE,0.8106465,4.281127,0.62110823,1.6392761,0.0102323005,0.010338083,0.8106465,4.281127
202402009,Victor Aderungboye,2024,TE,0.8394,TE,0.7970921,3.9283438,0.5275813,1.1167662,0.0016450079,0.0016477184,0.7970921,3.9283438
202402045,Tanner Hollinger,2024,TE,0.8372,TE,0.638073,1.7629883,0.522709,1.095158,0.027292656,0.028058445,0.638073,1.7629883
202402050,Michael Balogh,2024,TE,0.837,TE,0.45434505,0.83266,0.5214733,1.0897475,0.0132570295,0.013435139,0.45434505,0.83266
202402060,Travis Ambrose,2024,TE,0.837,TE,0.49595097,0.9839339,0.60155594,1.5097626,0.013419907,0.0136024505,0.49595097,0.9839339
202402063,Brandon Young Jr.,2024,TE,0.8369,TE,0.59745604,1.4842007,0.54741484,1.2095289,0.035131816,0.036411,0.59745604,1.4842007
202402152,Connie Hewitt II,2024,TE,0.8336,TE,0.7445523,2.914696,0.32603896,0.48376527,0.012264908,0.012417204,0.7445523,2.914696
202402153,Nick Segarra,2024,TE,0.8336,TE,0.86806667,6.5795856,0.529118,1.1236743,0.033750903,0.034929816,0.86806667,6.5795856
202402188,Jaylin Ballew,2024,TE,0.8311,TE,0.61174345,1.5756166,0.66495955,1.9847143,0.0077485754,0.007809085,0.61174345,1.5756166
202402217,Daniel Evert,2024,TE,0.8304,TE,0.76032305,3.1722827,0.4658967,0.87229705,0.03303934,0.034168236,0.76032305,3.1722827
202402275,Trevor Ladd,2024,TE,0.83,TE,0.5682041,1.315909,0.43339446,0.7648962,0.009364933,0.009453464,0.5682041,1.315909
202402281,Will Miles,2024,TE,0.83,TE,0.719464,2.564605,0.772058,3.3870811,0.02371267,0.024288619,0.719464,2.564605
202402318,Jae Beasley II,2024,TE,0.8286,TE,0.6319775,1.7172252,0.42270434,0.7322146,0.00532523,0.00535374,0.6319775,1.7172252
202402324,Grant Laskey,2024,TE,0.8283,TE,0.6057017,1.5361508,0.38068262,0.61468095,0.019847881,0.020249797,0.6057017,1.5361508
202402342,Jabari Bush,2024,TE,0.827,TE,0.5134942,1.0554739,0.41749397,0.7167204,0.0033392499,0.0033504379,0.5134942,1.0554739
202402353,Ludovic Martin,2024,TE,0.8264,TE,0.71729404,2.537244,0.43635154,0.77415544,0.0068760393,0.0069236467,0.71729404,2.537244
202402396,Hunter Teal,2024,TE,0.8244,TE,0.8814828,7.4375925,0.5396638,1.1723254,0.020959504,0.02140821,0.8814828,7.4375925
202402412,Braden Laux,2024,TE,0.8237,TE,0.6542975,1.8926604,0.5750625,1.3532873,0.0091801435,0.009265199,0.6542975,1.8926604
202402422,Rhys Phillips,2024,TE,0.8236,TE,0.74432224,2.911173,0.58068174,1.3848234,0.0015100511,0.0015123348,0.74432224,2.911173
202402431,Dominic Deluca,2024,TE,0.823,TE,0.72788584,2.6749282,0.85601026,5.944939,0.025338095,0.025996804,0.72788584,2.6749282
202402462,Hayden George,2024,TE,0.8206,TE,0.6474869,1.8367742,0.6008427,1.5052781,0.018364364,0.018707924,0.6474869,1.8367742
202402463,Kealen Juniel,2024,TE,0.8206,TE,0.509018,1.0367346,0.4124242,0.7019081,0.01538997,0.015630523,0.509018,1.0367346
202402489,Chandler Wilson,2024,TE,0.8204,TE,0.84496576,5.4501877,0.869662,6.672359,0.094203435,0.10400065,0.84496576,5.4501877
202402526,Alek Marshall,2024,TE,0.82,TE,0.7962196,3.907243,0.4899865,0.9607325,0.008060024,0.008125516,0.7962196,3.907243
202402540,Derek Jackson,2024,TE,0.82,TE,0.8629912,6.298802,0.5178078,1.0738617,0.010562482,0.010675239,0.8629912,6.298802
202402576,Cooper Stevens,2024,TE,0.8192,TE,0.6581597,1.9253424,0.50742507,1.030148,0.0013090806,0.0013107966,0.6581597,1.9253424
202402603,Jace Nixon,2024,TE,0.817,TE,0.7388845,2.829723,0.40957215,0.693687,0.016843682,0.017132252,0.7388845,2.829723
202402658,Jack Kelly,2024,TE,0.8139,TE,0.7864587,3.6829343,0.2914389,0.41131094,0.014519707,0.014733635,0.7864587,3.6829343
202402663,Joe Stein,2024,TE,0.8137,TE,0.85632104,5.959961,0.46893308,0.8830019,0.045275614,0.047422707,0.85632104,5.959961
202402669,Clemens Richter,2024,TE,0.8137,TE,0.7576162,3.1256886,0.500977,1.0039155,0.0041059363,0.0041228645,0.7576162,3.1256886
202402690,Eli Jacon-Duffy,2024,TE,0.8104,TE,0.63808805,1.763103,0.3518866,0.5429399,0.011498042,0.011631785,0.63808805,1.763103
202402697,James Rexroat,2024,TE,0.8104,TE,0.6459784,1.8246863,0.35166785,0.5424193,0.004888606,0.004912622,0.6459784,1.8246863
202402705,Javery Mayberry,2024,TE,0.81,TE,0.6497998,1.8555098,0.2699181,0.36970934,0.03590409,0.0372412,0.6497998,1.8555098
202402740,Kayden Stuit,2024,TE,0.81,TE,0.5590477,1.2678189,0.33700114,0.5082982,0.004888606,0.004912622,0.5590477,1.2678189
202402774,Kmare Balfour,2024,TE,0.81,TE,0.7128563,2.4825768,0.44137582,0.7901123,0.003251533,0.00326214,0.7128563,2.4825768
202402798,Brody Benke,2024,TE,0.8083,TE,0.5724122,1.3387009,0.43776193,0.77860594,0.0050346465,0.0050601223,0.5724122,1.3387009
202402805,AJ Miller,2024,TE,0.8063,TE,0.643215,1.8028084,0.36533707,0.57563955,0.011498042,0.011631785,0.643215,1.8028084
202402806,Will Loerzel,2024,TE,0.8063,TE,0.5858079,1.4143388,0.49128926,0.9657537,0.0069541764,0.0070028757,0.5858079,1.4143388
202402841,Kameron Anthony,2024,TE,0.8022,TE,0.8706722,6.732291,0.43514344,0.770361,0.011277238,0.011405865,0.8706722,6.732291
202402854,Mason Cowgill,2024,TE,0.8,TE,0.8764154,7.0916214,0.54338807,1.1900436,0.022884654,0.023420626,0.8764154,7.0916214
202402890,Danny Sirmon,2024,TE,0.8,TE,0.79204434,3.8087175,0.48055777,0.92514193,0.022039972,0.02253668,0.79204434,3.8087175
202402933,Sawyer Barrington,2024,TE,0.8,TE,0.8381302,5.1778035,0.80119073,4.029947,0.002039835,0.0020440046,0.8381302,5.1778035
202402946,Joël van Gelder,2024,TE,0.8,TE,0.37159055,0.5913192,0.20857015,0.26353586,0.007946248,0.008009897,0.37159055,0.5913192
202402967,Alex Moore,2024,TE,0.7983,TE,0.8110722,4.2930264,0.79035527,3.7699742,0.0012767877,0.00127842,0.8110722,4.2930264
202402968,Chad Barham,2024,TE,0.7983,TE,0.5532074,1.2381749,0.13805278,0.16016383,0.0017281701,0.0017311618,0.5532074,1.2381749
202402987,Isaiah Haithcock,2024,TE,0.79,TE,0.8651574,6.416055,0.45651552,0.839979,0.007301378,0.0073550805,0.8651574,6.416055
202403007,Bryce Jaworski,2024,TE,0.79,TE,0.7443856,2.9121428,0.4150719,0.70961183,0.0008606579,0.0008613992,0.7443856,2.9121428
202403023,Jackson Miller-Carpenter,2024,TE,0.79,TE,0.7990334,3.9759512,0.42927474,0.75215656,0.002258969,0.0022640834,0.7990334,3.9759512
202403036,Adam Molitor,2024,TE,0.79,TE,0.88941467,8.04279,0.5346927,1.1491174,0.016502045,0.016778931,0.88941467,8.04279
202403059,Carson Jacoby,2024,TE,0.79,TE,0.7878876,3.7144809,0.3326969,0.49856943,0.0040468452,0.0040632887,0.7878876,3.7144809
202403074,Josh Schuchts,2024,TE,0.7883,TE,0.89304924,8.350098,0.7188986,2.557435,0.0025368652,0.0025433174,0.89304924,8.350098
202403080,Khai Isaac,2024,TE,0.7833,TE,0.6964762,2.2946348,0.6789004,2.1142986,0.0040761805,0.0040928638,0.6964762,2.2946348
202403081,Mason Riggins,2024,TE,0.7833,TE,0.6128873,1.5832272,0.23666444,0.31003985,0.0034838563,0.003496036,0.6128873,1.5832272
202403146,Abram Edwards,2024,TE,0.78,TE,0.40777123,0.6885367,0.45773363,0.84411216,0.011802561,0.011943525,0.40777123,0.6885367
202403165,Miles Cremascoli,2024,TE,0.78,TE,0.51479673,1.0609919,0.5544698,1.2445168,0.007859443,0.007921704,0.51479673,1.0609919
202403173,Ryan Dunfee,2024,TE,0.78,TE,0.46279398,0.86148316,0.5624182,1.2852871,0.0032753448,0.003286108,0.46279398,0.86148316
202403176,Shane Skidmore,2024,TE,0.78,TE,0.753498,3.0567625,0.68489605,2.1735559,0.018997973,0.019365884,0.753498,3.0567625
202403188,Briggs Hughston,2024,TE,0.78,TE,0.6256969,1.6716316,0.6013548,1.5084962,0.017336328,0.017642178,0.6256969,1.6716316
202403207,Asher Bowie,2024,TE,0.78,TE,0.37088004,0.58952194,0.29749703,0.42348152,0.011802561,0.011943525,0.37088004,0.58952194
202403216,Gavin Allen,2024,TE,0.78,TE,0.43267065,0.7626446,0.32158232,0.4740182,0.005905585,0.005940668,0.43267065,0.7626446
202403245,Zack Zandier,2024,TE,0.7783,TE,0.641077,1.7861128,0.450259,0.8190384,0.0022671246,0.0022722762,0.641077,1.7861128
202403251,Caden Campbell,2024,TE,0.7733,TE,0.38031748,0.61372954,0.34841973,0.5347303,0.0050645014,0.005090281,0.38031748,0.61372954
202403255,Tyson Hunt,2024,TE,0.77,TE,0.7624252,3.2092004,0.5120623,1.049442,0.012060147,0.012207369,0.7624252,3.2092004
202403263,Kai Richardson,2024,TE,0.77,TE,0.7981917,3.9551983,0.40397364,0.6777781,0.018191805,0.018528879,0.7981917,3.9551983
202403340,Kyle Koontz,2024,TE,0.77,TE,0.8494538,5.6424794,0.37684834,0.6047458,0.037907623,0.03940123,0.8494538,5.6424794
202403344,Lyviel Waters,2024,TE,0.77,TE,0.889629,8.060351,0.4677528,0.87882626,0.008760961,0.008838394,0.889629,8.060351
202403421,Jacob Rennaker,2024,TE,0.76,TE,0.32494903,0.4813696,0.28081962,0.3904718,0.0045797257,0.004600796,0.32494903,0.4813696
202403441,Gavin Correia,2024,TE,0.76,TE,0.29209304,0.412615,0.2825372,0.3938005,0.0066534677,0.006698033,0.29209304,0.412615
202403456,Cal Huish,2024,TE,0.76,TE,0.8596527,6.1251817,0.28460026,0.3978199,0.041868094,0.04369763,0.8596527,6.1251817
202403495,Langdon Nordgaard,2024,TE,0.75,TE,0.18894553,0.23296282,0.17097788,0.20624043,0.011818905,0.011960262,0.18894553,0.23296282
202403500,Chase Schutty,2024,TE,0.75,TE,0.6927453,2.2546291,0.78719157,3.6990619,0.016564569,0.016843574,0.6927453,2.2546291
202403506,Aiden Nixon,2024,TE,0.75,TE,0.65875006,1.9304035,0.64581805,1.8234076,0.016564569,0.016843574,0.65875006,1.9304035
202403550,Jad Bazzi,2024,TE,0.75,TE,0.65508443,1.8992603,0.606031,1.5382708,0.0024180838,0.002423945,0.65508443,1.8992603
202403588,Cole Muilenburg,2024,TE,0.74,TE,0.8850039,7.695949,0.4623118,0.8598139,0.041868094,0.04369763,0.8850039,7.695949
202403597,Owen Thomas,2024,TE,0.74,TE,0.3995615,0.6654495,0.26193386,0.35489213,0.003865166,0.0038801637,0.3995615,0.6654495
202500029,Elyiss Williams,2025,TE,0.9854,TE,0.9665563,28.901007,0.9212049,11.691149,0.03135575,0.032370757,0.9665563,28.901007
202500037,Linkon Cure,2025,TE,0.9816,TE,0.9589916,23.38524,0.93723047,14.931296,0.23946314,0.31486067,0.9589916,23.38524
202500057,Andrew Olesh,2025,TE,0.9702,TE,0.9773967,43.24138,0.97313744,36.226532,0.28390226,0.39645743,0.9773967,43.24138
202500061,DaSaahn Brame,2025,TE,0.9682,TE,0.95701176,22.262175,0.9432274,16.614134,0.15462318,0.18290444,0.95701176,22.262175
202500090,Nick Townsend,2025,TE,0.9539,TE,0.9394329,15.510619,0.92128456,11.703987,0.17679495,0.21476416,0.9394329,15.510619
202500127,James Flanigan,2025,TE,0.9434,TE,0.94673157,17.772844,0.95514935,21.296223,0.17255396,0.20853801,0.94673157,17.772844
202500129,Kiotti Armstrong,2025,TE,0.9425,TE,0.94649625,17.690279,0.9543001,20.88189,0.096858665,0.107246414,0.94649625,17.690279
202500163,Kaleb Edwards,2025,TE,0.9318,TE,0.88193315,7.469778,0.89831585,8.834374,0.01592972,0.016187582,0.88193315,7.469778
202500169,Ethan Barbour,2025,TE,0.9306,TE,0.84112483,5.29425,0.6535679,1.8865687,0.028316746,0.029141951,0.84112483,5.29425
202500203,Nate Roberts,2025,TE,0.9233,TE,0.8000417,4.001042,0.81923467,4.5320344,0.06677269,0.071550295,0.8000417,4.001042
202500208,Vander Ploog,2025,TE,0.9218,TE,0.94592667,17.493404,0.88173664,7.455704,0.027629727,0.028414821,0.94592667,17.493404
202500215,Mikkel Skinner,2025,TE,0.9207,TE,0.9315548,13.610228,0.90878606,9.963237,0.023875758,0.024459753,0.9315548,13.610228
202500266,Brock Schott,2025,TE,0.9113,TE,0.98717684,76.98387,0.9277453,12.839927,0.007618185,0.0076766675,0.98717684,76.98387
202500270,Thomas Meyer,2025,TE,0.9109,TE,0.9851002,66.115036,0.94795966,18.215862,0.07214945,0.07775977,0.9851002,66.115036
202500286,Marshall Pritchett,2025,TE,0.9075,TE,0.9855258,68.08839,0.9477096,18.123976,0.055829123,0.059130315,0.9855258,68.08839
202500322,Matt Henderson,2025,TE,0.9024,TE,0.98619103,71.41672,0.95847285,23.080631,0.07214945,0.07775977,0.98619103,71.41672
202500326,Brody Lennon,2025,TE,0.902,TE,0.93767464,15.044833,0.9232339,12.0265875,0.0034353177,0.0034471597,0.93767464,15.044833
202500331,Hollis Davidson III,2025,TE,0.9013,TE,0.9644822,27.154888,0.86163765,6.2274,0.13365628,0.15427627,0.9644822,27.154888
202500334,AJ Ia,2025,TE,0.9008,TE,0.948833,18.543842,0.84612393,5.4987364,0.09306173,0.10261088,0.948833,18.543842
202500343,Jeff Exinor Jr.,2025,TE,0.9004,TE,0.9703639,32.74265,0.9127722,10.464232,0.004656524,0.0046783085,0.9703639,32.74265
202500352,Tae'Shaun Gelsey,2025,TE,0.8997,TE,0.89754045,8.759949,0.8664742,6.48919,0.012437787,0.0125944335,0.89754045,8.759949
202500353,Luka Gilbert,2025,TE,0.8997,TE,0.8997208,8.972157,0.7717523,3.381205,0.024070349,0.02466402,0.8997208,8.972157
202500392,JD LaFleur,2025,TE,0.8958,TE,0.9109132,10.225011,0.8556188,5.9261084,0.023837725,0.024419839,0.9109132,10.225011
202500409,Chase Loftin,2025,TE,0.895,TE,0.90169924,9.172862,0.5954173,1.4716827,0.055412818,0.05866353,0.90169924,9.172862
202500525,Logan Brooking,2025,TE,0.8869,TE,0.893927,8.427467,0.7150752,2.509698,0.012249437,0.012401346,0.893927,8.427467
202500530,Brian Kortovich,2025,TE,0.8868,TE,0.67594755,2.08592,0.6697174,2.02771,0.008322203,0.0083920425,0.67594755,2.08592
202500539,Mike Tyler,2025,TE,0.8861,TE,0.91715,11.070009,0.80506426,4.1298957,0.009249031,0.0093353735,0.91715,11.070009
202500566,Eli Owens,2025,TE,0.8842,TE,0.7002725,2.3363638,0.3170176,0.4641666,0.0011260364,0.0011273058,0.7002725,2.3363638
202500587,Ryan Ghea,2025,TE,0.8828,TE,0.8484535,5.5986357,0.65897995,1.9323789,0.019204041,0.019580057,0.8484535,5.5986357
202500603,Dakotah Terrell,2025,TE,0.8822,TE,0.6915568,2.242088,0.66758305,2.0082703,0.043805085,0.045811877,0.6915568,2.242088
202500608,Emaree Winston,2025,TE,0.8819,TE,0.7881272,3.7198126,0.7225204,2.6038687,0.0009597835,0.00096070557,0.7881272,3.7198126
202500619,Preztynn Harrison,2025,TE,0.8811,TE,0.8290903,4.8510427,0.7299981,2.703678,0.0018876152,0.0018911851,0.8290903,4.8510427
202500659,Baron Naone,2025,TE,0.8797,TE,0.87949616,7.2984905,0.84534866,5.466158,0.0037126373,0.0037264724,0.87949616,7.2984905
202500674,Micah Jones,2025,TE,0.8794,TE,0.838741,5.2012043,0.78163904,3.5795732,0.020449175,0.020876072,0.838741,5.2012043
202500710,Logan Farrell,2025,TE,0.8778,TE,0.91981107,11.47055,0.74330455,2.895667,0.0065166526,0.006559398,0.91981107,11.47055
202500720,Kellan Ford,2025,TE,0.8772,TE,0.9627299,25.831139,0.7858854,3.670396,0.014145689,0.014348661,0.9627299,25.831139
202500763,Caden Piening,2025,TE,0.8756,TE,0.8337084,5.013533,0.7689561,3.3281822,0.0044712997,0.004491382,0.8337084,5.013533
202500845,Aaron Mattingly,2025,TE,0.8733,TE,0.93425924,14.211262,0.73585725,2.7858317,0.010582424,0.010695609,0.93425924,14.211262
202500852,Noah Fox-Flores,2025,TE,0.8731,TE,0.94370246,16.762766,0.7246463,2.6316922,0.009448581,0.009538708,0.94370246,16.762766
202500884,Nizyi Davis,2025,TE,0.8719,TE,0.97124183,33.772728,0.8004485,4.011237,0.0073727667,0.007427528,0.97124183,33.772728
202500892,Jackson Doman,2025,TE,0.8717,TE,0.8308604,4.9122753,0.8216503,4.6069627,0.028371993,0.029200468,0.8308604,4.9122753
202500908,Jayden Savoury,2025,TE,0.8714,TE,0.748737,2.9798932,0.74379086,2.9030614,0.015562469,0.01580849,0.748737,2.9798932
202500936,Stevie Amar Jr.,2025,TE,0.8703,TE,0.8726055,6.8496327,0.6596674,1.9383019,0.02412505,0.024721457,0.8726055,6.8496327
202500974,Gus Ritchey,2025,TE,0.8694,TE,0.717347,2.5379071,0.6152742,1.5992538,0.0018559889,0.0018594399,0.717347,2.5379071
202501011,Bear Tenney,2025,TE,0.8686,TE,0.18284953,0.22376482,0.16690506,0.20034339,0.017238107,0.01754047,0.18284953,0.22376482
202501016,Grant Houser,2025,TE,0.8683,TE,0.6164092,1.6069446,0.48467475,0.940522,0.004806515,0.004829729,0.6164092,1.6069446
202501031,Tyler Kielmeyer,2025,TE,0.8681,TE,0.6607677,1.9478322,0.41489807,0.7091039,0.0076983934,0.0077581187,0.6607677,1.9478322
202501035,Joeseph Skipworth,2025,TE,0.8681,TE,0.7876104,3.7083287,0.44702455,0.8083986,0.0106716445,0.010786757,0.7876104,3.7083287
202501046,Blake Thiry,2025,TE,0.8675,TE,0.63923955,1.7719225,0.34409216,0.5246044,0.003178804,0.003188941,0.63923955,1.7719225
202501070,DaMari Witherspoon,2025,TE,0.8667,TE,0.9049811,9.5242195,0.69691324,2.2993853,0.15326168,0.18100241,0.9049811,9.5242195
202501086,Kevin Roche Jr.,2025,TE,0.8664,TE,0.7391457,2.8335576,0.70120215,2.3467443,0.011031311,0.011154358,0.7391457,2.8335576
202501088,Ben Rothhaar,2025,TE,0.8664,TE,0.8328496,4.982637,0.73142904,2.7234108,0.01669944,0.016983047,0.8328496,4.982637
202501113,Jordan Vyborny,2025,TE,0.8656,TE,0.8794368,7.2944045,0.6912103,2.2384503,0.011459545,0.011592388,0.8794368,7.2944045
202501139,Blake Bryce,2025,TE,0.8647,TE,0.9195236,11.4260025,0.7400353,2.846676,0.004690808,0.004712915,0.9195236,11.4260025
202501143,Cross Nimmo,2025,TE,0.8647,TE,0.80348915,4.0887775,0.69836617,2.315278,0.0053723212,0.005401339,0.80348915,4.0887775
202501157,Hayden Bradley,2025,TE,0.8644,TE,0.8789083,7.2582026,0.50977886,1.0398957,0.004020295,0.004036523,0.8789083,7.2582026
202501178,Zach Giuliano,2025,TE,0.8639,TE,0.8918982,8.250541,0.74115086,2.863254,0.0051885927,0.0052156546,0.8918982,8.250541
202501197,DJ Johnson,2025,TE,0.8639,TE,0.9074815,9.808648,0.7913171,3.7919595,0.0072773555,0.0073307035,0.9074815,9.808648
202501213,Daunte Bacheyie,2025,TE,0.8633,TE,0.9429286,16.521915,0.91261965,10.444221,0.012597879,0.012758611,0.9429286,16.521915
202501222,Max Hunt,2025,TE,0.8633,TE,0.93185014,13.673543,0.72231704,2.6012292,0.0073957853,0.0074508907,0.93185014,13.673543
202501238,Preston Douglas,2025,TE,0.8631,TE,0.8521642,5.7642617,0.5845038,1.406761,0.0012688241,0.001270436,0.8521642,5.7642617
202501247,Jacob Houseworth,2025,TE,0.8625,TE,0.9507297,19.296215,0.7331273,2.747105,0.024638567,0.025260963,0.9507297,19.296215
202501277,Mason Peterson,2025,TE,0.8617,TE,0.9224739,11.898883,0.6327821,1.7231789,0.0019575637,0.0019614033,0.9224739,11.898883
202501287,Zayne DeSouza,2025,TE,0.8617,TE,0.64153725,1.7896901,0.5086561,1.0352343,0.0048411763,0.004864727,0.64153725,1.7896901
202501309,Austin Simmons,2025,TE,0.8608,TE,0.9430111,16.547277,0.8642212,6.3649206,0.007882791,0.007945423,0.9430111,16.547277
202501311,Dylan Sims,2025,TE,0.8608,TE,0.94700843,17.870926,0.63201,1.717465,0.014450847,0.014662736,0.94700843,17.870926
202501320,Justin Zames,2025,TE,0.8606,TE,0.930988,13.490236,0.72215116,2.5990794,0.0023982797,0.0024040453,0.930988,13.490236
202501346,Brock Camp,2025,TE,0.86,TE,0.94136053,16.053362,0.80645543,4.1667686,0.0051334826,0.0051599713,0.94136053,16.053362
202501360,Isaiah Butler-Tanner,2025,TE,0.86,TE,0.90028685,9.028768,0.7177518,2.542981,0.0030061705,0.0030152348,0.90028685,9.028768
202501365,Jordan Chambers,2025,TE,0.86,TE,0.9029778,9.306922,0.7312812,2.7213626,0.0059662643,0.006002074,0.9029778,9.306922
202501398,Cody Siegner,2025,TE,0.8597,TE,0.94166636,16.142769,0.92176193,11.781502,0.042432,0.044312257,0.94166636,16.142769
202501415,Drew Clemens,2025,TE,0.8592,TE,0.9036199,9.375585,0.6513891,1.8685278,0.008784214,0.0088620605,0.9036199,9.375585
202501425,Jackson Accuardi,2025,TE,0.8589,TE,0.86092263,6.190243,0.8196507,4.544796,0.042432,0.044312257,0.86092263,6.190243
202501443,Emmett Bork,2025,TE,0.8583,TE,0.78996235,3.7610512,0.7321876,2.7339575,0.0051334826,0.0051599713,0.78996235,3.7610512
202501448,Wyatt Bowman,2025,TE,0.8583,TE,0.90235084,9.240744,0.8265631,4.765786,0.012232808,0.012384303,0.90235084,9.240744
202501458,Tamez Young,2025,TE,0.8581,TE,0.91855246,11.277842,0.7570154,3.1154873,0.0045733824,0.0045943945,0.91855246,11.277842
202501459,Khristian Mackintrush,2025,TE,0.8581,TE,0.89327264,8.369669,0.5014832,1.0059505,0.0014935425,0.0014957765,0.89327264,8.369669
202501472,Grant Hollier,2025,TE,0.8578,TE,0.87916183,7.2755313,0.5284603,1.1207123,0.043454975,0.045429096,0.87916183,7.2755313
202501479,JT Taggart,2025,TE,0.8575,TE,0.90243614,9.249697,0.8259948,4.7469544,0.042432,0.044312257,0.90243614,9.249697
202501480,Charlie Wingfield,2025,TE,0.8575,TE,0.89242136,8.295526,0.72518027,2.638749,0.052264154,0.05514633,0.89242136,8.295526
202501481,Wyatt Herbel,2025,TE,0.8575,TE,0.8733487,6.8956957,0.60618126,1.5392393,0.0014935425,0.0014957765,0.8733487,6.8956957
202501484,Jacory Thurman,2025,TE,0.8575,TE,0.8941224,8.44487,0.5892964,1.4348459,0.009692238,0.009787097,0.8941224,8.44487
202501496,Corbin Laisure,2025,TE,0.8572,TE,0.8833372,7.5717125,0.7977057,3.9432933,0.052264154,0.05514633,0.8833372,7.5717125
202501514,Cash Landau,2025,TE,0.8567,TE,0.7970946,3.9284046,0.7979555,3.949405,0.003591039,0.003603981,0.7970946,3.9284046
202501570,Gabriel Cline,2025,TE,0.855,TE,0.95380485,20.647295,0.7648016,3.25173,0.0058829617,0.005917776,0.95380485,20.647295
202501590,Jon Grimmett,2025,TE,0.855,TE,0.8995944,8.959606,0.7850615,3.6524932,0.0077093877,0.0077692843,0.8995944,8.959606
202501614,Jordan Andrus,2025,TE,0.8539,TE,0.9368678,14.839771,0.57520795,1.354093,0.009979324,0.010079915,0.9368678,14.839771
202501622,Xavier Watson,2025,TE,0.8537,TE,0.9273831,12.770904,0.87878394,7.249732,0.0077093877,0.0077692843,0.9273831,12.770904
202501667,DJ Asiasi,2025,TE,0.8519,TE,0.87106574,6.7558904,0.44936642,0.8160898,0.0023208295,0.0023262284,0.87106574,6.7558904
202501684,Tucker Kelleher,2025,TE,0.8517,TE,0.9018933,9.192986,0.42311287,0.73344135,0.0056853355,0.0057178433,0.9018933,9.192986
202501696,Miles Uter,2025,TE,0.8514,TE,0.94541854,17.321238,0.8328876,4.983996,0.01109703,0.011221556,0.94541854,17.321238
202501698,Robby Preckel,2025,TE,0.8511,TE,0.9487856,18.525759,0.720095,2.5726404,0.003469332,0.0034814102,0.9487856,18.525759
202501706,Cameron Kossmann,2025,TE,0.8511,TE,0.9318916,13.682481,0.6732804,2.0607288,0.006670293,0.0067150844,0.9318916,13.682481
202501711,Ka'Maurri Smith,2025,TE,0.8508,TE,0.7130348,2.484743,0.5897017,1.4372512,0.005237346,0.00526492,0.7130348,2.484743
202501712,Jacob Alvarez,2025,TE,0.8508,TE,0.66568005,1.9911467,0.7436401,2.9007664,0.00512815,0.005154583,0.66568005,1.9911467
202501720,Cameron Roberts,2025,TE,0.8508,TE,0.845423,5.469267,0.37305623,0.59503937,0.007210157,0.0072625205,0.845423,5.469267
202501809,Jacob Nye,2025,TE,0.85,TE,0.9103616,10.155931,0.5793507,1.3772773,0.038267076,0.03978971,0.9103616,10.155931
202501828,Brian Hnat,2025,TE,0.85,TE,0.9089914,9.987972,0.8104254,4.274968,0.045927227,0.048138075,0.9089914,9.987972
202501835,Maddox Lynch,2025,TE,0.85,TE,0.8708812,6.7448053,0.7222495,2.6003537,0.0047360095,0.004758546,0.8708812,6.7448053
202501864,Grant Smith,2025,TE,0.8492,TE,0.89377326,8.413825,0.6695719,2.0263767,0.045927227,0.048138075,0.89377326,8.413825
202501879,Merrick Barlow,2025,TE,0.8483,TE,0.8813435,7.427687,0.5154703,1.0638571,0.010605986,0.010719679,0.8813435,7.427687
202501886,Aiden Brewer,2025,TE,0.8483,TE,0.9126256,10.445002,0.40191796,0.6720114,0.0037963723,0.0038108397,0.9126256,10.445002
202501899,Ben Cole,2025,TE,0.8481,TE,0.8586586,6.0750685,0.3774585,0.60631865,0.005834623,0.0058688656,0.8586586,6.0750685
202501911,Andrew Barker,2025,TE,0.8478,TE,0.8597727,6.131278,0.497038,0.9882218,0.008204392,0.008272261,0.8597727,6.131278
202501914,Jeremiah Scoby,2025,TE,0.8475,TE,0.9264829,12.602281,0.6211427,1.6395161,0.0017525761,0.001755653,0.9264829,12.602281
202501920,Brandon Kubay,2025,TE,0.8475,TE,0.88513213,7.705655,0.69398946,2.2678614,0.026082054,0.026780546,0.88513213,7.705655
202501940,Willem Thurber,2025,TE,0.8467,TE,0.9117892,10.336477,0.7677191,3.3051322,0.0445698,0.046648934,0.9117892,10.336477
202501943,Brody Wilhelm,2025,TE,0.8467,TE,0.9018322,9.186642,0.5975964,1.4850672,0.00490871,0.0049329237,0.9018322,9.186642
202501950,Cayman Reynolds,2025,TE,0.8458,TE,0.88324594,7.565013,0.5039697,1.016006,0.0823313,0.08971789,0.88324594,7.565013
202501978,Will Swartz,2025,TE,0.845,TE,0.49438092,0.97777355,0.41170162,0.6998177,0.0012271006,0.0012286082,0.49438092,0.97777355
202502004,Javeon Fricks,2025,TE,0.8444,TE,0.56562847,1.3021767,0.42812344,0.74862915,0.0053787944,0.0054078824,0.56562847,1.3021767
202502014,Braiden Bachich-Dixon,2025,TE,0.8439,TE,0.7080345,2.4250624,0.4712541,0.89126766,0.007386099,0.007441059,0.7080345,2.4250624
202502018,Quandre Coates,2025,TE,0.8436,TE,0.7256979,2.645615,0.408571,0.69082004,0.016043337,0.016304923,0.7256979,2.645615
202502022,Peyton Read,2025,TE,0.8433,TE,0.8197008,4.5463357,0.80543023,4.1395445,0.012328974,0.012482875,0.8197008,4.5463357
202502035,Trey Zvonar,2025,TE,0.8428,TE,0.8040658,4.103755,0.43330285,0.764611,0.021796864,0.022282554,0.8040658,4.103755
202502041,Shane King,2025,TE,0.8428,TE,0.5612621,1.279265,0.24069293,0.31699023,0.0131093655,0.013283504,0.5612621,1.279265
202502064,Jackson Kohl,2025,TE,0.8417,TE,0.76216507,3.2045968,0.44812664,0.81201,0.06167687,0.06573095,0.76216507,3.2045968
202502071,Liam Russo,2025,TE,0.8414,TE,0.8630278,6.300752,0.7957357,3.8956184,0.017249526,0.017552296,0.8630278,6.300752
202502072,Carter Kuchenbuch,2025,TE,0.8411,TE,0.7473984,2.9588027,0.58422476,1.4051456,0.022395788,0.02290885,0.7473984,2.9588027
202502100,Stephen Collier,2025,TE,0.8403,TE,0.8105028,4.2771235,0.7333589,2.7503598,0.003958245,0.003973975,0.8105028,4.2771235
202502162,Carter Cocke,2025,TE,0.84,TE,0.72193325,2.5962586,0.43993026,0.78549194,0.0140503235,0.014250548,0.72193325,2.5962586
202502164,JT Layton,2025,TE,0.84,TE,0.82281226,4.643731,0.7131869,2.4865913,0.003958245,0.003973975,0.82281226,4.643731
202502171,Cannon Pigg,2025,TE,0.84,TE,0.7414936,2.868376,0.75416124,3.0677068,0.030987725,0.03197867,0.7414936,2.868376
202502174,Reed Olsen,2025,TE,0.84,TE,0.83833843,5.1857624,0.5899255,1.4385815,0.008895105,0.008974938,0.83833843,5.1857624
202502191,Lonnie Shinn,2025,TE,0.84,TE,0.8456581,5.479123,0.67879397,2.1132665,0.031576417,0.032606,0.8456581,5.479123
202502193,Ben Verges,2025,TE,0.84,TE,0.592274,1.4526275,0.5617695,1.2819041,0.07039081,0.07572087,0.592274,1.4526275
202502202,Edward Khutsishvili,2025,TE,0.84,TE,0.76641446,3.281087,0.55703616,1.2575207,0.008905624,0.008985647,0.76641446,3.281087
202502209,Luke Tevis,2025,TE,0.84,TE,0.8704814,6.720897,0.5713519,1.3329159,0.069140114,0.07427553,0.8704814,6.720897
202502213,Landon Okla,2025,TE,0.84,TE,0.6995692,2.328554,0.38652527,0.630059,0.010260668,0.0103670405,0.6995692,2.328554
202502242,Brayden Robertson,2025,TE,0.84,TE,0.90253586,9.260183,0.857241,6.0048113,0.008895105,0.008974938,0.90253586,9.260183
202502266,Kaleb Morrow,2025,TE,0.8386,TE,0.7374316,2.8085313,0.40736228,0.6873715,0.03458014,0.03581876,0.7374316,2.8085313
202502276,Jonathan Harding,2025,TE,0.8383,TE,0.77629703,3.4702134,0.6140759,1.5911831,0.011958056,0.012102782,0.77629703,3.4702134
202502282,Jackson Verdugo,2025,TE,0.8378,TE,0.5892845,1.4347752,0.4572825,0.8425793,0.010315016,0.010422524,0.5892845,1.4347752
202502323,Jax Markovich,2025,TE,0.8361,TE,0.6356682,1.744751,0.52843374,1.1205927,0.014158888,0.014362241,0.6356682,1.744751
202502342,Ethan Gurela,2025,TE,0.835,TE,0.5657318,1.3027246,0.5024433,1.0098213,0.0033521676,0.0033634424,0.5657318,1.3027246
202502343,Brown Reaves,2025,TE,0.835,TE,0.9017064,9.173602,0.8165667,4.451573,0.015510884,0.015755262,0.9017064,9.173602
202502403,Kyle Frendt,2025,TE,0.8328,TE,0.3118398,0.45315,0.26899174,0.36797357,0.012004189,0.012150041,0.3118398,0.45315
202502406,Dillon Galloway,2025,TE,0.8328,TE,0.7360234,2.788215,0.30876875,0.44669384,0.06189553,0.06597936,0.7360234,2.788215
202502409,Tayte Crable,2025,TE,0.8322,TE,0.71239346,2.4769723,0.49026445,0.96180147,0.0077468194,0.0078073014,0.71239346,2.4769723
202502412,Brendan Loftus,2025,TE,0.8317,TE,0.85209495,5.761094,0.34088475,0.51718533,0.009278852,0.009365755,0.85209495,5.761094
202502417,Josh Wedel,2025,TE,0.8317,TE,0.58002496,1.3810939,0.20861712,0.26361084,0.027292656,0.028058445,0.58002496,1.3810939
202502453,Connor Gooding,2025,TE,0.8304,TE,0.5336195,1.1441721,0.5519325,1.2318066,0.018165842,0.018501945,0.5336195,1.1441721
202502465,Wilson Hodges,2025,TE,0.8303,TE,0.76537097,3.262047,0.777152,3.4873636,0.016297882,0.016567905,0.76537097,3.262047
202502482,Brandon Gilbert,2025,TE,0.83,TE,0.54067475,1.1771065,0.3971259,0.6587211,0.009684922,0.009779637,0.54067475,1.1771065
202502508,Vinnie Souza,2025,TE,0.83,TE,0.4059765,0.68343514,0.35124138,0.5414053,0.018165842,0.018501945,0.4059765,0.68343514
202502540,Gabriel Cunningham,2025,TE,0.83,TE,0.7136224,2.491893,0.44544265,0.80324006,0.031499468,0.032523956,0.7136224,2.491893
202502572,Sebastien Boydell,2025,TE,0.83,TE,0.65701413,1.915572,0.43217167,0.7610957,0.011856109,0.011998363,0.65701413,1.915572
202502602,Henry Gregory,2025,TE,0.83,TE,0.8570868,5.9972534,0.8099423,4.26156,0.01677811,0.017064419,0.8570868,5.9972534
202502604,Luke Gilbert,2025,TE,0.83,TE,0.68510073,2.1756186,0.8003895,4.009757,0.0056308843,0.005662771,0.68510073,2.1756186
202502611,Brady Rhoad,2025,TE,0.8296,TE,0.6940902,2.2689373,0.40923312,0.69271505,0.023913074,0.024498919,0.6940902,2.2689373
202502624,Brayden Boeing,2025,TE,0.8289,TE,0.7360981,2.789287,0.5495834,1.2201667,0.033041432,0.034170475,0.7360981,2.789287
202502648,Arvis Battle Jr.,2025,TE,0.827,TE,0.61713016,1.6118537,0.37141895,0.59088475,0.006971205,0.007020144,0.61713016,1.6118537
202502654,Michael Gelatko,2025,TE,0.827,TE,0.5251209,1.1057992,0.53142303,1.1341211,0.009231839,0.009317861,0.5251209,1.1057992
202502667,Casey Popish,2025,TE,0.8263,TE,0.66443026,1.9800065,0.4261638,0.74265754,0.009072331,0.009155392,0.66443026,1.9800065
202502680,Chris Warren,2025,TE,0.8256,TE,0.8314556,4.933154,0.82418233,4.6877103,0.006585989,0.0066296523,0.8314556,4.933154
202502701,Alex Faiivae,2025,TE,0.825,TE,0.7689748,3.3285317,0.5534236,1.2392584,0.0091801435,0.009265199,0.7689748,3.3285317
202502729,Jackson Shockley,2025,TE,0.8236,TE,0.6898663,2.2244158,0.574196,1.3484982,0.003228299,0.0032387548,0.6898663,2.2244158
202502797,Brock Kuhl,2025,TE,0.82,TE,0.6481107,1.8418027,0.5932249,1.4583608,0.0038888128,0.0039039946,0.6481107,1.8418027
202502835,Jordan Collins,2025,TE,0.82,TE,0.6822382,2.1470115,0.690525,2.2312787,0.008153548,0.008220576,0.6822382,2.1470115
202502836,Malaki Davis,2025,TE,0.82,TE,0.7427947,2.8879447,0.48391432,0.9376627,0.05565761,0.058937956,0.7427947,2.8879447
202502850,Payton Kokaly,2025,TE,0.82,TE,0.6170313,1.6111792,0.5190207,1.0790914,0.009585031,0.009677793,0.6170313,1.6111792
202502851,Jack Greiber,2025,TE,0.82,TE,0.80667436,4.17262,0.3757969,0.6020427,0.016590867,0.016870769,0.80667436,4.17262
202502922,Rhett McGrew,2025,TE,0.8196,TE,0.71441543,2.5015898,0.4320142,0.7606074,0.0022978133,0.0023031053,0.71441543,2.5015898
202502951,Devin Habermehl,2025,TE,0.8163,TE,0.7148492,2.506916,0.44757226,0.81019145,0.0027596478,0.0027672844,0.7148492,2.506916
202502969,Ryder Kusch,2025,TE,0.8137,TE,0.690272,2.2286391,0.42492202,0.7388946,0.005616986,0.005648715,0.690272,2.2286391
202503020,Hayden Daugherty,2025,TE,0.81,TE,0.46631366,0.8737598,0.33917215,0.5132534,0.012800855,0.012966841,0.46631366,0.8737598
202503026,Jordan Rogers,2025,TE,0.81,TE,0.7606146,3.1773636,0.4772936,0.9131199,0.005799658,0.0058334903,0.7606146,3.1773636
202503031,Kevin Magera,2025,TE,0.81,TE,0.677796,2.1036239,0.4114338,0.6990442,0.0019213348,0.0019250334,0.677796,2.1036239
202503043,Kai Wheeler,2025,TE,0.81,TE,0.6400597,1.7782385,0.36280766,0.5693848,0.008099876,0.00816602,0.6400597,1.7782385
202503049,Dominic Henning,2025,TE,0.81,TE,0.69274646,2.254641,0.3226654,0.47637516,0.0016042282,0.0016068058,0.69274646,2.254641
202503066,Jackson Blanchard,2025,TE,0.81,TE,0.845176,5.458946,0.48211843,0.93094337,0.055712573,0.058999594,0.845176,5.458946
202503113,Garrett Long,2025,TE,0.805,TE,0.74291396,2.8897483,0.43489116,0.76957065,0.025668912,0.026345164,0.74291396,2.8897483
202503150,Jack Pidgeon,2025,TE,0.8,TE,0.7223174,2.601234,0.39096838,0.6419509,0.001705625,0.0017085391,0.7223174,2.601234
202503201,Karter Peterson,2025,TE,0.8,TE,0.6990141,2.322415,0.4442106,0.7992426,0.008612103,0.008686915,0.6990141,2.322415
202503214,Zach Masters,2025,TE,0.8,TE,0.6958773,2.2881467,0.42648163,0.7436233,0.0024177618,0.0024236215,0.6958773,2.2881467
202503236,Nathan Hromadka,2025,TE,0.79,TE,0.7091364,2.4380379,0.16835682,0.20243877,0.010242113,0.010348099,0.7091364,2.4380379
202503241,Reece Little,2025,TE,0.79,TE,0.7727058,3.3995843,0.4878669,0.95261735,0.0020072449,0.002011282,0.7727058,3.3995843
202503250,Michael Stevenson,2025,TE,0.79,TE,0.7967003,3.9188464,0.36934584,0.58565515,0.0013069405,0.0013086508,0.7967003,3.9188464
202503272,Brody Videto,2025,TE,0.79,TE,0.8184751,4.508887,0.46318233,0.86282986,0.025311606,0.02596892,0.8184751,4.508887
202503299,Brady Goken,2025,TE,0.79,TE,0.9107434,10.203655,0.5957919,1.473973,0.0073981066,0.0074532465,0.9107434,10.203655
202503340,Beckett Miller,2025,TE,0.78,TE,0.44385093,0.7980791,0.30730763,0.4436423,0.006798671,0.0068452093,0.44385093,0.7980791
202503367,David Parks,2025,TE,0.78,TE,0.78251255,3.5979664,0.8074266,4.1928244,0.0027279765,0.0027354388,0.78251255,3.5979664
202503374,Alex Reese,2025,TE,0.78,TE,0.63125354,1.7118905,0.5343882,1.1477119,0.004362179,0.004381291,0.63125354,1.7118905
202503389,Zander Turner,2025,TE,0.78,TE,0.46872237,0.882255,0.3296678,0.49179766,0.0022671246,0.0022722762,0.46872237,0.882255
202503403,Sean Bailey,2025,TE,0.78,TE,0.40014884,0.6670802,0.3084712,0.4460714,0.0026063393,0.00261315,0.40014884,0.6670802
202503460,Trey Peters,2025,TE,0.77,TE,0.79769033,3.9429176,0.5712861,1.3325578,0.007147295,0.007198747,0.79769033,3.9429176
202503478,Max Ruedebusch,2025,TE,0.77,TE,0.5785496,1.3727586,0.22034286,0.28261507,0.0043849526,0.004404265,0.5785496,1.3727586
202503483,Gibson Connelly,2025,TE,0.77,TE,0.6642999,1.9788493,0.32282016,0.4767126,0.007204111,0.0072563873,0.6642999,1.9788493
202503491,Landon Bailey,2025,TE,0.77,TE,0.6744034,2.0712855,0.3303185,0.49324718,0.0027807106,0.0027884645,0.6744034,2.0712855
202503562,Drew Sikora,2025,TE,0.76,TE,0.27046284,0.3707321,0.11701618,0.13252358,0.010018417,0.010119801,0.27046284,0.3707321
202503592,Dom Spinazze,2025,TE,0.75,TE,0.3496785,0.53770095,0.14503333,0.16963625,0.0023057975,0.0023111266,0.3496785,0.53770095
202503610,Ryan Donnelly,2025,TE,0.75,TE,0.42468607,0.7381815,0.33445838,0.50253564,0.0045797257,0.004600796,0.42468607,0.7381815
202503642,Lachlin Acker,2025,TE,0.73,TE,0.2226484,0.28641915,0.1987391,0.24803294,0.011818905,0.011960262,0.2226484,0.28641915
202600018,Kendre Harrison,2026,TE,0.9892,TE,0.97351927,36.7633,0.9598882,23.930332,0.011441533,0.011573957,0.97351927,36.7633
202600021,Ian Premer,2026,TE,0.9881,TE,0.9662941,28.668406,0.9399089,15.641405,0.16389003,0.19601493,0.9662941,28.668406
202600023,Mark Bowman,2026,TE,0.9879,TE,0.93382114,14.110566,0.93437964,14.239172,0.122606106,0.13973895,0.93382114,14.110566
202600035,Kaiden Prothro,2026,TE,0.9826,TE,0.9847376,64.520386,0.97069216,33.12056,0.0700958,0.07537959,0.9847376,64.520386
202600112,Mack Sutter,2026,TE,0.9501,TE,0.9419064,16.213598,0.9183588,11.248718,0.257053,0.34599102,0.9419064,16.213598
202600113,Brock Harris,2026,TE,0.95,TE,0.9833993,59.238323,0.9762719,41.144173,0.028575381,0.029415952,0.9833993,59.238323
202600150,Gavin Mueller,2026,TE,0.9374,TE,0.9114585,10.294138,0.9296447,13.213571,0.20489244,0.25769147,0.9114585,10.294138
202600196,Brayden Fogle,2026,TE,0.9245,TE,0.6131376,1.5848985,0.6096905,1.5620693,0.045648407,0.047831856,0.6131376,1.5848985
202600198,Xavier Tiller,2026,TE,0.9243,TE,0.8445661,5.4336033,0.6375677,1.759136,0.07891875,0.08568055,0.8445661,5.4336033
202600221,Lincoln Keyes,2026,TE,0.9199,TE,0.9372731,14.94212,0.9192186,11.379087,0.016917514,0.017208641,0.9372731,14.94212
202600230,JC Anderson,2026,TE,0.9184,TE,0.9490578,18.630096,0.8850567,7.6999397,0.081778936,0.08906236,0.9490578,18.630096
202600242,Matt Ludwig,2026,TE,0.9155,TE,0.8484569,5.5987835,0.8166419,4.4538093,0.113364235,0.12785885,0.8484569,5.5987835
202600277,Zayion Cotton,2026,TE,0.9094,TE,0.985532,68.11799,0.9361921,14.672039,0.07498153,0.08105949,0.985532,68.11799
202600281,Kaeden Johnson,2026,TE,0.9092,TE,0.9833175,58.943035,0.9162056,10.9339695,0.0519754,0.054824945,0.9833175,58.943035
202600294,Tyler Ruxer,2026,TE,0.9069,TE,0.982177,55.107338,0.94593185,17.495178,0.005295004,0.0053231902,0.982177,55.107338
202600326,Pierce Petersohn,2026,TE,0.9028,TE,0.9350835,14.404407,0.7551895,3.0847917,0.07214945,0.07775977,0.9350835,14.404407
202600339,Israel Briggs,2026,TE,0.9019,TE,0.9725108,35.37794,0.94311744,16.58008,0.005015155,0.0050404333,0.9725108,35.37794
202600342,Jamel Howse,2026,TE,0.9012,TE,0.9550524,21.248117,0.9291414,13.112614,0.035721224,0.0370445,0.9550524,21.248117
202600348,Preston Fryzel,2026,TE,0.9006,TE,0.93767464,15.044833,0.8811402,7.4132714,0.0049818465,0.0050067897,0.93767464,15.044833
202600354,Hayden Vercher,2026,TE,0.9002,TE,0.9734807,36.70839,0.9265653,12.617538,0.009050324,0.00913298,0.9734807,36.70839
202600380,Ty Goettsche,2026,TE,0.8973,TE,0.9064963,9.694762,0.7612532,3.1885374,0.070366085,0.07569225,0.9064963,9.694762
202600391,Evan Jacobson,2026,TE,0.8967,TE,0.9246694,12.274816,0.8723933,6.83658,0.026036188,0.026732193,0.9246694,12.274816
202600434,Joey Caudill,2026,TE,0.8928,TE,0.94136053,16.053362,0.6980054,2.3113172,0.06771778,0.072636575,0.94136053,16.053362
202600453,Caleb Tafua,2026,TE,0.8911,TE,0.9613714,24.88757,0.76076376,3.1799688,0.027768923,0.02856206,0.9613714,24.88757
202600457,Luke Brewer,2026,TE,0.8911,TE,0.9506658,19.269903,0.8073097,4.1896744,0.017374614,0.01768183,0.9506658,19.269903
202600503,Jaivion Martin,2026,TE,0.8878,TE,0.68128335,2.1375833,0.7616231,3.1950371,0.0047429665,0.0047655697,0.68128335,2.1375833
202600505,Mason Bonner,2026,TE,0.8878,TE,0.84489495,5.447243,0.5981312,1.4883742,0.047586553,0.049964175,0.84489495,5.447243
202600518,Camden Jensen,2026,TE,0.8867,TE,0.8041638,4.1063085,0.869941,6.688818,0.023656117,0.024229288,0.8041638,4.1063085
202600544,Nick Lautar,2026,TE,0.8862,TE,0.65168846,1.870993,0.57473767,1.3514897,0.0116424,0.011779542,0.65168846,1.870993
202600555,Taimane Purcell,2026,TE,0.8856,TE,0.89338505,8.379548,0.7355189,2.7809882,0.009249031,0.0093353735,0.89338505,8.379548
202600563,Tilden Riley,2026,TE,0.8856,TE,0.91769886,11.1505,0.8467564,5.525558,0.05220518,0.05508068,0.91769886,11.1505
202600564,William Vaughn,2026,TE,0.8856,TE,0.8964534,8.657486,0.81825155,4.50211,0.009249031,0.0093353735,0.8964534,8.657486
202600571,Kentrell White,2026,TE,0.8856,TE,0.9029231,9.301112,0.8382438,5.1821427,0.0052208933,0.005248294,0.9029231,9.301112
202600576,Zachery Turner,2026,TE,0.8844,TE,0.85139626,5.7293057,0.7205143,2.5780005,0.0009633757,0.0009643047,0.85139626,5.7293057
202600613,Jack Sievers,2026,TE,0.8833,TE,0.89087164,8.163521,0.71802545,2.5464194,0.023808368,0.02438903,0.89087164,8.163521
202600618,Henry Gabalis,2026,TE,0.8833,TE,0.85805535,6.0449996,0.6942812,2.27098,0.0071726837,0.007224503,0.85805535,6.0449996
202600702,Corbyn Fordham,2026,TE,0.88,TE,0.9007973,9.080372,0.8213172,4.5965095,0.006609946,0.0066539277,0.9007973,9.080372
202600704,Lincoln Watkins,2026,TE,0.88,TE,0.90233296,9.238869,0.88424045,7.638596,0.006349704,0.0063902806,0.90233296,9.238869
202600720,Colin Ford,2026,TE,0.88,TE,0.8939907,8.433134,0.7047129,2.386535,0.0186854,0.019041194,0.8939907,8.433134
202600722,Jackson Mangham,2026,TE,0.88,TE,0.8074337,4.1930175,0.69465744,2.2750103,0.027000662,0.027749928,0.8074337,4.1930175
202600727,Landen Miree,2026,TE,0.8789,TE,0.7250673,2.637254,0.7982234,3.9559755,0.007965163,0.008029116,0.7250673,2.637254
202600752,Carson Sneed,2026,TE,0.8778,TE,0.8472641,5.54725,0.70799154,2.4245584,0.037761692,0.039243598,0.8472641,5.54725
202600758,Damon Hall Jr.,2026,TE,0.8778,TE,0.9190597,11.354784,0.83759737,5.1575356,0.07607235,0.08233583,0.9190597,11.354784
202600759,Javar Bowden,2026,TE,0.8778,TE,0.85217136,5.7645893,0.72273254,2.606626,0.04736103,0.049715612,0.85217136,5.7645893
202600781,Kekua Aumua,2026,TE,0.8767,TE,0.7889959,3.739245,0.51142853,1.0467834,0.038344342,0.039873254,0.7889959,3.739245
202600802,Andre Nickerson,2026,TE,0.8767,TE,0.96847725,30.72312,0.7583932,3.1389568,0.001703195,0.0017061009,0.96847725,30.72312
202600803,Ryder Mix,2026,TE,0.8767,TE,0.94752336,18.056097,0.82540196,4.7274413,0.0030862,0.0030957542,0.94752336,18.056097
202600814,Luke Sorensen,2026,TE,0.8767,TE,0.9118082,10.338922,0.7139957,2.496451,0.0014052063,0.0014071836,0.9118082,10.338922
202600885,Eddie Whiting,2026,TE,0.8744,TE,0.95367455,20.586409,0.8329758,4.9871564,0.050520275,0.053208377,0.95367455,20.586409
202600890,ArMari Towns,2026,TE,0.8744,TE,0.962574,25.719397,0.86452883,6.3816447,0.04059675,0.04231458,0.962574,25.719397
202600914,Ryan Brekke,2026,TE,0.8733,TE,0.9540408,20.758442,0.7398619,2.8441122,0.0038999468,0.003915216,0.9540408,20.758442
202600947,Arley Morrell,2026,TE,0.8733,TE,0.95937324,23.614315,0.83841234,5.1885915,0.2972873,0.42305666,0.95937324,23.614315
202600996,Gabe Weaver,2026,TE,0.8722,TE,0.97349125,36.723396,0.793634,3.8457594,0.01622942,0.01649716,0.97349125,36.723396
202601018,Jack Utz,2026,TE,0.8711,TE,0.90875584,9.959605,0.80425185,4.108605,0.0033611436,0.003372479,0.90875584,9.959605
202601022,PJ MacFarlane,2026,TE,0.8711,TE,0.81407964,4.3786473,0.79099613,3.7846005,0.012288737,0.01244163,0.81407964,4.3786473
202601042,Ben Moseley,2026,TE,0.8711,TE,0.92123103,11.695354,0.90774363,9.83936,0.026573969,0.027299423,0.92123103,11.695354
202601058,Adam Gehm,2026,TE,0.8711,TE,0.8909557,8.170584,0.90480715,9.504991,0.018532839,0.01888279,0.8909557,8.170584
202601087,Keawe Browne,2026,TE,0.87,TE,0.81560165,4.423042,0.49854857,0.9942111,0.0073048524,0.007358606,0.81560165,4.423042
202601123,Kade Bush,2026,TE,0.87,TE,0.5110239,1.0450896,0.23689416,0.3104342,0.003581645,0.0035945193,0.5110239,1.0450896
202601138,Isaac Jensen,2026,TE,0.8689,TE,0.68744665,2.1994538,0.34114903,0.51779395,0.012047263,0.01219417,0.68744665,2.1994538
202601191,Jalen Williams,2026,TE,0.8678,TE,0.8950578,8.529055,0.41567346,0.7113719,0.030615622,0.03158254,0.8950578,8.529055
202601212,Parker Ord,2026,TE,0.8678,TE,0.8215682,4.604382,0.49652234,0.9861854,0.0040074526,0.004023577,0.8215682,4.604382
202601251,Kobie Watson,2026,TE,0.8667,TE,0.8415539,5.3112955,0.5428216,1.1873299,0.0033057607,0.003316725,0.8415539,5.3112955
202601252,Dominick Barry,2026,TE,0.8667,TE,0.950804,19.326855,0.7043,2.3818057,0.11097979,0.12483382,0.950804,19.326855
202601253,Cooper McCutchan,2026,TE,0.8667,TE,0.66634345,1.9970939,0.54975677,1.2210218,0.0048696883,0.004893518,0.66634345,1.9970939
202601254,Sam Hamilton,2026,TE,0.8667,TE,0.6011843,1.5074239,0.5857415,1.4139518,0.0040807324,0.004097453,0.6011843,1.5074239
202601265,Will Vala,2026,TE,0.8667,TE,0.9337156,14.086502,0.677964,2.1052427,0.03973491,0.041379105,0.9337156,14.086502
202601288,Drake DeBaun,2026,TE,0.8656,TE,0.85645497,5.966455,0.7319794,2.731057,0.011031311,0.011154358,0.85645497,5.966455
202601303,Destin Mitchell,2026,TE,0.865,TE,0.9098626,10.094172,0.66696644,2.0027003,0.001226045,0.00122755,0.9098626,10.094172
202601321,Maddox Hunstad,2026,TE,0.865,TE,0.91567975,10.859548,0.7158771,2.519604,0.0061851945,0.0062236893,0.91567975,10.859548
202601368,Adam Land,2026,TE,0.8644,TE,0.8840581,7.625011,0.45809418,0.8453391,0.009432444,0.009522262,0.8840581,7.625011
202601416,Luca Wolf,2026,TE,0.8633,TE,0.8636177,6.3323307,0.6773798,2.0996199,0.0051894225,0.0052164933,0.8636177,6.3323307
202601417,Dream Rashad,2026,TE,0.8633,TE,0.89103395,8.17717,0.67279214,2.0561612,0.0020860606,0.0020904213,0.89103395,8.17717
202601422,Jeremiah Birdlow,2026,TE,0.8633,TE,0.9169207,11.0366955,0.7097353,2.445131,0.0045626387,0.0045835515,0.9169207,11.0366955
202601560,Jaden Hernandez,2026,TE,0.86,TE,0.94917077,18.67372,0.6626554,1.9643279,0.00069138466,0.000691863,0.94917077,18.67372
202601581,Brady Owens,2026,TE,0.86,TE,0.9637158,26.5602,0.89779407,8.784168,0.052264154,0.05514633,0.9637158,26.5602
202601660,Jude Nelson,2026,TE,0.8578,TE,0.8235227,4.6664505,0.6240136,1.6596707,0.002114185,0.002118664,0.8235227,4.6664505
202601706,Brayden Marko,2026,TE,0.8567,TE,0.8468528,5.5296645,0.74280566,2.8881104,0.0051334826,0.0051599713,0.8468528,5.5296645
202601726,Colby Simpson,2026,TE,0.8556,TE,0.8725976,6.849144,0.77188295,3.3837144,0.003645767,0.0036591073,0.8725976,6.849144
202601766,Julius Mathis,2026,TE,0.855,TE,0.92541444,12.407421,0.663714,1.9736593,0.009044655,0.009127207,0.92541444,12.407421
202601771,Preston McDaniel,2026,TE,0.855,TE,0.9069538,9.747351,0.60458434,1.5289843,0.009044655,0.009127207,0.9069538,9.747351
202601772,Eli Wilt,2026,TE,0.855,TE,0.8121099,4.32226,0.46411553,0.8660738,0.004041658,0.0040580593,0.8121099,4.32226
202601799,Derron Gray Jr.,2026,TE,0.855,TE,0.84979874,5.657734,0.7422224,2.8793135,0.006000743,0.0060369694,0.84979874,5.657734
202601821,Bryton Niu,2026,TE,0.8544,TE,0.9222727,11.86549,0.6803824,2.1287386,0.008116723,0.008183143,0.9222727,11.86549
202601831,Garrett Essner,2026,TE,0.8544,TE,0.9295089,13.1861925,0.6951698,2.280515,0.005286261,0.0053143543,0.9295089,13.1861925
202601838,Stephen Brown,2026,TE,0.8544,TE,0.9393723,15.494111,0.75746363,3.1230931,0.007341638,0.007395936,0.9393723,15.494111
202601847,Aidan Woods,2026,TE,0.8533,TE,0.341832,0.51936895,0.2919965,0.4124224,0.004985299,0.0050102766,0.341832,0.51936895
202601849,Maximilian Tillfeldt Retsler,2026,TE,0.8533,TE,0.9030048,9.309792,0.73929524,2.8357565,0.003078134,0.0030876382,0.9030048,9.309792
202601888,Brady Shust,2026,TE,0.8522,TE,0.9334232,14.020252,0.6760327,2.0867314,0.009009497,0.009091406,0.9334232,14.020252
202601894,Wyatt Villarreal,2026,TE,0.8522,TE,0.9354842,14.5000725,0.60003835,1.5002397,0.0499449,0.05257053,0.9354842,14.5000725
202601895,Carter Bashir,2026,TE,0.8522,TE,0.8243069,4.6917434,0.9005441,9.0547085,0.016405586,0.016679218,0.8243069,4.6917434
202601902,Isaiah Pina,2026,TE,0.8522,TE,0.9170749,11.059077,0.66484135,1.9836617,0.043417707,0.045388363,0.9170749,11.059077
202601912,Bear Fisher,2026,TE,0.8511,TE,0.9335278,14.043889,0.5480463,1.212616,0.0065692356,0.0066126757,0.9335278,14.043889
202601937,Cole Albers,2026,TE,0.85,TE,0.8992403,8.924604,0.6349516,1.7393627,0.0023271956,0.002332624,0.8992403,8.924604
202601959,Drew Byrd,2026,TE,0.85,TE,0.89550203,8.569564,0.6066374,1.5421839,0.01109703,0.011221556,0.89550203,8.569564
202601964,Ryan Rocheleau,2026,TE,0.85,TE,0.83714914,5.140588,0.62131935,1.6407475,0.0069527477,0.007001427,0.83714914,5.140588
202601967,Colton Hider,2026,TE,0.85,TE,0.907126,9.767277,0.6586758,1.9297658,0.03824322,0.03976392,0.907126,9.767277
202601968,Benny Okwura,2026,TE,0.85,TE,0.9096131,10.063547,0.60952204,1.560964,0.0044242973,0.0044439584,0.9096131,10.063547
202601986,Walker Kelley,2026,TE,0.85,TE,0.8966321,8.674181,0.7388811,2.829673,0.0069527477,0.007001427,0.8966321,8.674181
202601987,Xavier Anderson,2026,TE,0.85,TE,0.8064189,4.1657934,0.45264336,0.8269625,0.0055910884,0.0056225243,0.8064189,4.1657934
202601997,Nathan Piggott,2026,TE,0.85,TE,0.83714914,5.140588,0.62131935,1.6407475,0.0069527477,0.007001427,0.83714914,5.140588
202602026,Owen Pollock,2026,TE,0.85,TE,0.82693875,4.778301,0.6962806,2.2925127,0.07118854,0.07664477,0.82693875,4.778301
202602033,Liam Fuller,2026,TE,0.85,TE,0.8720284,6.8142343,0.7696175,3.3406074,0.00342341,0.00343517,0.8720284,6.8142343
202602078,Ayden Passley,2026,TE,0.85,TE,0.845423,5.469267,0.37305623,0.59503937,0.007210157,0.0072625205,0.845423,5.469267
202602106,J'Qwan Crosby,2026,TE,0.85,TE,0.88700944,7.850297,0.62241787,1.6484303,0.0024379652,0.0024439234,0.88700944,7.850297
202602107,Brooks Hall,2026,TE,0.85,TE,0.93885255,15.353911,0.7326847,2.7409003,0.045927227,0.048138075,0.93885255,15.353911
202602130,Jack Ellis,2026,TE,0.8478,TE,0.7783676,3.5119753,0.47117248,0.89097565,0.0023105314,0.0023158824,0.7783676,3.5119753
202602131,Luke Galer,2026,TE,0.8478,TE,0.80777365,4.2022004,0.5099815,1.0407393,0.0018786194,0.0018821553,0.80777365,4.2022004
202602153,Crosby Kelly,2026,TE,0.8467,TE,0.8546676,5.8807783,0.63775766,1.7605829,0.003689744,0.0037034086,0.8546676,5.8807783
202602156,George Rohl,2026,TE,0.8467,TE,0.75442636,3.0720983,0.66750985,2.007608,0.003888741,0.0039039222,0.75442636,3.0720983
202602158,Brice Williamson,2026,TE,0.8467,TE,0.7019918,2.3556123,0.30315423,0.43503776,0.0030505254,0.0030598596,0.7019918,2.3556123
202602172,Elijah Muliufi,2026,TE,0.8456,TE,0.7758918,3.46213,0.75704575,3.1160011,0.0069608344,0.007009627,0.7758918,3.46213
202602180,Kaden Glover,2026,TE,0.845,TE,0.7992588,3.981539,0.56279135,1.2872374,0.0025533207,0.002559857,0.7992588,3.981539
202602205,Bryce McDaniel,2026,TE,0.845,TE,0.80400044,4.102052,0.6904494,2.2304897,0.0042010807,0.004218804,0.80400044,4.102052
202602206,Tyler Klaner,2026,TE,0.845,TE,0.73331094,2.749685,0.55745965,1.259681,0.008204392,0.008272261,0.73331094,2.749685
202602228,Dallas Gaius-Anyaegbu,2026,TE,0.845,TE,0.721302,2.5881128,0.6060088,1.5381279,0.0095441835,0.009636153,0.721302,2.5881128
202602244,Zack Wagner,2026,TE,0.845,TE,0.5144746,1.0596243,0.5062873,1.0254694,0.0077104922,0.007770406,0.5144746,1.0596243
202602252,Broderick Peters,2026,TE,0.845,TE,0.69601035,2.2895856,0.4940786,0.9765917,0.002228501,0.0022334782,0.69601035,2.2895856
202602266,Gavin Gregory,2026,TE,0.845,TE,0.73139113,2.7228854,0.5482308,1.2135198,0.0041668476,0.004184283,0.73139113,2.7228854
202602277,Paxton Dobbs,2026,TE,0.845,TE,0.42535266,0.7401978,0.30292514,0.43456614,0.005993514,0.0060296524,0.42535266,0.7401978
202602311,Gavin Barber,2026,TE,0.8422,TE,0.71197,2.4718602,0.2721869,0.37397912,0.009801507,0.0098985275,0.71197,2.4718602
202602332,Trent Taylor,2026,TE,0.84,TE,0.6844264,2.1688333,0.59063405,1.4428021,0.009702023,0.009797075,0.6844264,2.1688333
202602354,Eli Pietrowski,2026,TE,0.84,TE,0.766533,3.2832608,0.5851094,1.410274,0.014960537,0.015187753,0.766533,3.2832608
202602385,Beckham Hofland,2026,TE,0.84,TE,0.7296547,2.6989734,0.5979191,1.4870617,0.012691451,0.012854595,0.7296547,2.6989734
202602401,Max Leeper,2026,TE,0.84,TE,0.8432539,5.3797445,0.7453029,2.9262326,0.004516993,0.0045374893,0.8432539,5.3797445
202602415,Dre Walker,2026,TE,0.84,TE,0.79356503,3.8441405,0.47754946,0.9140567,0.005855984,0.0058904784,0.79356503,3.8441405
202602430,Quintin Roy,2026,TE,0.84,TE,0.8758919,7.057493,0.6637075,1.9736018,0.0051122033,0.005138472,0.8758919,7.057493
202602431,Kenneth Morgan,2026,TE,0.84,TE,0.78744847,3.7047415,0.60534084,1.533832,0.0120518375,0.012198856,0.78744847,3.7047415
202602446,Armaad Sharp,2026,TE,0.84,TE,0.85778904,6.031807,0.5479333,1.2120628,0.005855984,0.0058904784,0.85778904,6.031807
202602484,William Mayes,2026,TE,0.84,TE,0.81476825,4.3986425,0.50198734,1.0079811,0.014993283,0.015221504,0.81476825,4.3986425
202602498,Matthew Tybor,2026,TE,0.84,TE,0.6175361,1.614626,0.6066946,1.5425533,0.07039081,0.07572087,0.6175361,1.614626
202602518,Landon Cook,2026,TE,0.8378,TE,0.7008766,2.3431017,0.7347734,2.770361,0.005326834,0.005355361,0.7008766,2.3431017
202602519,Russell Crawford,2026,TE,0.8378,TE,0.72879654,2.6872685,0.6458882,1.823967,0.0062112478,0.0062500685,0.72879654,2.6872685
202602541,Rowen Walsh,2026,TE,0.835,TE,0.82880515,4.841297,0.69880146,2.320069,0.027292656,0.028058445,0.82880515,4.841297
202602547,Jackson Stoner,2026,TE,0.835,TE,0.80929124,4.2435975,0.57157737,1.3341438,0.003673261,0.0036868036,0.80929124,4.2435975
202602548,Jerious Singletary,2026,TE,0.835,TE,0.7929585,3.8299496,0.5211238,1.0882225,0.0026506141,0.0026576587,0.7929585,3.8299496
202602560,Brady Shelton,2026,TE,0.835,TE,0.66182303,1.9570317,0.68568593,2.1815312,0.06792496,0.07287499,0.66182303,1.9570317
202602565,Vai Fanuaea,2026,TE,0.835,TE,0.82675064,4.772027,0.6845272,2.1698456,0.0066913646,0.0067364406,0.82675064,4.772027
202602586,Kam Taylor,2026,TE,0.835,TE,0.7953101,3.8854384,0.7984021,3.9603684,0.06792496,0.07287499,0.7953101,3.8854384
202602627,Zane Gerbo,2026,TE,0.83,TE,0.54067475,1.1771065,0.3971259,0.6587211,0.009684922,0.009779637,0.54067475,1.1771065
202602657,Na'o Tito,2026,TE,0.83,TE,0.70425373,2.3812768,0.5598876,1.2721468,0.0040634517,0.0040800306,0.70425373,2.3812768
202602662,Adrian Ortiz,2026,TE,0.83,TE,0.59955466,1.4972197,0.3997426,0.66595197,0.007163365,0.0072150487,0.59955466,1.4972197
202602663,Luke Lopez,2026,TE,0.83,TE,0.59955466,1.4972197,0.3997426,0.66595197,0.007163365,0.0072150487,0.59955466,1.4972197
202602680,Gabe Sema,2026,TE,0.83,TE,0.84204423,5.3308864,0.54876316,1.2161311,0.07321522,0.07899916,0.84204423,5.3308864
202602696,Davis Brown,2026,TE,0.83,TE,0.6698249,2.028696,0.21871871,0.27994874,0.02337457,0.023934018,0.6698249,2.028696
202602786,Colten Cole,2026,TE,0.83,TE,0.6141476,1.5916646,0.4913676,0.9660564,0.0062645157,0.006304007,0.6141476,1.5916646
202602793,Walker Kirkland,2026,TE,0.83,TE,0.63397646,1.7320647,0.35404512,0.54809576,0.008431635,0.008503332,0.63397646,1.7320647
202602794,Zander Barth,2026,TE,0.83,TE,0.7318532,2.7293003,0.57561815,1.3563684,0.04520101,0.047340866,0.7318532,2.7293003
202602801,Trysten Laughlin,2026,TE,0.83,TE,0.792404,3.8170483,0.42134503,0.7281455,0.028556028,0.029395446,0.792404,3.8170483
202602832,Johan Camacho,2026,TE,0.825,TE,0.6901797,2.2276776,0.5092658,1.0377629,0.0067403973,0.0067861388,0.6901797,2.2276776
202602839,TJ Sabatucci,2026,TE,0.825,TE,0.73430854,2.7637641,0.6580602,1.9244913,0.015295915,0.015533514,0.73430854,2.7637641
202602841,Ish Muhammad,2026,TE,0.825,TE,0.64417946,1.8104055,0.5614896,1.2804475,0.003228299,0.0032387548,0.64417946,1.8104055
202602881,Philip Swann,2026,TE,0.82,TE,0.7039246,2.377518,0.5280139,1.1187063,0.036427997,0.037805162,0.7039246,2.377518
202602909,Damien Miles,2026,TE,0.82,TE,0.6503544,1.8600388,0.43402204,0.7668533,0.01509451,0.015325846,0.6503544,1.8600388
202602941,Evan Pyron,2026,TE,0.82,TE,0.5680312,1.3149819,0.51120126,1.0458318,0.0072591654,0.0073122466,0.5680312,1.3149819
202602943,Dyson Richards,2026,TE,0.82,TE,0.69688684,2.299098,0.43318793,0.76425326,0.034998428,0.036267743,0.69688684,2.299098
202602988,Owen Shannon,2026,TE,0.81,TE,0.8553463,5.913063,0.47042567,0.88830906,0.010919299,0.011039846,0.8553463,5.913063
202603000,Chase Tatum,2026,TE,0.81,TE,0.8530296,5.8040915,0.44041997,0.7870545,0.02200097,0.022495901,0.8530296,5.8040915
202603061,Paolo Seltenreich,2026,TE,0.8,TE,0.8609326,6.1907573,0.6071668,1.5456098,0.0067219576,0.006767448,0.8609326,6.1907573
202603072,Terion Mathis,2026,TE,0.8,TE,0.7629731,3.218931,0.4502586,0.81903714,0.004016074,0.0040322677,0.7629731,3.218931
202603087,Dawson McFadin,2026,TE,0.8,TE,0.8065076,4.1681614,0.42097083,0.72702867,0.022884654,0.023420626,0.8065076,4.1681614
202700019,Ahmad Hudson,2027,TE,0.9908,TE,0.9793793,47.49495,0.9601927,24.121008,0.020277195,0.02069687,0.9793793,47.49495
202700052,Brock Williams,2027,TE,0.9779,TE,0.97796315,44.378536,0.9443454,16.967972,0.28444982,0.39752603,0.97796315,44.378536
202700056,Jaxon Dollar,2027,TE,0.9765,TE,0.96292293,25.970848,0.95765024,22.612886,0.14954218,0.17583728,0.96292293,25.970848
202700076,Rahzario Edwards,2027,TE,0.9683,TE,0.98372513,60.444424,0.9751576,39.253788,0.065407604,0.069985166,0.98372513,60.444424
202700078,Seneca Driver,2027,TE,0.9673,TE,0.9861756,71.33585,0.97730196,43.05666,0.046072822,0.04829805,0.9861756,71.33585
202700108,Jack Brown,2027,TE,0.9527,TE,0.9816381,53.460518,0.95549285,21.468302,0.38361195,0.62235457,0.9816381,53.460518
202700123,Brooks Bakko,2027,TE,0.9477,TE,0.9851495,66.337814,0.97873104,46.016865,0.40287367,0.67468745,0.9851495,66.337814
202700146,Korz Loken,2027,TE,0.939,TE,0.94885063,18.550583,0.9345744,14.284543,0.1692579,0.203743,0.94885063,18.550583
202700154,Cooper Terwilliger,2027,TE,0.9361,TE,0.91926473,11.386161,0.8966817,8.67883,0.24548697,0.32535815,0.91926473,11.386161
202700155,George Lamons Jr.,2027,TE,0.9358,TE,0.981977,54.484615,0.9734267,36.631756,0.23633975,0.30948284,0.981977,54.484615
202700188,Malik Howard,2027,TE,0.9279,TE,0.7986582,3.9666784,0.5031187,1.0125531,0.11825689,0.13411717,0.7986582,3.9666784
202700217,Zac Fares,2027,TE,0.922,TE,0.9186488,11.292378,0.8025255,4.0639453,0.06222705,0.066356204,0.9186488,11.292378
202700221,Jordan Karhoff,2027,TE,0.9216,TE,0.8549628,5.894784,0.8349871,5.0601325,0.027129812,0.027886365,0.8549628,5.894784
202700250,Landon Blum,2027,TE,0.9172,TE,0.9286675,13.018852,0.89371204,8.408403,0.046370532,0.048625313,0.9286675,13.018852
202700268,Grant Haviland,2027,TE,0.913,TE,0.94654465,17.707201,0.8991759,8.918262,0.010023725,0.010125218,0.94654465,17.707201
202700272,Titus Hawk,2027,TE,0.9122,TE,0.9755937,39.973003,0.9336654,14.075088,0.027387474,0.028158668,0.9755937,39.973003
202700277,Colt Lumpris,2027,TE,0.9115,TE,0.9742062,37.76902,0.86469233,6.390564,0.031100538,0.032098826,0.9742062,37.76902
202700288,D'Angelo White,2027,TE,0.9092,TE,0.9743095,37.9249,0.94943935,18.778225,0.006019566,0.006056021,0.9743095,37.9249
202700297,Ben Kolar,2027,TE,0.9067,TE,0.9252756,12.382514,0.8600373,6.144762,0.011548489,0.011683416,0.9252756,12.382514
202700302,Anthony Cartwright,2027,TE,0.9056,TE,0.94217944,16.294886,0.91245234,10.42235,0.14896505,0.17503987,0.94217944,16.294886
202700376,Ben Hynek,2027,TE,0.89,TE,0.9585543,23.127972,0.86272407,6.284598,0.03523909,0.03652624,0.9585543,23.127972
202700378,Sam Faniel,2027,TE,0.89,TE,0.97586626,40.435764,0.7968151,3.9216256,0.051630337,0.05444115,0.97586626,40.435764
202700386,Tommy Douglas,2027,TE,0.89,TE,0.9509304,19.379223,0.7334989,2.7523293,0.023155088,0.023703955,0.9509304,19.379223
202700425,Zach Albright,2027,TE,0.885,TE,0.89419705,8.451532,0.7119919,2.4721246,0.046328504,0.0485791,0.89419705,8.451532
202700433,Judah Lancaster,2027,TE,0.8811,TE,0.8452332,5.461334,0.8051755,4.1328244,0.004358308,0.004377386,0.8452332,5.461334
202700454,Jeramie Cooper,2027,TE,0.88,TE,0.8938944,8.424571,0.7418833,2.8742163,0.002308256,0.0023135964,0.8938944,8.424571
202700501,Sean Currie,2027,TE,0.88,TE,0.7633821,3.2262225,0.68721944,2.1971297,0.037180256,0.03861601,0.7633821,3.2262225
202700534,Holden Niemi,2027,TE,0.875,TE,0.95518655,21.314728,0.81536573,4.416113,0.06305891,0.067302965,0.95518655,21.314728
202700570,JT Geraci,2027,TE,0.875,TE,0.9629762,26.009666,0.78675365,3.689412,0.034195643,0.03540639,0.9629762,26.009666
202700591,Maddox Hager,2027,TE,0.87,TE,0.76491827,3.2538397,0.54785144,1.2116625,0.02550021,0.026167488,0.76491827,3.2538397
202700599,Max Markofski,2027,TE,0.87,TE,0.74388367,2.9044757,0.46952286,0.88509536,0.0027795024,0.0027872496,0.74388367,2.9044757
202700637,Sydney Padilla,2027,TE,0.87,TE,0.73704106,2.802875,0.4324027,0.7618125,0.0028500843,0.0028582304,0.73704106,2.802875
202700665,Matthew Schimberg,2027,TE,0.87,TE,0.86223745,6.258867,0.6219861,1.6454053,0.017478028,0.017788945,0.86223745,6.258867
202700690,Wyatt Frey,2027,TE,0.87,TE,0.79440045,3.863824,0.28097227,0.39076695,0.01622942,0.01649716,0.79440045,3.863824
202700693,Seager Milholen,2027,TE,0.87,TE,0.81657827,4.4519167,0.60001415,1.5000885,0.017478028,0.017788945,0.81657827,4.4519167
202700694,Trae Proctor,2027,TE,0.87,TE,0.8149833,4.4049177,0.5264076,1.1115204,0.004640749,0.004662386,0.8149833,4.4049177
202700717,Mason Hall,2027,TE,0.865,TE,0.9431538,16.591326,0.66505444,1.9855598,0.0028464575,0.002854583,0.9431538,16.591326
202700723,Landon Bogany,2027,TE,0.86,TE,0.95708853,22.303793,0.7456136,2.9310274,0.009692238,0.009787097,0.95708853,22.303793
202700744,Griffin Cockerham,2027,TE,0.86,TE,0.93648046,14.743188,0.7150476,2.509358,0.008784214,0.0088620605,0.93648046,14.743188
202700759,Talan Scott,2027,TE,0.86,TE,0.9192206,11.379397,0.64664376,1.8300052,0.0044293706,0.0044490774,0.9192206,11.379397
202700802,Jude Chamberlain,2027,TE,0.86,TE,0.9414473,16.078636,0.89918166,8.918831,0.0042306916,0.004248666,0.9414473,16.078636
202700813,Braylen Ross,2027,TE,0.855,TE,0.90044147,9.044343,0.64498633,1.816793,0.0034355398,0.0034473834,0.90044147,9.044343
202700823,Mekhi Hodge,2027,TE,0.85,TE,0.87721115,7.144062,0.39930433,0.6647365,0.0039170873,0.0039324914,0.87721115,7.144062
202700843,Jace Cannon,2027,TE,0.85,TE,0.7860371,3.6737072,0.56343323,1.2906003,0.004041318,0.0040577166,0.7860371,3.6737072
202700886,Landon Wolny,2027,TE,0.84,TE,0.84233695,5.3426404,0.6917663,2.2442918,0.011781278,0.011921731,0.84233695,5.3426404
202700943,Caleb Camping,2027,TE,0.84,TE,0.8573853,6.011899,0.66207564,1.9592421,0.01527881,0.015515874,0.8573853,6.011899
202700945,Connor Winn,2027,TE,0.83,TE,0.65303725,1.8821537,0.31060266,0.4505423,0.005471205,0.005501304,0.65303725,1.8821537
202700962,Landon Bult,2027,TE,0.83,TE,0.4059765,0.68343514,0.35124138,0.5414053,0.018165842,0.018501945,0.4059765,0.68343514
202800025,Tytan McNeal,2028,TE,0.9881,TE,0.9755234,39.85537,0.94451183,17.02186,0.28444982,0.39752603,0.9755234,39.85537
202800066,Xévien Brinson,2028,TE,0.9393,TE,0.98184776,54.08963,0.97156614,34.16934,0.046196237,0.04843369,0.98184776,54.08963
202800085,Jevyn Severson,2028,TE,0.9334,TE,0.9418052,16.18366,0.92303354,11.992672,0.25731358,0.3464633,0.9418052,16.18366
202800094,Jack McNamara,2028,TE,0.9315,TE,0.8774377,7.1591167,0.7064357,2.4064085,0.16203992,0.19337428,0.8774377,7.1591167
202800102,Ridge Janes,2028,TE,0.9298,TE,0.87520444,7.013106,0.6623481,1.96163,0.11510296,0.13007498,0.87520444,7.013106
202800162,Mike Taylor,2028,TE,0.88,TE,0.9354852,14.500316,0.8617044,6.2308884,0.010046884,0.010148849,0.9354852,14.500316
202800167,Lee Steele,2028,TE,0.88,TE,0.92345154,12.063621,0.9232033,12.021391,0.051519588,0.05431803,0.92345154,12.063621
202800183,Steeler Wesley,2028,TE,0.875,TE,0.96582687,28.262756,0.77012,3.3500962,0.009897456,0.009996395,0.96582687,28.262756
202800187,Torrin Hill,2028,TE,0.875,TE,0.9784267,45.353584,0.8068522,4.177383,0.0038999468,0.003915216,0.9784267,45.353584
