player_id,name,year,position,rating,y_true_score,y_pred_score_oof_raw,y_pred_score_oof_calibrated,y_pred_score_oof,y_true_tier,y_pred_tier_raw,y_pred_tier,position_group
201500001,Trenton Thompson,2015,DT,0.9991,60.567,72.18312072753906,86.34308006300314,86.34308006300314,T4,T4,T5,IDL
201500006,Kahlil McKenzie,2015,DT,0.9972,51.0653,69.55583953857422,81.36303575841006,81.36303575841006,T3,T4,T5,IDL
201500013,Terry Beckner Jr.,2015,DT,0.9918,77.6394,78.10488891601562,96.1955,96.1955,T4,T4,T5,IDL
201500014,Daylon Mack,2015,DT,0.9915,70.6803,65.41849517822266,73.03665857622279,73.03665857622279,T4,T4,T4,IDL
201500021,Rasheem Green,2015,DT,0.9899,77.6912,63.95170593261719,69.73074326681973,69.73074326681973,T4,T4,T4,IDL
201500024,Christian Wilkins,2015,DT,0.9893,94.3283,64.71583557128906,70.82374236162455,70.82374236162455,T5,T4,T4,IDL
201500028,Daron Payne,2015,DT,0.9878,60.1629,63.98583984375,69.78361513785465,69.78361513785465,T4,T4,T4,IDL
201500051,Breiden Fehoko,2015,DT,0.9752,59.6134,61.12522888183594,65.54654694240621,65.54654694240621,T3,T4,T4,IDL
201500055,Shy Tuttle,2015,DT,0.9744,59.7921,55.953556060791016,60.380347895392845,60.380347895392845,T3,T3,T4,IDL
201500069,Jacob Daniel,2015,DT,0.9669,47.2,63.061649322509766,68.28345904250764,68.28345904250764,T3,T4,T4,IDL
201500071,Neville Gallimore,2015,DT,0.9643,65.7654,61.03562545776367,65.42647953577055,65.42647953577055,T4,T4,T4,IDL
201500090,Albert Huggins,2015,DT,0.9583,64.3332,61.076988220214844,65.50133629174216,65.50133629174216,T4,T4,T4,IDL
201500108,Tim Settle,2015,DT,0.9512,54.2432,59.804325103759766,64.43656907121226,64.43656907121226,T3,T3,T4,IDL
201500127,Adam McLean,2015,DT,0.9432,53.1712,51.94089126586914,47.516726773147134,47.516726773147134,T3,T3,T3,IDL
201500144,Hjalte Froholdt,2015,DT,0.9356,44.5956,59.06625747680664,63.603126480060574,63.603126480060574,T3,T3,T4,IDL
201500199,Marquise Overton,2015,DT,0.9199,64.4325,61.1240119934082,65.54553742059666,65.54553742059666,T4,T4,T4,IDL
201500207,Raequan Williams,2015,DT,0.9176,80.7961,58.33321762084961,62.7913680892004,62.7913680892004,T5,T3,T4,IDL
201500261,Darrion Daniels,2015,DT,0.9063,63.8267,57.54055404663086,61.88287198148976,61.88287198148976,T4,T3,T4,IDL
201500315,Elijah Taylor,2015,DT,0.8975,47.6526,59.37775802612305,63.93670096643964,63.93670096643964,T3,T3,T4,IDL
201500451,Kingsley KeKe,2015,DT,0.8778,75.1273,56.51927947998047,61.053834922536026,61.053834922536026,T4,T3,T4,IDL
201500469,Khalil Davis,2015,DT,0.8758,76.861,55.97092056274414,60.39219022545871,60.39219022545871,T4,T3,T4,IDL
201500471,Aaron Crawford,2015,DT,0.8756,60.8243,57.47663879394531,61.8385484248126,61.8385484248126,T4,T3,T4,IDL
201500482,Robert Landers,2015,DT,0.8744,66.2197,58.393287658691406,62.84641205317814,62.84641205317814,T4,T3,T4,IDL
201500495,Quay Picou,2015,DT,0.8736,51.731,58.75288772583008,63.13620729979768,63.13620729979768,T3,T3,T4,IDL
201500502,Jauntavius Johnson,2015,DT,0.8728,44.3584,58.806434631347656,63.19048214653138,63.19048214653138,T3,T3,T4,IDL
201500525,Sterling Johnson,2015,DT,0.8708,57.0713,55.80503845214844,60.26357593115548,60.26357593115548,T3,T3,T4,IDL
201500547,Brandon Tiassum,2015,DT,0.8694,29.0066,58.73517990112305,63.11825874679221,63.11825874679221,T2,T3,T4,IDL
201500671,Joseph Broadnax,2015,DT,0.8619,59.833,53.716487884521484,54.10471470354624,54.10471470354624,T3,T3,T3,IDL
201500686,Gary Baker,2015,DT,0.8614,62.8382,54.068504333496094,55.56903069337415,55.56903069337415,T4,T3,T3,IDL
201500716,DaQuan Hawkins-Muckle,2015,DT,0.86,56.7698,54.17092514038086,56.284207109028564,56.284207109028564,T3,T3,T3,IDL
201500717,Ross Donelly,2015,DT,0.8597,60.2213,52.381046295166016,49.24236480898281,49.24236480898281,T4,T3,T3,IDL
201500749,Bryce English,2015,DT,0.8586,37.9637,60.02696228027344,64.5980207337715,64.5980207337715,T2,T4,T4,IDL
201500782,George Lea,2015,DT,0.8572,60.3975,52.954872131347656,51.04528402750701,51.04528402750701,T4,T3,T3,IDL
201500795,Zach Abercrumbia,2015,DT,0.8564,60.2547,56.12303924560547,60.50093753725053,60.50093753725053,T4,T3,T4,IDL
201500832,Rex Manu,2015,DT,0.855,54.5031,52.98598098754883,51.12616417019502,51.12616417019502,T3,T3,T3,IDL
201500840,Olive Sagapolu,2015,DT,0.8547,60.3638,53.78455352783203,54.365782241791564,54.365782241791564,T4,T3,T3,IDL
201500899,Jamal Milan,2015,DT,0.8522,61.1207,55.103450775146484,58.649426027640004,58.649426027640004,T4,T3,T3,IDL
201500906,Taaj Bakari,2015,DT,0.8517,45.1718,58.59186935424805,62.99574561870979,62.99574561870979,T3,T3,T4,IDL
201500914,John Washington,2015,DT,0.8514,49.8644,57.80928421020508,62.07949613647892,62.07949613647892,T3,T3,T4,IDL
201500943,Tevita Mounga,2015,DT,0.8506,51.2635,57.59611892700195,61.92140477328681,61.92140477328681,T3,T3,T4,IDL
201500965,Keiron Howard,2015,DT,0.8494,62.5653,51.32761001586914,45.31049914606041,45.31049914606041,T4,T3,T3,IDL
201500980,Ryan Fines,2015,DT,0.8492,41.6834,55.24138259887695,59.022032078939816,59.022032078939816,T3,T3,T3,IDL
201500997,Finton Connolly,2015,DT,0.8483,61.2531,54.85030746459961,58.091905882603186,58.091905882603186,T4,T3,T3,IDL
201501003,DaVon Hamilton,2015,DT,0.8483,66.4015,59.051605224609375,63.58014158105032,63.58014158105032,T4,T3,T4,IDL
201501006,Robert Windsor,2015,DT,0.8483,77.8493,54.186378479003906,56.31892847153395,56.31892847153395,T4,T3,T3,IDL
201501064,Brentavious Glanton,2015,DT,0.8458,59.4926,52.740020751953125,50.35210229761617,50.35210229761617,T3,T3,T3,IDL
201501099,James Trucilla,2015,DT,0.8442,46.1547,54.34236145019531,56.71483547672882,56.71483547672882,T3,T3,T3,IDL
201501105,Kyle Cerge-Henderson,2015,DT,0.8442,62.0251,55.8564567565918,60.31231518344002,60.31231518344002,T4,T3,T4,IDL
201501125,Dillon Faamatau,2015,DT,0.8433,62.7304,54.05915069580078,55.51981442955438,55.51981442955438,T4,T3,T3,IDL
201501134,Brandon Boyce,2015,DT,0.8431,52.9241,48.46891403198242,33.92459004994776,33.92459004994776,T3,T3,T2,IDL
201501135,Carl Thompson,2015,DT,0.8431,44.8658,54.12088394165039,55.969731616659885,55.969731616659885,T3,T3,T3,IDL
201501141,Tyrell Jacobs,2015,DT,0.8428,28.2367,53.756629943847656,54.25868061202327,54.25868061202327,T2,T3,T3,IDL
201501166,Ray Smith,2015,DT,0.8419,60.8416,53.57376480102539,53.5622915983616,53.5622915983616,T4,T3,T3,IDL
201501180,Eddy Wilson,2015,DT,0.8417,58.8834,55.208309173583984,58.863387052942485,58.863387052942485,T3,T3,T3,IDL
201501182,Kamaal Seymour,2015,DT,0.8417,47.0218,53.187076568603516,51.81197809380837,51.81197809380837,T3,T3,T3,IDL
201501198,Courtney Wallace,2015,DT,0.8403,58.3978,57.52920150756836,61.87499929246134,61.87499929246134,T3,T3,T4,IDL
201501236,Kevin Thurmon,2015,DT,0.8389,48.1019,56.930885314941406,61.440461533583616,61.440461533583616,T3,T3,T4,IDL
201501247,Elu Aydon,2015,DT,0.8386,63.565,53.812110900878906,54.48762867533355,54.48762867533355,T4,T3,T3,IDL
201501335,Jared Gentry,2015,DT,0.8348,51.3467,54.60666275024414,57.580993908123446,57.580993908123446,T3,T3,T3,IDL
201501345,Steven Clark,2015,DT,0.8344,57.1146,54.72913360595703,57.83795759136197,57.83795759136197,T3,T3,T3,IDL
201501429,Miles Fox,2015,DT,0.8319,62.0624,55.83628463745117,60.29319409388734,60.29319409388734,T4,T3,T4,IDL
201501439,Eurndraus Bryant,2015,DT,0.8317,63.349,56.38728332519531,60.80236868286194,60.80236868286194,T4,T3,T4,IDL
201501575,Norman Oglesby,2015,DT,0.8244,40.8287,53.88922119140625,55.0372950706984,55.0372950706984,T3,T3,T3,IDL
201501626,Nick Dillon,2015,DT,0.8215,25.5439,55.46173095703125,59.5342347538975,59.5342347538975,T2,T3,T3,IDL
201501704,Kevin Murphy,2015,DT,0.8175,59.7514,51.36809539794922,45.43613345211364,45.43613345211364,T3,T3,T3,IDL
201501783,Bryson Bridges,2015,DT,0.8131,58.1326,50.586341857910156,42.20685918448257,42.20685918448257,T3,T3,T3,IDL
201501852,Kwanii Figueroa,2015,DT,0.81,54.3563,53.972904205322266,55.23012267853364,55.23012267853364,T3,T3,T3,IDL
201501880,John Williams,2015,DT,0.8081,46.7501,54.31279754638672,56.626067559241655,56.626067559241655,T3,T3,T3,IDL
201501903,Anthony Giudice,2015,DT,0.8075,47.8809,53.22237777709961,52.01214007161413,52.01214007161413,T3,T3,T3,IDL
201501958,Elontae Bateman,2015,DT,0.8053,50.5734,51.318946838378906,45.28346200093516,45.28346200093516,T3,T3,T3,IDL
201501995,Sam McKnight,2015,DT,0.8033,50.0817,53.265384674072266,52.30843610024874,52.30843610024874,T3,T3,T3,IDL
201502023,Ladante Davenport,2015,DT,0.8019,47.1472,51.13666534423828,44.65196514020875,44.65196514020875,T3,T3,T3,IDL
201502028,Trey Dishon,2015,DT,0.8019,63.2676,52.76456069946289,50.440356818909564,50.440356818909564,T4,T3,T3,IDL
201502045,LaDarius Harris,2015,DT,0.8011,57.1798,49.668521881103516,37.03803724791263,37.03803724791263,T3,T3,T2,IDL
201502050,Chad Coeling,2015,DT,0.8007,23.4377,53.431556701660156,52.98005700798364,52.98005700798364,T2,T3,T3,IDL
201502074,Javier Carbonell,2015,DT,0.8,53.354,51.110740661621094,44.52611548943301,44.52611548943301,T3,T3,T3,IDL
201502122,Demone Kemp,2015,DT,0.7983,17.621,52.65198516845703,49.99936750194187,49.99936750194187,T1,T3,T3,IDL
201502134,Salanoa-Alo Wily,2015,DT,0.7974,58.6508,48.02691650390625,32.59582347738372,32.59582347738372,T3,T3,T2,IDL
201502198,Jaylen Veasley,2015,DT,0.7948,59.7188,51.48455047607422,45.797517047251,45.797517047251,T3,T3,T3,IDL
201502263,Heath Wiggins,2015,DT,0.7915,53.3213,48.79195785522461,34.238207094990564,34.238207094990564,T3,T3,T2,IDL
201502317,Mario Patton,2015,DT,0.7893,55.0954,55.021976470947266,58.446319046417756,58.446319046417756,T3,T3,T3,IDL
201502381,Nico Lautanen,2015,DT,0.7874,58.1703,50.663150787353516,42.53270202289094,42.53270202289094,T3,T3,T3,IDL
201502470,Donovan Ransom,2015,DT,0.7826,56.0505,52.21835708618164,48.9093,48.9093,T3,T3,T3,IDL
201502476,Lyle Tuiloma,2015,DT,0.7826,51.4139,55.20100784301758,58.82836437938322,58.82836437938322,T3,T3,T3,IDL
201502485,LaMarr Davis,2015,DT,0.7819,42.8146,52.651737213134766,49.99855815745541,49.99855815745541,T3,T3,T3,IDL
201502576,Daniel Jackson,2015,DT,0.7785,49.2433,50.36838912963867,40.573414397827705,40.573414397827705,T3,T3,T3,IDL
201502624,Raymond Wright,2015,DT,0.7778,56.7769,51.579437255859375,46.16382039298636,46.16382039298636,T3,T3,T3,IDL
201502663,Tyree Turner,2015,DT,0.7752,62.8776,50.070003509521484,38.19089043606124,38.19089043606124,T4,T3,T2,IDL
201502666,Brian Arp,2015,DT,0.7752,52.8592,54.394474029541016,56.85971326891234,56.85971326891234,T3,T3,T3,IDL
201502715,Youhanna Ghaifan,2015,DT,0.7726,71.8991,45.274757385253906,27.826342720671896,27.826342720671896,T4,T3,T2,IDL
201502775,Dominic Hill,2015,DT,0.7694,56.6914,44.88716125488281,27.268429795424314,27.268429795424314,T3,T3,T2,IDL
201502784,Ty'Ron Horton,2015,DT,0.7693,34.8701,43.22071838378906,24.902801828255953,24.902801828255953,T2,T3,T2,IDL
201502790,Josh Uluocha,2015,DT,0.7685,29.8078,54.120338439941406,55.964707205855,55.964707205855,T2,T3,T3,IDL
201502802,Brody Barrett,2015,DT,0.7685,47.6983,46.82341003417969,29.336857843030902,29.336857843030902,T3,T3,T2,IDL
201503086,Deshawn Baker-Williams,2015,DT,0.7652,32.4597,52.090213775634766,48.34508530932848,48.34508530932848,T2,T3,T3,IDL
201503096,Roderick Young,2015,DT,0.7652,59.9478,52.59702682495117,49.81997940938258,49.81997940938258,T3,T3,T3,IDL
201503111,Trevon Sanders,2015,DT,0.7644,57.8034,45.049072265625,27.501487451460456,27.501487451460456,T3,T3,T2,IDL
201503136,O'Shea Jackson,2015,DT,0.7633,38.5309,54.33501434326172,56.69277521749265,56.69277521749265,T2,T3,T3,IDL
201503142,David Tolentino,2015,DT,0.7633,51.174,47.95783996582031,32.36988766536515,32.36988766536515,T3,T3,T2,IDL
201503247,Justin Brandon,2015,DT,0.7533,58.3369,39.20619201660156,19.10060066855017,19.10060066855017,T3,T2,T1,IDL
201503258,Duke Hwang,2015,DT,0.7533,35.6239,53.306583404541016,52.51993109678129,52.51993109678129,T2,T3,T3,IDL
201503270,Denzel Chukwukelu,2015,DT,0.7533,55.2585,45.329063415527344,27.9045118091492,27.9045118091492,T3,T3,T2,IDL
201503286,Nate Link,2015,DT,0.7533,37.5999,41.4379997253418,22.33954885100268,22.33954885100268,T2,T3,T2,IDL
201503376,Eric Hale,2015,DT,0.7433,31.7766,40.416786193847656,20.85749567107353,20.85749567107353,T2,T3,T2,IDL
201503378,Akeem Hutchinson,2015,DT,0.7433,22.8782,42.177005767822266,23.41204370292907,23.41204370292907,T2,T3,T2,IDL
201503402,Roe Wilkins,2015,DT,0.7383,60.347,46.33843231201172,28.890694634800628,28.890694634800628,T4,T3,T2,IDL
201600001,Rashan Gary,2016,DT,1.0,77.5369,76.40528869628906,93.36776771518286,93.36776771518286,T4,T4,T5,IDL
201600002,Dexter Lawrence,2016,DT,0.9992,77.0945,75.08685302734375,91.1742029796294,91.1742029796294,T4,T4,T5,IDL
201600006,Ed Oliver,2016,DT,0.9968,88.2868,66.76223754882812,76.95567123092796,76.95567123092796,T5,T4,T4,IDL
201600009,Derrick Brown,2016,DT,0.9964,96.1955,69.64642333984375,81.54003144784738,81.54003144784738,T5,T4,T5,IDL
201600023,Rashard Lawrence,2016,DT,0.9847,51.6349,67.01622009277344,77.28518175749701,77.28518175749701,T3,T4,T4,IDL
201600025,Benito Jones,2016,DT,0.9842,76.0817,63.81991958618164,69.52450363076929,69.52450363076929,T4,T4,T4,IDL
201600068,Ed Alexander,2016,DT,0.9665,59.1028,62.91840744018555,67.97953871190973,67.97953871190973,T3,T4,T4,IDL
201600070,Julian Rochester,2016,DT,0.9651,66.8149,65.39939880371094,72.9706126055144,72.9706126055144,T4,T4,T4,IDL
201600082,Raekwon Davis,2016,DT,0.9587,68.0081,68.0802230834961,78.66559231760053,78.66559231760053,T4,T4,T4,IDL
201600109,Boss Tagaloa,2016,DT,0.9486,55.1667,61.019622802734375,65.39751853869402,65.39751853869402,T3,T4,T4,IDL
201600118,Jordan Elliott,2016,DT,0.9453,67.2873,61.051727294921875,65.45562002889572,65.45562002889572,T4,T4,T4,IDL
201600121,Michail Carter,2016,DT,0.9439,62.203,61.92548370361328,66.31209045184373,66.31209045184373,T4,T4,T4,IDL
201600155,Quinnen Williams,2016,DT,0.9321,83.8077,56.61459732055664,61.21627302784158,61.21627302784158,T5,T3,T4,IDL
201600157,Glen Logan,2016,DT,0.9318,36.5008,58.20585632324219,62.653083198779186,62.653083198779186,T2,T3,T4,IDL
201600172,Karamo Dioubate,2016,DT,0.9278,60.8589,58.10980224609375,62.54822020932261,62.54822020932261,T4,T3,T4,IDL
201600180,Ellison Jordan,2016,DT,0.9251,44.479,59.56117248535156,64.26939948723277,64.26939948723277,T3,T3,T4,IDL
201600184,Garrett Rand,2016,DT,0.9244,45.687,50.48497009277344,41.68006813748805,41.68006813748805,T3,T3,T3,IDL
201600213,Naquan Jones,2016,DT,0.9182,64.7922,60.82688903808594,65.09351745157466,65.09351745157466,T4,T4,T4,IDL
201600219,Austin Capps,2016,DT,0.9164,54.7377,59.26742935180664,63.86471285218787,63.86471285218787,T3,T3,T4,IDL
201600248,Tyler Clark,2016,DT,0.9097,66.2584,59.25655746459961,63.85761907839569,63.85761907839569,T4,T3,T4,IDL
201600250,Ross Blacklock,2016,DT,0.9094,68.7025,64.38552856445312,70.38626341432449,70.38626341432449,T4,T4,T4,IDL
201600265,Keyshon Camp,2016,DT,0.9072,58.0649,59.6087646484375,64.32168932350109,64.32168932350109,T3,T3,T4,IDL
201600274,Cedric Wood,2016,DT,0.9058,47.0549,56.48653793334961,60.9930543079877,60.9930543079877,T3,T3,T4,IDL
201600293,Malik Barrow,2016,DT,0.9021,40.6446,56.64484405517578,61.24952216580296,61.24952216580296,T3,T3,T4,IDL
201600295,Briston Guidry,2016,DT,0.9007,52.2323,51.852256774902344,47.230032124178784,47.230032124178784,T3,T3,T3,IDL
201600317,D'Andre Christmas,2016,DT,0.8951,51.1292,53.03414535522461,51.30706464564683,51.30706464564683,T3,T3,T3,IDL
201600323,Bravvion Roy,2016,DT,0.8945,63.0863,56.45539474487305,60.93524084682347,60.93524084682347,T4,T3,T4,IDL
201600329,Michael Williams,2016,DT,0.894,53.8,62.9262809753418,67.9967924733398,67.9967924733398,T3,T4,T4,IDL
201600340,Nyles Pinckney,2016,DT,0.892,68.0846,61.03786849975586,65.4305389079472,65.4305389079472,T4,T4,T4,IDL
201600364,Amir Watts,2016,DT,0.8867,61.6844,58.93163299560547,63.3367020079781,63.3367020079781,T4,T3,T4,IDL
201600366,Mike Panasiuk,2016,DT,0.886,65.8773,60.39876937866211,64.81570865659056,64.81570865659056,T4,T4,T4,IDL
201600393,Sulaiman Kamara,2016,DT,0.8828,65.5813,61.456268310546875,65.84593015994754,65.84593015994754,T4,T4,T4,IDL
201600534,Osa Odighizuwa,2016,DT,0.8694,76.0004,62.436161041259766,66.95322568379368,66.95322568379368,T4,T4,T4,IDL
201600613,Kobe Smith,2016,DT,0.8636,64.5774,59.995609283447266,64.5792482904071,64.5792482904071,T4,T3,T4,IDL
201600654,Jovan Swann,2016,DT,0.8614,38.3378,54.964073181152344,58.31653414991805,58.31653414991805,T2,T3,T3,IDL
201600664,Gerald Wilbon,2016,DT,0.8606,61.8492,55.671661376953125,60.07470851337223,60.07470851337223,T4,T3,T4,IDL
201600831,Brandon Adams,2016,DT,0.8525,58.4627,58.014564514160156,62.408745313035276,62.408745313035276,T3,T3,T4,IDL
201600838,Kevin McCrary,2016,DT,0.8522,58.5354,58.0609245300293,62.49485619000052,62.49485619000052,T3,T3,T4,IDL
201600904,Jake Saunders,2016,DT,0.8492,51.2891,57.97167205810547,62.30399621855694,62.30399621855694,T3,T3,T4,IDL
201600914,Kordell Looney,2016,DT,0.8489,59.2055,59.20922088623047,63.8250290360306,63.8250290360306,T3,T3,T4,IDL
201600935,Michael Dwumfour,2016,DT,0.8483,63.6273,58.895912170410156,63.28117608433758,63.28117608433758,T4,T3,T4,IDL
201600946,Rashad Wheeler,2016,DT,0.8475,54.0179,58.71196746826172,63.09494715105356,63.09494715105356,T3,T3,T4,IDL
201600950,Nick McCann,2016,DT,0.8475,53.57,58.71437072753906,63.09716668374937,63.09716668374937,T3,T3,T4,IDL
201600983,Cameron Murray,2016,DT,0.8458,62.1936,58.876121520996094,63.261116391749816,63.261116391749816,T4,T3,T4,IDL
201600996,Jeremy Darvin,2016,DT,0.8456,59.1738,57.276371002197266,61.739672257868506,61.739672257868506,T3,T3,T4,IDL
201601027,Jabari Watson,2016,DT,0.8439,51.1356,56.468040466308594,60.958716057965,60.958716057965,T3,T3,T4,IDL
201601202,Kenyon Jackson,2016,DT,0.8361,60.2046,59.035499572753906,63.54746107620101,63.54746107620101,T4,T3,T4,IDL
201601207,Jerome Johnson,2016,DT,0.8361,75.2716,57.322811126708984,61.76249989489808,61.76249989489808,T4,T3,T4,IDL
201601210,Marlon Dunlap,2016,DT,0.8358,61.6117,59.19237518310547,63.79888175403995,63.79888175403995,T4,T3,T4,IDL
201601233,Will Davis,2016,DT,0.835,57.7663,59.772315979003906,64.41776567780458,64.41776567780458,T3,T3,T4,IDL
201601251,Jarrod Hewitt,2016,DT,0.8344,61.2266,58.3316535949707,62.789669919102074,62.789669919102074,T4,T3,T4,IDL
201601434,Derek Dorsey,2016,DT,0.8292,61.0417,59.48726272583008,64.08398901458544,64.08398901458544,T4,T3,T4,IDL
201601470,Drew Birchmeier,2016,DT,0.8275,60.4397,59.117897033691406,63.683279504586714,63.683279504586714,T4,T3,T4,IDL
201601481,Ken McLaurin,2016,DT,0.8269,43.3447,56.466796875,60.95640748516495,60.95640748516495,T3,T3,T4,IDL
201601507,Rashad Weaver,2016,DT,0.8261,84.114,57.42839050292969,61.8143974232427,61.8143974232427,T5,T3,T4,IDL
201601515,Joshua Bailey,2016,DT,0.8258,54.8386,59.609413146972656,64.32207027653163,64.32207027653163,T3,T3,T4,IDL
201601532,Edrick Mathews,2016,DT,0.8253,49.192,59.09007263183594,63.64009148945089,63.64009148945089,T3,T3,T4,IDL
201601557,Rakavian Poydras,2016,DT,0.8242,58.6739,53.883026123046875,54.99313467562209,54.99313467562209,T3,T3,T3,IDL
201601589,Joseph Wallace,2016,DT,0.8228,55.3335,56.95882034301758,61.470255352234695,61.470255352234695,T3,T3,T4,IDL
201601619,Alex Miller,2016,DT,0.8219,63.6169,55.31463623046875,59.17107343342528,59.17107343342528,T4,T3,T3,IDL
201601680,Markell Utsey,2016,DT,0.8189,65.2097,56.228302001953125,60.59434084849692,60.59434084849692,T4,T3,T4,IDL
201601711,Jamahl Johnson,2016,DT,0.8169,62.1185,58.227943420410156,62.67706467407013,62.67706467407013,T4,T3,T4,IDL
201601730,Cameron Tidd,2016,DT,0.8161,62.8973,51.5265998840332,45.95735575168502,45.95735575168502,T4,T3,T3,IDL
201601747,Emmanuel Fesili,2016,DT,0.8156,53.1387,58.419891357421875,62.86530501264438,62.86530501264438,T3,T3,T4,IDL
201601748,Jabari Ellis,2016,DT,0.8156,60.5329,56.52122116088867,61.05721370650646,61.05721370650646,T4,T3,T4,IDL
201601784,Lorenzo Neal,2016,DT,0.8136,61.4494,56.448280334472656,60.92203382758397,60.92203382758397,T4,T3,T4,IDL
201601891,Anthony Watts,2016,DT,0.8103,60.678,59.47079849243164,64.04268673845921,64.04268673845921,T4,T3,T4,IDL
201601894,Aymiel Fleming,2016,DT,0.8103,45.3719,58.1578483581543,62.60067629481092,62.60067629481092,T3,T3,T4,IDL
201601923,Hal Northern,2016,DT,0.8094,52.0971,58.81193923950195,63.196061586856004,63.196061586856004,T3,T3,T4,IDL
201601928,Chris Crumb,2016,DT,0.8089,57.486,58.9126091003418,63.2981,63.2981,T3,T3,T4,IDL
201602017,De'Andre Williams,2016,DT,0.8033,51.5388,57.24644088745117,61.72314760628595,61.72314760628595,T3,T3,T4,IDL
201602032,Myles Vigne,2016,DT,0.8028,53.0475,54.1654167175293,56.27183049894271,56.27183049894271,T3,T3,T3,IDL
201602042,Josiah Sa'o,2016,DT,0.8026,56.5918,56.86970901489258,61.38026927644258,61.38026927644258,T3,T3,T4,IDL
201602047,Trysten Hill,2016,DT,0.8019,57.5153,54.4530029296875,57.01406138295219,57.01406138295219,T3,T3,T3,IDL
201602064,Jalen Madden,2016,DT,0.8015,54.1105,53.52571487426758,53.379012543062764,53.379012543062764,T3,T3,T3,IDL
201602156,Andrew Tarver,2016,DT,0.7978,50.8992,56.97180938720703,61.48410868454481,61.48410868454481,T3,T3,T4,IDL
201602174,Alex Criddle,2016,DT,0.7969,48.7162,57.78071212768555,62.050496162493204,62.050496162493204,T3,T3,T4,IDL
201602185,Jeffery Pooler,2016,DT,0.7964,59.087,56.875213623046875,61.383469915671945,61.383469915671945,T3,T3,T4,IDL
201602252,Julius Turner,2016,DT,0.7926,66.5464,56.30144500732422,60.65924318559333,60.65924318559333,T4,T3,T4,IDL
201602256,David Hood,2016,DT,0.7926,59.261,58.519676208496094,62.936168510453065,62.936168510453065,T3,T3,T4,IDL
201602346,Elijah Garcia,2016,DT,0.7893,59.7026,58.804561614990234,63.18858366752973,63.18858366752973,T3,T3,T4,IDL
201602357,Kevin Atkins,2016,DT,0.7893,68.2863,55.184608459472656,58.75110978543302,58.75110978543302,T4,T3,T3,IDL
201602470,Jordan Beaton,2016,DT,0.7883,50.1966,58.93062973022461,63.33466624938611,63.33466624938611,T3,T3,T4,IDL
201602491,Ben Leroy,2016,DT,0.7867,58.5201,57.90485382080078,62.17649698404424,62.17649698404424,T3,T3,T4,IDL
201602510,Tyarise Stevenson,2016,DT,0.7859,63.9541,54.84400939941406,58.07985508202714,58.07985508202714,T4,T3,T3,IDL
201602534,Roy Lopez III,2016,DT,0.7859,57.6774,54.07310104370117,55.593217315683624,55.593217315683624,T3,T3,T3,IDL
201602601,Tiano Tialavea,2016,DT,0.7826,35.185,53.6309928894043,53.779554760909804,53.779554760909804,T2,T3,T3,IDL
201602627,Davon'te Jest,2016,DT,0.7819,52.5419,53.475189208984375,53.18624425100554,53.18624425100554,T3,T3,T3,IDL
201602628,Shemarr Robinson,2016,DT,0.7819,61.0242,53.24324035644531,52.155872817809154,52.155872817809154,T4,T3,T3,IDL
201602657,Will Jones,2016,DT,0.78,56.2883,53.305362701416016,52.51583400406691,52.51583400406691,T3,T3,T3,IDL
201602693,John Lilly,2016,DT,0.7793,28.1581,53.4438591003418,53.03869907590403,53.03869907590403,T2,T3,T3,IDL
201602701,Doug Costin,2016,DT,0.7785,69.1889,51.9973030090332,47.723149199498465,47.723149199498465,T4,T3,T3,IDL
201602716,Jalen Price,2016,DT,0.7785,59.8575,53.19879913330078,51.84969499861514,51.84969499861514,T3,T3,T3,IDL
201602810,Tra'Vontae Booker,2016,DT,0.7752,51.808,55.96225357055664,60.386279466691214,60.386279466691214,T3,T3,T4,IDL
201602821,Ty Nix,2016,DT,0.7752,48.1603,51.424896240234375,45.612397921833086,45.612397921833086,T3,T3,T3,IDL
201602878,Ken Aguirre,2016,DT,0.7733,54.0774,54.98698806762695,58.363749931080854,58.363749931080854,T3,T3,T3,IDL
201602880,Timmy Horne,2016,DT,0.7733,60.7037,55.588905334472656,59.78805714059925,59.78805714059925,T4,T3,T3,IDL
201602900,Atunaisa Mahe,2016,DT,0.7733,61.0505,53.862056732177734,54.84365826445554,54.84365826445554,T4,T3,T3,IDL
201603016,Demarrio Smith,2016,DT,0.7683,56.4998,49.200897216796875,34.63521315098265,34.63521315098265,T3,T3,T2,IDL
201603170,Blake Young,2016,DT,0.7667,49.8324,55.24966049194336,59.05099888581342,59.05099888581342,T3,T3,T3,IDL
201603183,Jordan Jackson,2016,DT,0.7667,73.0555,49.91896438598633,37.82275883215598,37.82275883215598,T4,T3,T2,IDL
201603397,Carl Myers,2016,DT,0.7667,31.9647,54.8578987121582,58.10643107530236,58.10643107530236,T2,T3,T3,IDL
201603585,Ty Phillips,2016,DT,0.7667,55.849,48.01026153564453,32.542499914365855,32.542499914365855,T3,T3,T2,IDL
201603635,Joshua Ortega,2016,DT,0.7652,51.2571,46.39713668823242,28.944700688346146,28.944700688346146,T3,T3,T2,IDL
201603645,Alex Turner,2016,DT,0.7644,58.6894,52.033592224121094,47.991414939422896,47.991414939422896,T3,T3,T3,IDL
201603680,Matt Bell,2016,DT,0.7633,45.7892,53.074951171875,51.47865218325477,51.47865218325477,T3,T3,T3,IDL
201603739,Nick Martin,2016,DT,0.7583,35.5639,49.263877868652344,34.951047808418146,34.951047808418146,T2,T3,T2,IDL
201603751,Juwan Ross,2016,DT,0.7583,48.9093,42.71979522705078,24.19732457946409,24.19732457946409,T3,T3,T2,IDL
201603799,Joey Woodring,2016,DT,0.7533,27.117,47.63823699951172,31.310698054545252,31.310698054545252,T2,T3,T2,IDL
201603807,Rahsaan Crawford,2016,DT,0.7533,37.7324,47.33073806762695,30.289631744633535,30.289631744633535,T2,T3,T2,IDL
201603815,Larry Aaron,2016,DT,0.7511,33.3659,43.58195495605469,25.411550884347413,25.411550884347413,T2,T3,T2,IDL
201603886,Jonathan Clayton,2016,DT,0.7333,51.0078,39.82954788208008,20.005256271094176,20.005256271094176,T3,T2,T2,IDL
201603887,C.J. Brewer,2016,DT,0.7333,59.5328,38.186668395996094,17.621,17.621,T3,T2,T1,IDL
201700006,Marvin Wilson,2017,DT,0.9957,69.5753,75.02202606201172,91.06634626093258,91.06634626093258,T4,T4,T5,IDL
201700023,Aubrey Solomon,2017,DT,0.9879,63.9115,65.34541320800781,72.78159828036546,72.78159828036546,T4,T4,T4,IDL
201700039,Jay Tufele,2017,DT,0.9817,70.4798,64.09798431396484,69.95732180578993,69.95732180578993,T4,T4,T4,IDL
201700054,Tyler Shelvin,2017,DT,0.9754,51.142,62.62346649169922,67.33321648686717,67.33321648686717,T3,T4,T4,IDL
201700060,Marlon Tuipulotu,2017,DT,0.972,69.904,65.29795837402344,72.61544945300163,72.61544945300163,T4,T4,T4,IDL
201700068,Haskell Garrett,2017,DT,0.9678,66.3884,62.45826721191406,66.99407785395954,66.99407785395954,T4,T4,T4,IDL
201700101,Phidarian Mathis,2017,DT,0.9528,63.5961,58.089359283447266,62.52590086338122,62.52590086338122,T4,T3,T4,IDL
201700124,Greg Rogers,2017,DT,0.9432,38.3086,62.01185607910156,66.38810470943174,66.38810470943174,T2,T4,T4,IDL
201700210,Fred Hansard,2017,DT,0.9195,58.899,64.90039825439453,71.22351227533257,71.22351227533257,T3,T4,T4,IDL
201700241,Jerron Cage,2017,DT,0.9105,64.0398,59.85089111328125,64.47076149424205,64.47076149424205,T4,T3,T4,IDL
201700247,Jayden Peevy,2017,DT,0.9093,66.5729,62.61345291137695,67.31127311295539,67.31127311295539,T4,T4,T4,IDL
201700275,Devonte Wyatt,2017,DT,0.9023,65.6914,57.11111068725586,61.631015673055686,61.631015673055686,T4,T3,T4,IDL
201700287,Akial Byers,2017,DT,0.8998,65.5206,60.50896453857422,64.87495440289248,64.87495440289248,T4,T4,T4,IDL
201700327,Breyon Gaddy,2017,DT,0.8933,38.4443,64.99456787109375,71.55321886313831,71.55321886313831,T2,T4,T4,IDL
201700340,Dalyn Wade-Perry,2017,DT,0.8917,61.2443,62.40357971191406,66.89301543609969,66.89301543609969,T4,T4,T4,IDL
201700358,Cory Durden,2017,DT,0.8896,65.3164,61.680328369140625,66.09177641249775,66.09177641249775,T4,T4,T4,IDL
201700371,Neil Farrell,2017,DT,0.8878,67.5463,62.193336486816406,66.5776915173177,66.5776915173177,T4,T4,T4,IDL
201700376,Martin Andrus,2017,DT,0.887,58.4283,59.995174407958984,64.57892228954348,64.57892228954348,T3,T3,T4,IDL
201700382,Jonathan Ford,2017,DT,0.8853,63.6377,61.608341217041016,66.01219030719827,66.01219030719827,T4,T4,T4,IDL
201700383,Popo Aumavae,2017,DT,0.8853,63.4617,62.08525466918945,66.46265402232665,66.46265402232665,T4,T4,T4,IDL
201700389,Sam Miller,2017,DT,0.8847,69.8669,64.79399108886719,70.92725634361148,70.92725634361148,T4,T4,T4,IDL
201700403,Xach Gill,2017,DT,0.8833,57.9749,58.52016830444336,62.936520258930436,62.936520258930436,T3,T3,T4,IDL
201700424,Corey Bethley,2017,DT,0.8802,65.104,60.38882064819336,64.81035978317499,64.81035978317499,T4,T4,T4,IDL
201700430,Deontre Thomas,2017,DT,0.8794,62.7597,59.31113815307617,63.893232311875884,63.893232311875884,T4,T3,T4,IDL
201700451,Tyrone Truesdell,2017,DT,0.8753,66.7607,58.335960388183594,62.79434609968989,62.79434609968989,T4,T3,T4,IDL
201700452,Matthew Butler,2017,DT,0.8753,65.9023,59.986839294433594,64.5726739396576,64.5726739396576,T4,T3,T4,IDL
201700455,Phil Paea,2017,DT,0.8753,46.3898,61.3914794921875,65.7799320498816,65.7799320498816,T3,T4,T4,IDL
201700457,Grant Gibson,2017,DT,0.875,44.9565,61.01640701293945,65.391698724502,65.391698724502,T3,T4,T4,IDL
201700475,Kivon Bennett,2017,DT,0.8733,70.3812,59.094207763671875,63.646509889287366,63.646509889287366,T4,T3,T4,IDL
201700494,Brandon Pili,2017,DT,0.8719,64.555,59.52214431762695,64.1714931881022,64.1714931881022,T4,T3,T4,IDL
201700503,Jordon Riley,2017,DT,0.8711,60.9457,59.73706817626953,64.39705976014436,64.39705976014436,T4,T3,T4,IDL
201700519,Kurt Hinish,2017,DT,0.8703,66.8285,58.12575149536133,62.565633380694315,62.565633380694315,T4,T3,T4,IDL
201700594,Jaylen Twyman,2017,DT,0.8647,70.3031,60.965641021728516,65.29982436238173,65.29982436238173,T4,T4,T4,IDL
201700606,James Lynch,2017,DT,0.8639,87.9331,53.35860061645508,52.69451846007291,52.69451846007291,T5,T3,T3,IDL
201700622,Damion Daniels,2017,DT,0.8628,63.2372,54.76689147949219,57.91938499755473,57.91938499755473,T4,T3,T3,IDL
201700629,Alec Jackson,2017,DT,0.8625,45.7619,44.36151885986328,26.5118105640643,26.5118105640643,T3,T3,T2,IDL
201700657,Brandon Gaddy,2017,DT,0.8611,53.4979,51.93232345581055,47.48742462691242,47.48742462691242,T3,T3,T3,IDL
201700675,Zacchaeus McKinney,2017,DT,0.8603,44.2516,56.014320373535156,60.42178824592432,60.42178824592432,T3,T3,T4,IDL
201700782,Joshua Croslen,2017,DT,0.8547,48.9286,54.52542495727539,57.263985508868295,57.263985508868295,T3,T3,T3,IDL
201700813,Austin Faoliu,2017,DT,0.8539,60.516,54.10615921020508,55.834107660667875,55.834107660667875,T4,T3,T3,IDL
201700827,Kurtis Brown,2017,DT,0.8531,46.4032,52.639404296875,49.958302607844516,49.958302607844516,T3,T3,T3,IDL
201700834,William Green,2017,DT,0.8528,39.2882,54.60485076904297,57.57727109397276,57.57727109397276,T2,T3,T3,IDL
201700863,Brendon Evers,2017,DT,0.8517,65.6301,52.72090530395508,50.27814161001918,50.27814161001918,T4,T3,T3,IDL
201700865,Jordon Scott,2017,DT,0.8514,62.0531,48.8563232421875,34.30069422834524,34.30069422834524,T4,T3,T2,IDL
201700874,Juan Harris,2017,DT,0.8511,37.0031,57.17738342285156,61.676133726838785,61.676133726838785,T2,T3,T4,IDL
201700923,Lamonte McDougle,2017,DT,0.8497,63.6065,54.861419677734375,58.113168137041725,58.113168137041725,T4,T3,T3,IDL
201700931,Tommy Christ,2017,DT,0.8492,37.5383,51.51181411743164,45.89957963806983,45.89957963806983,T2,T3,T3,IDL
201700947,Josh Rogers,2017,DT,0.8486,52.1615,54.13631057739258,56.11182054879245,56.11182054879245,T3,T3,T3,IDL
201700983,Ellison Hubbard,2017,DT,0.8475,58.1854,51.37205505371094,45.44842106256151,45.44842106256151,T3,T3,T3,IDL
201701003,LeShaun Minor,2017,DT,0.8467,36.2647,49.38603591918945,35.65774050988148,35.65774050988148,T2,T3,T2,IDL
201701042,Quinton Bohanna,2017,DT,0.845,62.6622,49.284305572509766,35.06922347641728,35.06922347641728,T4,T3,T2,IDL
201701097,James Jackson,2017,DT,0.8428,46.9557,50.90980911254883,43.59628621598885,43.59628621598885,T3,T3,T3,IDL
201701119,Morris Joseph Jr.,2017,DT,0.8417,61.068,53.39866638183594,52.82899272500779,52.82899272500779,T4,T3,T3,IDL
201701184,Tyreece Lott,2017,DT,0.8392,34.3068,50.15174102783203,38.53759704426765,38.53759704426765,T2,T3,T2,IDL
201701204,George Ellis III,2017,DT,0.8383,60.305,55.235748291015625,58.99500570023185,58.99500570023185,T4,T3,T3,IDL
201701236,Sincere David,2017,DT,0.8367,52.8073,51.761592864990234,46.98404716823403,46.98404716823403,T3,T3,T3,IDL
201701289,DJ Davidson,2017,DT,0.8342,58.2913,48.150535583496094,32.991609868395344,32.991609868395344,T3,T3,T2,IDL
201701301,Derrick Tangelo,2017,DT,0.8336,65.557,52.7593994140625,50.42179497104543,50.42179497104543,T4,T3,T3,IDL
201701329,John Mitchell,2017,DT,0.8333,46.2959,51.85307312011719,47.23224699271803,47.23224699271803,T3,T3,T3,IDL
201701362,Tyrone Chambers,2017,DT,0.8331,45.8978,50.13273239135742,38.44963728052301,38.44963728052301,T3,T3,T2,IDL
201701378,Chris Elmore,2017,DT,0.8325,45.2513,57.20352554321289,61.6939311148878,61.6939311148878,T3,T3,T4,IDL
201701408,O'Bryan Goodson,2017,DT,0.8315,60.1546,54.45887756347656,57.02955353544006,57.02955353544006,T4,T3,T3,IDL
201701458,Mandy Alonso,2017,DT,0.8286,43.2893,53.97521209716797,55.23410755745418,55.23410755745418,T3,T3,T3,IDL
201701478,Darius Stills,2017,DT,0.8275,82.7327,50.382041931152344,40.801043996970606,40.801043996970606,T5,T3,T3,IDL
201701482,Axel Nyembwe,2017,DT,0.8269,51.6669,51.32443618774414,45.300650117262116,45.300650117262116,T3,T3,T3,IDL
201701702,Rashad Colson,2017,DT,0.8175,46.2018,55.194549560546875,58.79738559864349,58.79738559864349,T3,T3,T3,IDL
201701723,Jaylon Haynes,2017,DT,0.8167,55.2449,56.58659744262695,61.168577324818465,61.168577324818465,T3,T3,T4,IDL
201701756,Devonte Dunn,2017,DT,0.8153,52.1035,53.34928894042969,52.66326532471101,52.66326532471101,T3,T3,T3,IDL
201701757,Jalon Sheffield,2017,DT,0.8153,27.3544,54.65629959106445,57.68297550334168,57.68297550334168,T2,T3,T3,IDL
201701764,Caleb Thomas,2017,DT,0.8148,60.5755,56.59584426879883,61.18432860331002,61.18432860331002,T4,T3,T4,IDL
201701766,Chris Green,2017,DT,0.8148,53.0541,55.41244125366211,59.400117519276776,59.400117519276776,T3,T3,T3,IDL
201701783,Kobie Whiteside,2017,DT,0.8141,64.5215,54.08817672729492,55.6725414081044,55.6725414081044,T4,T3,T3,IDL
201701801,Curtis Harper,2017,DT,0.8133,60.0965,52.16195297241211,48.660952821616185,48.660952821616185,T4,T3,T3,IDL
201701824,Marcus Coleman,2017,DT,0.8126,43.8709,51.57674789428711,46.153311579751396,46.153311579751396,T3,T3,T3,IDL
201701847,Seleti Fevaleaki,2017,DT,0.8115,37.9836,53.826969146728516,54.593542923376795,54.593542923376795,T2,T3,T3,IDL
201701882,Ralph Holley,2017,DT,0.8106,74.2537,51.16505432128906,44.78977754472215,44.78977754472215,T4,T3,T3,IDL
201701927,Tahj Sykes,2017,DT,0.8081,53.3474,53.56547546386719,53.53070932736722,53.53070932736722,T3,T3,T3,IDL
201701974,Caleb Sampson,2017,DT,0.8059,64.1477,54.19026565551758,56.327662381282906,56.327662381282906,T4,T3,T3,IDL
201702038,Gjemar Daniels,2017,DT,0.8033,55.1429,54.88023376464844,58.14916725784189,58.14916725784189,T3,T3,T3,IDL
201702165,Jabari Taylor,2017,DT,0.7993,63.8584,53.0677490234375,51.448367311701645,51.448367311701645,T4,T3,T3,IDL
201702166,Livingston Paogofie,2017,DT,0.7986,55.1497,50.32234191894531,39.797757480016365,39.797757480016365,T3,T3,T2,IDL
201702196,Kevin Kegler,2017,DT,0.7978,61.1295,49.65330123901367,36.964395323300735,36.964395323300735,T4,T3,T2,IDL
201702206,Elijah Watson,2017,DT,0.7972,29.8615,54.557167053222656,57.443775822589004,57.443775822589004,T2,T3,T3,IDL
201702218,Garrett Flanary,2017,DT,0.7967,44.2374,52.00252151489258,47.76172667581683,47.76172667581683,T3,T3,T3,IDL
201702232,Jordan Crawford,2017,DT,0.7959,52.6389,54.83531188964844,58.063213152703455,58.063213152703455,T3,T3,T3,IDL
201702281,CJ Hunt,2017,DT,0.7941,49.301,49.79767608642578,37.52713968920079,37.52713968920079,T3,T3,T2,IDL
201702331,Shannon Forman,2017,DT,0.7926,62.6137,52.0794792175293,48.297821075595756,48.297821075595756,T4,T3,T3,IDL
201702350,Drew Wiley,2017,DT,0.7914,63.1867,55.364288330078125,59.267351415907214,59.267351415907214,T4,T3,T3,IDL
201702416,Ziyon Hill,2017,DT,0.7893,69.5574,53.42316436767578,52.940053116689114,52.940053116689114,T4,T3,T3,IDL
201702438,Andrew Cole,2017,DT,0.7893,44.33,53.39780044555664,52.82608634986352,52.82608634986352,T3,T3,T3,IDL
201702442,Jalen Sami,2017,DT,0.7893,64.9875,50.8715934753418,43.42241822522308,43.42241822522308,T4,T3,T3,IDL
201702500,Langston Murray,2017,DT,0.7859,53.2821,55.455875396728516,59.51987311247696,59.51987311247696,T3,T3,T3,IDL
201702525,Dontae Wilson,2017,DT,0.7859,37.3414,57.30591583251953,61.75419501528546,61.75419501528546,T2,T3,T4,IDL
201702539,Caeveon Patton,2017,DT,0.7856,56.8627,51.05417251586914,44.25308999344337,44.25308999344337,T3,T3,T3,IDL
201702567,Kelvin Pinkney,2017,DT,0.7842,61.9046,51.98086929321289,47.65345272708293,47.65345272708293,T4,T3,T3,IDL
201702659,Isaac Hampton,2017,DT,0.7811,50.6118,52.97052764892578,51.08598692212278,51.08598692212278,T3,T3,T3,IDL
201702673,Dion Novil,2017,DT,0.7806,58.0123,52.44108581542969,49.36528046806602,49.36528046806602,T3,T3,T3,IDL
201702704,Markell Clark,2017,DT,0.78,45.8028,50.380863189697266,40.78353767852053,40.78353767852053,T3,T3,T3,IDL
201702737,Tony Krasniqi,2017,DT,0.7793,35.6598,53.81795120239258,54.529260180790345,54.529260180790345,T2,T3,T3,IDL
201702808,Desmond Hawkins,2017,DT,0.7783,48.8965,54.44873809814453,57.00281448263957,57.00281448263957,T3,T3,T3,IDL
201702919,Joe Spivak,2017,DT,0.7733,61.7941,54.82079315185547,58.03543280927981,58.03543280927981,T4,T3,T3,IDL
201702964,Trace Mascorro,2017,DT,0.7726,48.3287,55.85865783691406,60.31440158069265,60.31440158069265,T3,T3,T4,IDL
201702979,Amos Ogun-Semore,2017,DT,0.7726,49.2176,47.0411262512207,29.537149447033975,29.537149447033975,T3,T3,T2,IDL
201703096,Nakoa Pauole,2017,DT,0.7685,34.4602,54.51939392089844,57.2298251331932,57.2298251331932,T2,T3,T3,IDL
201703112,Ravontae Holt,2017,DT,0.7685,55.4154,48.2094612121582,33.18026975798236,33.18026975798236,T3,T3,T2,IDL
201703196,TJ Rayam,2017,DT,0.7667,63.2575,57.594818115234375,61.92050269433564,61.92050269433564,T4,T3,T4,IDL
201703224,Kolo Uasike,2017,DT,0.7667,59.3804,53.78712463378906,54.375643785297555,54.375643785297555,T3,T3,T3,IDL
201703245,Jahneil Douglas,2017,DT,0.7667,41.0892,49.4278450012207,35.873572007909274,35.873572007909274,T3,T3,T2,IDL
201703369,Khyiris Tonga,2017,DT,0.7667,61.3688,52.45878219604492,49.40150930995476,49.40150930995476,T4,T3,T3,IDL
201703608,Sam Burt,2017,DT,0.7667,61.3599,55.08244705200195,58.6052289480323,58.6052289480323,T4,T3,T3,IDL
201703855,Jeremy Meiser,2017,DT,0.7611,58.0724,51.70370101928711,46.72902607689086,46.72902607689086,T3,T3,T3,IDL
201703857,Nami Tuitu'u,2017,DT,0.7611,41.3501,52.01209259033203,47.83248024897676,47.83248024897676,T3,T3,T3,IDL
201703866,Weston Kramer,2017,DT,0.7611,64.488,54.72454833984375,57.828069155087604,57.828069155087604,T4,T3,T3,IDL
201703896,Marcus Buckley,2017,DT,0.7611,47.8548,53.2090950012207,51.920628383508244,51.920628383508244,T3,T3,T3,IDL
201704000,Zayin West,2017,DT,0.7578,67.0624,44.064998626708984,26.09184748320791,26.09184748320791,T4,T3,T2,IDL
201704052,Jesus Echevarria,2017,DT,0.7533,45.8775,47.31550216674805,30.23903150107752,30.23903150107752,T3,T3,T2,IDL
201704082,Ben Taliulu,2017,DT,0.7533,31.1516,50.554779052734375,42.07296180951406,42.07296180951406,T2,T3,T3,IDL
201704106,Jalin Walker,2017,DT,0.75,51.4747,47.99949645996094,32.50794059499386,32.50794059499386,T3,T3,T2,IDL
201704165,Ville Valasti,2017,DT,0.7483,44.9286,48.08010482788086,32.76611446207406,32.76611446207406,T3,T3,T2,IDL
201800020,Taron Vincent,2018,DT,0.9884,62.2125,71.63780212402344,85.43107439257861,85.43107439257861,T4,T4,T5,IDL
201800054,Nesta Jade Silvera,2018,DT,0.973,63.9221,67.64089965820312,78.09562522083196,78.09562522083196,T4,T4,T4,IDL
201800055,Tommy Togiai,2018,DT,0.9721,59.9642,65.30878448486328,72.65335382374589,72.65335382374589,T3,T4,T4,IDL
201800078,PJ Mustipher,2018,DT,0.9613,65.8399,62.14312744140625,66.52425123534712,66.52425123534712,T4,T4,T4,IDL
201800093,Tyler Friday,2018,DT,0.956,41.3055,62.22718048095703,66.61371356424392,66.61371356424392,T3,T4,T4,IDL
201800105,Tuli Letuligasenoa,2018,DT,0.9517,64.202,59.988739013671875,64.57409804869339,64.57409804869339,T4,T3,T4,IDL
201800117,Robert Cooper,2018,DT,0.9482,65.4361,60.898956298828125,65.19093567971187,65.19093567971187,T4,T4,T4,IDL
201800120,Coynis Miller,2018,DT,0.9475,52.445,62.48320007324219,67.04015374424498,67.04015374424498,T3,T4,T4,IDL
201800123,Keondre Coburn,2018,DT,0.9468,65.9274,61.17924118041992,65.59135515338255,65.59135515338255,T4,T4,T4,IDL
201800128,Jayson Ademilola,2018,DT,0.9453,65.8648,59.811676025390625,64.44136422338309,64.44136422338309,T4,T3,T4,IDL
201800136,Greg Emerson,2018,DT,0.9441,53.8791,61.368865966796875,65.75689644010352,65.75689644010352,T3,T4,T4,IDL
201800141,Rick Sandidge,2018,DT,0.9416,60.4566,63.679718017578125,69.29503874691822,69.29503874691822,T4,T4,T4,IDL
201800160,Austin Fontaine,2018,DT,0.9348,54.0443,62.46591567993164,67.00821221136809,67.00821221136809,T3,T4,T4,IDL
201800176,Christian Barmore,2018,DT,0.9298,71.6001,59.99108123779297,64.57585387790617,64.57585387790617,T4,T3,T4,IDL
201800191,Alim McNeill,2018,DT,0.9234,66.5331,62.64853286743164,67.38814597638118,67.38814597638118,T4,T4,T4,IDL
201800216,Calvin Avery,2018,DT,0.9174,64.5662,65.10176086425781,71.92852288636368,71.92852288636368,T4,T4,T4,IDL
201800324,Dennis Briggs Jr.,2018,DT,0.897,57.5007,62.42530822753906,66.93316970033865,66.93316970033865,T3,T4,T4,IDL
201800326,Tyler Manoa,2018,DT,0.8959,64.7808,60.11323928833008,64.64919628159645,64.64919628159645,T4,T4,T4,IDL
201800390,Moro Ojomo,2018,DT,0.8884,65.0923,61.3450927734375,65.73267951700349,65.73267951700349,T4,T4,T4,IDL
201800424,Jordan Davis,2018,DT,0.8858,89.5465,59.55706787109375,64.25910262691957,64.25910262691957,T5,T3,T4,IDL
201800454,Jordan Kelley,2018,DT,0.8823,64.7126,59.265235900878906,63.86328165221226,63.86328165221226,T4,T3,T4,IDL
201800492,Jamaal Teague,2018,DT,0.8797,50.4713,61.90985107421875,66.29833254937947,66.29833254937947,T3,T4,T4,IDL
201800498,Josh Landry,2018,DT,0.8791,64.815,60.8339729309082,65.10309323230993,65.10309323230993,T4,T4,T4,IDL
201800547,Jeffery Johnson,2018,DT,0.875,65.7037,62.45388412475586,66.98597791547454,66.98597791547454,T4,T4,T4,IDL
201800558,TK Chimedza,2018,DT,0.8743,58.2231,59.46824645996094,64.03628469426818,64.03628469426818,T3,T3,T4,IDL
201800560,Darnell Jefferies,2018,DT,0.8743,63.217,59.86740493774414,64.48314094808919,64.48314094808919,T4,T3,T4,IDL
201800570,Ja'Mion Franklin,2018,DT,0.8742,62.9865,56.19761657714844,60.56711260193369,60.56711260193369,T4,T3,T4,IDL
201800581,Jackson Cravens,2018,DT,0.8735,58.8366,59.57080078125,64.29355308893403,64.29355308893403,T3,T3,T4,IDL
201800622,Alfred Thomas,2018,DT,0.871,31.9478,58.44479751586914,62.88299244200415,62.88299244200415,T2,T3,T4,IDL
201800629,Tramel Walthour,2018,DT,0.8709,66.1683,57.93050765991211,62.203467271695,62.203467271695,T4,T3,T4,IDL
201800647,Otito Ogbonnia,2018,DT,0.8689,61.6571,60.93682861328125,65.2476807602556,65.2476807602556,T4,T4,T4,IDL
201800680,Noah Shannon,2018,DT,0.8675,60.482,56.391353607177734,60.81060695231925,60.81060695231925,T4,T3,T4,IDL
201800687,Devin Danielson,2018,DT,0.8675,65.5691,55.427696228027344,59.44217817422211,59.44217817422211,T4,T3,T3,IDL
201800689,Derrius Mullins,2018,DT,0.8675,38.0036,58.07109451293945,62.505959637710866,62.505959637710866,T2,T3,T4,IDL
201800692,Aaron Maldonado,2018,DT,0.8668,42.1711,60.851688385009766,65.12704041902755,65.12704041902755,T3,T4,T4,IDL
201800701,Allen Love,2018,DT,0.8667,31.9308,60.620357513427734,64.93484414699061,64.93484414699061,T2,T4,T4,IDL
201800825,Shabazz Dotson,2018,DT,0.8601,27.7528,54.36552810668945,56.78337920847211,56.78337920847211,T2,T3,T3,IDL
201800852,Israel Antwine,2018,DT,0.8588,62.927,55.20027542114258,58.82485113313275,58.82485113313275,T4,T3,T3,IDL
201800881,Dashaun Mallory,2018,DT,0.8577,63.0463,54.52686309814453,57.272131278399925,57.272131278399925,T4,T3,T3,IDL
201800882,Timaje Porter,2018,DT,0.8576,41.2649,54.960540771484375,58.30925567258215,58.30925567258215,T3,T3,T3,IDL
201800896,Devin Phillips,2018,DT,0.8569,61.7209,52.1899299621582,48.78413544073339,48.78413544073339,T4,T3,T3,IDL
201800932,Dejmi Dumervil Jean,2018,DT,0.8551,45.5914,46.275779724121094,28.833056359186127,28.833056359186127,T3,T3,T2,IDL
201800946,Isaac Hodgins,2018,DT,0.8547,61.2886,55.0804443359375,58.59996603493946,58.59996603493946,T4,T3,T3,IDL
201800954,Masry Mapieu,2018,DT,0.8541,50.5798,51.07038116455078,44.33019299013823,44.33019299013823,T3,T3,T3,IDL
201800965,Bryson Williams,2018,DT,0.854,61.5484,56.30900955200195,60.6659554696479,60.6659554696479,T4,T3,T4,IDL
201800970,Isaiah Lee,2018,DT,0.8539,60.8849,55.7126579284668,60.17600871752132,60.17600871752132,T4,T3,T4,IDL
201800998,Jerquavion Mahone,2018,DT,0.853,61.1912,54.12013244628906,55.96280987590071,55.96280987590071,T4,T3,T3,IDL
201801029,Scale Igiehon,2018,DT,0.8518,55.3676,53.610939025878906,53.70342141565478,53.70342141565478,T3,T3,T3,IDL
201801040,Tyler Bentley,2018,DT,0.8514,65.1567,52.01480484008789,47.85253038469486,47.85253038469486,T4,T3,T3,IDL
201801077,Jahlil Taylor,2018,DT,0.8498,62.1372,54.772212982177734,57.93086117775668,57.93086117775668,T4,T3,T3,IDL
201801105,Ahmir Crowder,2018,DT,0.8485,49.5125,53.563045501708984,53.52143840233585,53.52143840233585,T3,T3,T3,IDL
201801106,Mykee Irving,2018,DT,0.8485,34.1715,57.718421936035156,62.00621871244685,62.00621871244685,T2,T3,T4,IDL
201801175,Ryan Betro,2018,DT,0.8464,41.6754,53.780853271484375,54.351589812710245,54.351589812710245,T3,T3,T3,IDL
201801195,Jordan Redmond,2018,DT,0.846,50.3308,55.6692008972168,60.06597892528015,60.06597892528015,T3,T3,T4,IDL
201801206,Kingston Harris,2018,DT,0.8452,31.4426,55.560211181640625,59.73078759855202,59.73078759855202,T2,T3,T3,IDL
201801207,Elijiah Brown,2018,DT,0.8452,34.6833,55.74188995361328,60.203717664049734,60.203717664049734,T2,T3,T4,IDL
201801237,Quentin Bivens,2018,DT,0.8439,61.5123,54.23492431640625,56.42800377621023,56.42800377621023,T4,T3,T3,IDL
201801241,Samuela Tuihalamaka,2018,DT,0.8437,62.6428,51.673133850097656,46.581387707174066,46.581387707174066,T4,T3,T3,IDL
201801246,Jordan Miller,2018,DT,0.8431,65.1567,47.3184814453125,30.248926040440875,30.248926040440875,T4,T3,T2,IDL
201801257,Devon Robinson,2018,DT,0.8431,43.33,48.898826599121094,34.34195729003183,34.34195729003183,T3,T3,T2,IDL
201801259,Atonio Mafi,2018,DT,0.843,55.7315,51.255130767822266,45.08046903059341,45.08046903059341,T3,T3,T3,IDL
201801263,Jaxon Player,2018,DT,0.8427,69.6113,53.95783233642578,55.20409911388069,55.20409911388069,T4,T3,T3,IDL
201801283,Blessman Taala,2018,DT,0.8422,63.2981,54.33884811401367,56.704286411953895,56.704286411953895,T4,T3,T3,IDL
201801302,Lichon Terrell,2018,DT,0.8416,46.8298,55.13050842285156,58.683326986231116,58.683326986231116,T3,T3,T3,IDL
201801326,Will Choloh,2018,DT,0.8405,70.1873,53.13957977294922,51.68048410140749,51.68048410140749,T4,T3,T3,IDL
201801359,Devan Rogers,2018,DT,0.8396,52.5936,54.00249099731445,55.281208167637246,55.281208167637246,T3,T3,T3,IDL
201801387,Jaylen Pickle,2018,DT,0.8384,52.5355,50.481815338134766,41.653125992198305,41.653125992198305,T3,T3,T3,IDL
201801389,Jamiran James,2018,DT,0.8382,29.6008,52.596641540527344,49.818721812565165,49.818721812565165,T2,T3,T3,IDL
201801400,Jeff Marks,2018,DT,0.8377,56.7841,47.98955154418945,32.47498235437646,32.47498235437646,T3,T3,T2,IDL
201801467,Cameron Young,2018,DT,0.8355,62.8579,53.035640716552734,51.31335260626591,51.31335260626591,T4,T3,T3,IDL
201801475,John Waller,2018,DT,0.8346,32.9307,54.20887756347656,56.36948058115054,56.36948058115054,T2,T3,T3,IDL
201801489,Branson Deen,2018,DT,0.8337,64.2238,47.112037658691406,29.602385559150267,29.602385559150267,T4,T3,T2,IDL
201801559,Tyrone Barber,2018,DT,0.831,50.6309,50.48908615112305,41.71521998122159,41.71521998122159,T3,T3,T3,IDL
201801627,Akeem Smith,2018,DT,0.8276,48.1538,57.8087043762207,62.07890761898282,62.07890761898282,T3,T3,T4,IDL
201801635,Tyrese Black,2018,DT,0.8269,47.6003,53.63362503051758,53.789547534017274,53.789547534017274,T3,T3,T3,IDL
201801678,Brandon Matterson,2018,DT,0.8255,62.326,54.56764602661133,57.500831922579934,57.500831922579934,T4,T3,T3,IDL
201801692,Aaron Faumui,2018,DT,0.8254,65.7902,51.427528381347656,45.62056598658167,45.62056598658167,T4,T3,T3,IDL
201801696,Evan Boozer,2018,DT,0.8254,33.584,52.9793815612793,51.10900627358554,51.10900627358554,T2,T3,T3,IDL
201801706,Dion Bergan,2018,DT,0.8249,65.8523,50.125064849853516,38.41415682193848,38.41415682193848,T4,T3,T2,IDL
201801716,Kyiev Bennermon,2018,DT,0.8235,41.8893,52.058372497558594,48.17460155211596,48.17460155211596,T3,T3,T3,IDL
201801729,Dayonte Roberts,2018,DT,0.8226,39.7646,54.92276382446289,58.23141683774691,58.23141683774691,T2,T3,T3,IDL
201801753,Terry Hampton,2018,DT,0.8215,61.7575,54.27570724487305,56.519636974567455,56.519636974567455,T4,T3,T3,IDL
201801772,Matt Lawson,2018,DT,0.8204,55.1157,54.6714973449707,57.71420011718655,57.71420011718655,T3,T3,T3,IDL
201801790,Darren Brown,2018,DT,0.8204,52.4838,54.2462043762207,56.453348399495454,56.453348399495454,T3,T3,T3,IDL
201801810,Kwabena Bonsu,2018,DT,0.8199,56.3939,53.846065521240234,54.729667885046744,54.729667885046744,T3,T3,T3,IDL
201801855,Jaylon Hutchings,2018,DT,0.8173,71.5775,51.59950637817383,46.24224148011987,46.24224148011987,T4,T3,T3,IDL
201801858,Shamar Jones,2018,DT,0.8168,48.684,53.97552490234375,55.234647656745885,55.234647656745885,T3,T3,T3,IDL
201801906,Kyron Mims,2018,DT,0.8154,61.84,50.94000244140625,43.73365546602987,43.73365546602987,T4,T3,T3,IDL
201801916,Jevon Henderson,2018,DT,0.8154,48.6904,53.039451599121094,51.32937728141505,51.32937728141505,T3,T3,T3,IDL
201801945,Sokoya McDuffie,2018,DT,0.8143,56.9776,54.02984619140625,55.36562220334577,55.36562220334577,T3,T3,T3,IDL
201801948,Chris Manoa,2018,DT,0.8139,44.6132,53.475189208984375,53.18624425100554,53.18624425100554,T3,T3,T3,IDL
201801982,Nazir Sy,2018,DT,0.8115,49.0379,50.33515930175781,40.01366397026954,40.01366397026954,T3,T3,T3,IDL
201802034,Perrion Winfrey,2018,DT,0.8098,70.9064,50.47341537475586,41.581388865320406,41.581388865320406,T4,T3,T3,IDL
201802079,Dennis Osagiede,2018,DT,0.8065,46.3362,53.20476531982422,51.890799042324964,51.890799042324964,T3,T3,T3,IDL
201802107,Eddie Wilson,2018,DT,0.8064,64.0291,53.06678009033203,51.44429296987194,51.44429296987194,T4,T3,T3,IDL
201802126,Kevin Nelson,2018,DT,0.8054,47.4431,53.004783630371094,51.1835992556339,51.1835992556339,T3,T3,T3,IDL
201802141,Deporess Schletty,2018,DT,0.8054,30.6384,55.70303726196289,60.166889317398045,60.166889317398045,T2,T3,T4,IDL
201802384,CJ Wright,2018,DT,0.7953,58.6354,54.29384994506836,56.569175914576014,56.569175914576014,T3,T3,T3,IDL
201802422,Dayton LeBlanc,2018,DT,0.7943,51.2763,51.16801834106445,44.80337252328729,44.80337252328729,T3,T3,T3,IDL
201802468,Nico Ezidore,2018,DT,0.7903,61.8033,56.632965087890625,61.24261517303773,61.24261517303773,T4,T3,T4,IDL
201802591,Tim Moulton,2018,DT,0.7892,35.7785,54.33197784423828,56.68365789332236,56.68365789332236,T2,T3,T3,IDL
201802640,Terrance Newman,2018,DT,0.7853,62.4787,54.72800064086914,57.83551427557704,57.83551427557704,T4,T3,T3,IDL
201802811,Kierron Smith,2018,DT,0.7798,53.6488,53.76796340942383,54.302150412848626,54.302150412848626,T3,T3,T3,IDL
201802839,Daniel Okpoko,2018,DT,0.7798,51.7182,52.60445785522461,49.844234841068946,49.844234841068946,T3,T3,T3,IDL
201802942,Darius Shipp,2018,DT,0.7742,55.2994,57.92506408691406,62.19700991624402,62.19700991624402,T3,T3,T4,IDL
201803131,Maurice Strong,2018,DT,0.7691,62.9468,50.42180252075195,41.14060624649301,41.14060624649301,T4,T3,T3,IDL
201803324,Logan Hawkins,2018,DT,0.7597,56.6487,43.61281204223633,25.45500859232583,25.45500859232583,T3,T3,T2,IDL
201803326,Emeka Jilliani,2018,DT,0.7597,34.8188,55.33196258544922,59.20309237285186,59.20309237285186,T2,T3,T3,IDL
201803359,Justin Segura,2018,DT,0.758,48.3999,42.55648422241211,23.96276814301421,23.96276814301421,T3,T3,T2,IDL
201803755,Zaid Hamdan,2018,DT,0.7097,37.1204,51.75204086303711,46.9581311363543,46.9581311363543,T2,T3,T3,IDL
201803756,Samuel Obiang,2018,DT,0.7097,47.5348,54.042179107666016,55.430514609923804,55.430514609923804,T3,T3,T3,IDL
201803805,Jonah Tavai,2018,DT,0.6996,76.9535,45.22458267211914,27.754120325284013,27.754120325284013,T4,T3,T2,IDL
201900008,Zacch Pickens,2019,DT,0.9945,64.6111,73.65892791748047,88.79847374248499,88.79847374248499,T4,T4,T5,IDL
201900016,DeMarvin Leal,2019,DT,0.9919,85.9975,71.24593353271484,84.66538504729357,84.66538504729357,T5,T4,T5,IDL
201900022,Travon Walker,2019,DT,0.99,70.7824,77.41587829589844,95.04914949211368,95.04914949211368,T4,T4,T5,IDL
201900031,Christopher Hinton,2019,DT,0.9867,59.5247,65.60780334472656,73.59856648581263,73.59856648581263,T3,T4,T4,IDL
201900073,Nathan Pickering,2019,DT,0.9675,77.1903,64.73567962646484,70.85002505072529,70.85002505072529,T4,T4,T4,IDL
201900075,Jowon Briggs,2019,DT,0.9667,64.758,64.01899719238281,69.83497435813132,69.83497435813132,T4,T4,T4,IDL
201900077,Byron Young,2019,DT,0.9647,63.3899,67.42953491210938,77.82140594693382,77.82140594693382,T4,T4,T4,IDL
201900083,Faatui Tuitele,2019,DT,0.9608,61.033,63.886688232421875,69.63003381555471,69.63003381555471,T4,T4,T4,IDL
201900086,Jacob Bandes,2019,DT,0.9599,65.9399,62.355587005615234,66.80432498694408,66.80432498694408,T4,T4,T4,IDL
201900106,Mazi Smith,2019,DT,0.9536,59.4124,64.08033752441406,69.92998773388474,69.92998773388474,T3,T4,T4,IDL
201900137,Tyler Davis,2019,DT,0.9401,77.0472,59.41860580444336,63.96335364355076,63.96335364355076,T4,T3,T4,IDL
201900138,Siaki Ika,2019,DT,0.94,61.6753,59.72901153564453,64.39232697896489,64.39232697896489,T4,T3,T4,IDL
201900175,Jacob Lacey,2019,DT,0.9304,64.2347,64.83342742919922,70.98903407491463,70.98903407491463,T4,T4,T4,IDL
201900194,C.J. Clark,2019,DT,0.9216,63.4823,62.292659759521484,66.688035530679,66.688035530679,T4,T4,T4,IDL
201900239,Joshua Harris Sr.,2019,DT,0.9121,66.1044,65.47576141357422,73.20663724745889,73.20663724745889,T4,T4,T4,IDL
201900248,Keyon Ware-Hudson,2019,DT,0.9107,66.2843,60.737693786621094,64.997929268689,64.997929268689,T4,T4,T4,IDL
201900265,DJ Dale,2019,DT,0.9076,61.7849,57.141666412353516,61.65181781493116,61.65181781493116,T4,T3,T4,IDL
201900277,Jaelin Humphries,2019,DT,0.9059,39.6847,57.18658447265625,61.682397742594546,61.682397742594546,T2,T3,T4,IDL
201900280,Jason Blissett,2019,DT,0.9057,41.9915,56.316551208496094,60.67264744421969,60.67264744421969,T3,T3,T4,IDL
201900352,Hunter Spears,2019,DT,0.8965,26.3728,61.65914535522461,66.0683573227448,66.0683573227448,T2,T4,T4,IDL
201900376,Kristian Williams,2019,DT,0.8937,66.4671,47.49473571777344,30.834287495939694,30.834287495939694,T4,T3,T2,IDL
201900403,Suaava Poti,2019,DT,0.8922,47.4169,55.626976013183594,59.9161683662239,59.9161683662239,T3,T3,T3,IDL
201900411,Brett Johnson,2019,DT,0.8914,56.1622,55.127410888671875,58.67944603622745,58.67944603622745,T3,T3,T3,IDL
201900412,Tymon Mitchell,2019,DT,0.8911,64.3552,53.39104461669922,52.80341150237236,52.80341150237236,T4,T3,T3,IDL
201900432,Rodas Johnson,2019,DT,0.89,47.646,55.56310272216797,59.73655871166978,59.73655871166978,T3,T3,T3,IDL
201900441,Tayquon Johnson,2019,DT,0.8893,25.3926,54.50920867919922,57.17213493518404,57.17213493518404,T2,T3,T3,IDL
201900497,Adarious Jones,2019,DT,0.8856,57.7292,56.02988052368164,60.43240003510241,60.43240003510241,T3,T3,T4,IDL
201900508,Enoch Jackson,2019,DT,0.8848,53.041,61.34101867675781,65.72852937678032,65.72852937678032,T3,T4,T4,IDL
201900515,Rashad Cheney,2019,DT,0.8842,56.3164,56.28950119018555,60.64864502050265,60.64864502050265,T3,T3,T4,IDL
201900518,Jared Harrison-Hunte,2019,DT,0.8837,66.9242,56.39242172241211,60.812768822467376,60.812768822467376,T4,T3,T4,IDL
201900523,DeWayne Carter,2019,DT,0.8837,62.7206,55.324851989746094,59.18995205953369,59.18995205953369,T4,T3,T3,IDL
201900543,Matthew Pola-Mao,2019,DT,0.8826,38.6264,59.40895462036133,63.957056363658054,63.957056363658054,T2,T3,T4,IDL
201900563,Ben Smiley III,2019,DT,0.8804,54.3231,62.03612518310547,66.41036277544175,66.41036277544175,T3,T4,T4,IDL
201900601,Simote Pepa,2019,DT,0.8781,62.8874,61.55773162841797,65.95623837783532,65.95623837783532,T4,T4,T4,IDL
201900603,Taurean Carter II,2019,DT,0.8781,63.3388,62.263126373291016,66.65197277842175,66.65197277842175,T4,T4,T4,IDL
201900605,T'Vondre Sweat,2019,DT,0.8774,93.0597,59.846961975097656,64.46781604784276,64.46781604784276,T5,T3,T4,IDL
201900608,Patrick Lucas Jr.,2019,DT,0.8774,62.848,55.626277923583984,59.91369159936987,59.91369159936987,T4,T3,T3,IDL
201900611,Elijah Simmons,2019,DT,0.877,66.1172,56.535987854003906,61.0823676665068,61.0823676665068,T4,T3,T4,IDL
201900622,Isaiah Gibson Sr.,2019,DT,0.8763,56.5706,58.39455032348633,62.84730875085284,62.84730875085284,T3,T3,T4,IDL
201900628,Jayden Jernigan,2019,DT,0.8759,65.5085,55.68259048461914,60.11348412559521,60.11348412559521,T4,T3,T4,IDL
201900639,Noa Ngalu,2019,DT,0.8752,31.28,60.77161407470703,65.01879851627356,65.01879851627356,T2,T4,T4,IDL
201900646,Tru Thompson,2019,DT,0.8752,50.8672,60.01494598388672,64.59089322014685,64.59089322014685,T3,T4,T4,IDL
201900648,Keenan Hester,2019,DT,0.8752,51.8594,57.81775665283203,62.0880954612082,62.0880954612082,T3,T3,T4,IDL
201900659,Denzel Daxon,2019,DT,0.8748,56.4221,59.51604080200195,64.15618187165133,64.15618187165133,T3,T3,T4,IDL
201900665,Joseph Evans,2019,DT,0.8741,45.8164,55.5648078918457,59.73996199341601,59.73996199341601,T3,T3,T3,IDL
201900761,Jaden McKenzie,2019,DT,0.87,58.4512,61.44486618041992,65.83431520758137,65.83431520758137,T3,T4,T4,IDL
201900774,Jalar Holley,2019,DT,0.8693,60.2882,58.7061767578125,63.090164000588295,63.090164000588295,T4,T3,T4,IDL
201900825,Cavon Butler,2019,DT,0.8663,60.6352,57.43864440917969,61.81943772949664,61.81943772949664,T4,T3,T4,IDL
201900832,Gabe Hall,2019,DT,0.8663,69.8299,59.621700286865234,64.32928821601038,64.32928821601038,T4,T3,T4,IDL
201900834,Norell Pollard,2019,DT,0.8663,65.1274,66.53624725341797,76.35439041849779,76.35439041849779,T4,T4,T4,IDL
201900852,Calijah Kancey,2019,DT,0.8652,84.9694,58.2205810546875,62.66907084897315,62.66907084897315,T5,T3,T4,IDL
201900905,Siale Taupaki,2019,DT,0.8622,56.1832,55.09048080444336,58.62634074798184,58.62634074798184,T3,T3,T3,IDL
201900911,Gio Paez,2019,DT,0.8622,59.9149,58.59206008911133,62.99590316648533,62.99590316648533,T3,T3,T4,IDL
201900965,Mario Kendricks,2019,DT,0.8596,63.9435,60.03192901611328,64.60096677273636,64.60096677273636,T4,T4,T4,IDL
201901035,Joshua Fuga,2019,DT,0.8563,65.815,55.421897888183594,59.42619112858147,59.42619112858147,T4,T3,T3,IDL
201901072,Marcus Miller,2019,DT,0.8552,43.5067,61.288719177246094,65.68217730514539,65.68217730514539,T3,T4,T4,IDL
201901083,De'Jon Benton,2019,DT,0.8544,62.1279,56.96518325805664,61.47704165422978,61.47704165422978,T4,T3,T4,IDL
201901108,Mike Lockhart,2019,DT,0.8539,66.6263,59.052581787109375,63.58189957654235,63.58189957654235,T4,T3,T4,IDL
201901115,Malcolm Ray,2019,DT,0.8533,65.2333,63.466094970703125,68.94540651293298,68.94540651293298,T4,T4,T4,IDL
201901122,Evan Bennett,2019,DT,0.853,49.5637,58.497886657714844,62.92069438018763,62.92069438018763,T3,T3,T4,IDL
201901141,Xavier Ross,2019,DT,0.8522,50.318,57.06911849975586,61.58789272386892,61.58789272386892,T3,T3,T4,IDL
201901201,Deshon Hall,2019,DT,0.85,58.0573,55.358882904052734,59.25284086592396,59.25284086592396,T3,T3,T3,IDL
201901216,Lloyd Murray Jr.,2019,DT,0.8496,33.1131,55.55727005004883,59.72491750856021,59.72491750856021,T2,T3,T3,IDL
201901224,Keeanu Benton,2019,DT,0.8489,70.4996,54.559688568115234,57.45805792778903,57.45805792778903,T4,T3,T3,IDL
201901235,Sio Nofoagatoto'a,2019,DT,0.8489,65.8026,54.95691680908203,58.301788552205146,58.301788552205146,T4,T3,T3,IDL
201901254,Na'im Rodman,2019,DT,0.8478,65.716,53.84999084472656,54.757648825030444,54.757648825030444,T4,T3,T3,IDL
201901381,Cooper Laake,2019,DT,0.843,40.5095,56.584716796875,61.16537378509226,61.16537378509226,T3,T3,T4,IDL
201901416,Maverick Hansen,2019,DT,0.8415,66.4408,52.02970504760742,47.96267923155125,47.96267923155125,T4,T3,T3,IDL
201901438,Ireland Burke,2019,DT,0.8404,34.5985,58.009857177734375,62.39724937008025,62.39724937008025,T2,T3,T4,IDL
201901550,Dal'mont Gourdine,2019,DT,0.8367,59.2769,61.163089752197266,65.57795604572848,65.57795604572848,T3,T4,T4,IDL
201901557,Isaiah Coe,2019,DT,0.8367,60.7467,55.579437255859375,59.76916017126114,59.76916017126114,T4,T3,T3,IDL
201901583,Nassir Sims,2019,DT,0.8356,49.41,52.567649841308594,49.724090764918145,49.724090764918145,T3,T3,T3,IDL
201901712,Dalvin Hutchinson,2019,DT,0.8315,51.0781,52.87614059448242,50.840589329170065,50.840589329170065,T3,T3,T3,IDL
201901726,Tyrece Woods,2019,DT,0.8311,51.5964,58.932273864746094,63.33800241650834,63.33800241650834,T3,T3,T4,IDL
201901742,Jayden Simon,2019,DT,0.8304,55.635,51.20569610595703,44.92322198040161,44.92322198040161,T3,T3,T3,IDL
201901858,Da'Jon Terry,2019,DT,0.8259,67.4593,55.672386169433594,60.077280019941995,60.077280019941995,T4,T3,T4,IDL
201901863,Mike Ciaffoni,2019,DT,0.8259,45.9656,59.7090950012207,64.3806272391268,64.3806272391268,T3,T3,T4,IDL
201901968,De'Braylon Carroll,2019,DT,0.8206,61.8125,57.96565246582031,62.28929557189323,62.28929557189323,T4,T3,T4,IDL
201901987,Eric Hicks,2019,DT,0.8206,65.8274,55.057701110839844,58.54019939139758,58.54019939139758,T4,T3,T3,IDL
201902001,Kyon Barrs,2019,DT,0.82,64.3112,54.80076599121094,57.992437671528435,57.992437671528435,T4,T3,T3,IDL
201902122,Kevin Pointer,2019,DT,0.8156,38.9423,55.79387283325195,60.2529920754216,60.2529920754216,T2,T3,T4,IDL
201902181,Elijah Chatman,2019,DT,0.813,60.238,56.39520263671875,60.81839740581731,60.81839740581731,T4,T3,T4,IDL
201902213,Lama Lavea,2019,DT,0.8117,54.5433,52.202762603759766,48.84063753109475,48.84063753109475,T3,T3,T3,IDL
201902253,Elijah Alston,2019,DT,0.8107,61.0855,55.24117660522461,59.02104397843187,59.02104397843187,T4,T3,T3,IDL
201902422,Kevin Penn,2019,DT,0.8056,57.3397,48.006404876708984,32.530152199704595,32.530152199704595,T3,T3,T2,IDL
201902434,Jeremiah Burton,2019,DT,0.8056,44.1874,54.00792694091797,55.290594039474875,55.290594039474875,T3,T3,T3,IDL
201902440,Cletus Mathurin,2019,DT,0.8056,58.4207,48.36138153076172,33.66666712334798,33.66666712334798,T3,T3,T2,IDL
201902535,Aaron Hamilton,2019,DT,0.8006,37.4557,49.40707778930664,35.773094153877416,35.773094153877416,T2,T3,T2,IDL
201902649,Desmond Barkley,2019,DT,0.8,30.6677,52.71930694580078,50.27167643034324,50.27167643034324,T2,T3,T3,IDL
201902681,Darius Richardson,2019,DT,0.7994,55.7108,50.322509765625,39.80058482691254,39.80058482691254,T3,T3,T2,IDL
201902735,Demond Taylor,2019,DT,0.7956,63.1666,50.607330322265625,42.29589754042609,42.29589754042609,T4,T3,T3,IDL
201902827,Billy Wooden,2019,DT,0.7933,57.6257,43.33586120605469,25.06496370952934,25.06496370952934,T3,T3,T2,IDL
201902864,Justen Ramsey,2019,DT,0.7906,55.1293,53.09830093383789,51.56620440565856,51.56620440565856,T3,T3,T3,IDL
201902891,Christian Clayton,2019,DT,0.7906,64.3003,51.1498908996582,44.71616772102681,44.71616772102681,T4,T3,T3,IDL
201902979,Oly Okombi,2019,DT,0.79,28.5435,51.20330810546875,44.91562597350138,44.91562597350138,T2,T3,T3,IDL
201903132,Omar Darame,2019,DT,0.7856,42.14,49.428565979003906,35.87706030960142,35.87706030960142,T3,T3,T2,IDL
201903147,Jeff Clark,2019,DT,0.7844,64.6561,45.74565887451172,28.345362990603803,28.345362990603803,T4,T3,T2,IDL
201903154,Seth Mason,2019,DT,0.7844,49.9986,49.8255500793457,37.59507770076152,37.59507770076152,T3,T3,T2,IDL
201903174,Carson Ramos,2019,DT,0.7844,29.2172,52.351192474365234,49.18124669804914,49.18124669804914,T2,T3,T3,IDL
201903200,Quentin Jones,2019,DT,0.7833,33.6984,51.7262077331543,46.83773272625179,46.83773272625179,T2,T3,T3,IDL
201903209,Kobe Hilton,2019,DT,0.7833,60.8675,47.618125915527344,31.24404832514941,31.24404832514941,T4,T3,T2,IDL
201903211,Bryce Wilson,2019,DT,0.7833,53.511,49.49382019042969,36.19277929767435,36.19277929767435,T3,T3,T2,IDL
201903247,Gunnar Rask,2019,DT,0.78,41.8657,50.081642150878906,38.21925760087194,38.21925760087194,T3,T3,T2,IDL
201903380,Wilson Frederic,2019,DT,0.78,39.4606,50.28054428100586,39.13361579257948,39.13361579257948,T2,T3,T2,IDL
201903398,Javon Denis,2019,DT,0.7794,56.6131,54.341548919677734,56.712395790738526,56.712395790738526,T3,T3,T3,IDL
201903399,Wykevious Thomas,2019,DT,0.7794,60.3891,50.08546829223633,38.23092937909894,38.23092937909894,T4,T3,T2,IDL
201903424,Kennedy Roberts,2019,DT,0.7794,61.7027,52.722999572753906,50.286612692697204,50.286612692697204,T4,T3,T3,IDL
201903445,CJ Bazile,2019,DT,0.7783,53.1452,54.60929489135742,57.586401785521275,57.586401785521275,T3,T3,T3,IDL
201903477,Blaine Spires,2019,DT,0.7744,57.7218,50.9270133972168,43.67455978739567,43.67455978739567,T3,T3,T3,IDL
201903512,Jacques Bristol,2019,DT,0.7733,62.5943,54.69775390625,57.7702851481066,57.7702851481066,T4,T3,T3,IDL
201903645,John Harris,2019,DT,0.7694,57.6922,50.893829345703125,43.52358377904357,43.52358377904357,T3,T3,T3,IDL
201903680,Amaru Herring,2019,DT,0.7683,30.4805,55.16451644897461,58.72593618485508,58.72593618485508,T2,T3,T3,IDL
202000001,Bryan Bresee,2020,DT,0.9995,70.1681,66.75425720214844,76.94531773105439,76.94531773105439,T4,T4,T4,IDL
202000008,Jordan Burch,2020,DT,0.9954,59.5086,73.80412292480469,89.04004385117267,89.04004385117267,T3,T4,T5,IDL
202000012,Gervon Dexter,2020,DT,0.9946,61.9601,70.98725128173828,84.15993437382755,84.15993437382755,T4,T4,T5,IDL
202000018,Jalen Carter,2020,DT,0.9911,83.9586,66.18856048583984,75.32238029252235,75.32238029252235,T5,T4,T4,IDL
202000034,DeMonte Capehart,2020,DT,0.9829,65.412,66.9376449584961,77.18324036629441,77.18324036629441,T4,T4,T4,IDL
202000041,Jaquelin Roy,2020,DT,0.9803,60.7984,57.21430969238281,61.701272894548474,61.701272894548474,T4,T3,T4,IDL
202000052,Justin Rogers,2020,DT,0.9744,63.1163,65.84400177001953,74.29965490611617,74.29965490611617,T4,T4,T4,IDL
202000056,Tim Smith,2020,DT,0.973,65.9148,66.69422149658203,76.82329241245125,76.82329241245125,T4,T4,T4,IDL
202000062,McKinnley Jackson,2020,DT,0.9708,60.9805,67.57579040527344,78.01115412339308,78.01115412339308,T4,T4,T4,IDL
202000091,Omari Thomas,2020,DT,0.9577,66.6798,64.16234588623047,70.05701494482673,70.05701494482673,T4,T4,T4,IDL
202000094,Tre Williams,2020,DT,0.9569,66.1427,65.77751159667969,74.10229757600392,74.10229757600392,T4,T4,T4,IDL
202000096,Jacobian Guillory II,2020,DT,0.9562,66.3492,58.42112731933594,62.866182746924146,62.866182746924146,T4,T3,T4,IDL
202000101,Jay Hardy,2020,DT,0.9549,58.2307,61.661128997802734,66.07055035834205,66.07055035834205,T3,T4,T4,IDL
202000122,Vernon Broughton,2020,DT,0.9473,66.6664,66.53076171875,76.3381081556922,76.3381081556922,T4,T4,T4,IDL
202000152,Kedrick Bingley-Jones,2020,DT,0.9331,61.6935,64.8125991821289,70.95190204861598,70.95190204861598,T4,T4,T4,IDL
202000154,Darrion Henry-Young,2020,DT,0.9321,50.2414,64.82611846923828,70.9698078252736,70.9698078252736,T3,T4,T4,IDL
202000163,Jacolbe Cowan,2020,DT,0.9297,58.8522,60.83129119873047,65.09946815215005,65.09946815215005,T3,T4,T4,IDL
202000202,Jah-Marien Latham,2020,DT,0.9215,61.6662,61.10346603393555,65.5284926417056,65.5284926417056,T4,T4,T4,IDL
202000206,Cole Brevard,2020,DT,0.9206,65.0573,56.94124221801758,61.45150758269432,61.45150758269432,T4,T3,T4,IDL
202000219,Dominic Bailey,2020,DT,0.9182,65.034,56.33920669555664,60.70506136330196,60.70506136330196,T4,T3,T4,IDL
202000220,Alex Huntley,2020,DT,0.9181,64.9067,61.633548736572266,66.04005872878795,66.04005872878795,T4,T4,T4,IDL
202000231,Patrick Jenkins,2020,DT,0.9163,50.4776,60.687110900878906,64.97073369296416,64.97073369296416,T3,T4,T4,IDL
202000234,Davin Vann,2020,DT,0.9154,79.0821,62.019447326660156,66.39478558446929,66.39478558446929,T4,T4,T4,IDL
202000241,Coziah Izzard,2020,DT,0.9127,64.8722,61.11909103393555,65.54145502832606,65.54145502832606,T4,T4,T4,IDL
202000253,Nazir Stackhouse,2020,DT,0.9097,67.1743,62.71815872192383,67.54072138995745,67.54072138995745,T4,T4,T4,IDL
202000255,Josaih Hayes,2020,DT,0.9092,65.2807,64.37894439697266,70.37754293731798,70.37754293731798,T4,T4,T4,IDL
202000294,Warren Brinson,2020,DT,0.9019,67.2731,58.00932693481445,62.39595444619796,62.39595444619796,T4,T3,T4,IDL
202000321,Clyde Pinder Jr.,2020,DT,0.8997,44.9147,62.78129577636719,67.6790774972389,67.6790774972389,T3,T4,T4,IDL
202000326,Tonka Hemingway,2020,DT,0.8989,67.0069,58.667442321777344,63.05816919833252,63.05816919833252,T4,T3,T4,IDL
202000339,Jamil Burroughs,2020,DT,0.8976,56.6558,62.25114822387695,66.6392237672238,66.6392237672238,T3,T4,T4,IDL
202000352,Omarr Norman-Lott,2020,DT,0.8967,68.9008,60.856605529785156,65.1336872587517,65.1336872587517,T4,T4,T4,IDL
202000353,Jayson Jones,2020,DT,0.8964,64.5103,55.84728240966797,60.30361884827092,60.30361884827092,T4,T3,T4,IDL
202000359,Jalen Lee,2020,DT,0.8956,63.4206,58.04829406738281,62.48106642429573,62.48106642429573,T4,T3,T4,IDL
202000375,Maceal Afaese,2020,DT,0.8933,24.9183,63.32378005981445,68.71248276733854,68.71248276733854,T2,T4,T4,IDL
202000381,Tuli Tuipulotu,2020,DT,0.8928,86.2312,56.66600799560547,61.261827880594694,61.261827880594694,T5,T3,T4,IDL
202000400,Isaiah Raikes,2020,DT,0.8912,64.3222,64.33268737792969,70.31627729179019,70.31627729179019,T4,T4,T4,IDL
202000402,Aidan Keanaaina,2020,DT,0.8911,58.3445,61.968387603759766,66.3498491460886,66.3498491460886,T3,T4,T4,IDL
202000409,Tobin Phillips,2020,DT,0.8904,63.8161,61.30324172973633,65.69422510931143,65.69422510931143,T4,T4,T4,IDL
202000421,Tre'vonn Rybka,2020,DT,0.8889,63.7844,60.838504791259766,65.10921925681909,65.10921925681909,T4,T4,T4,IDL
202000480,Dallas Walker IV,2020,DT,0.8833,57.6479,56.44854736328125,60.92252953339993,60.92252953339993,T3,T3,T4,IDL
202000493,Jamar Sekona,2020,DT,0.8826,56.3235,60.302913665771484,64.7617023871344,64.7617023871344,T3,T4,T4,IDL
202000501,Jeffrey M'ba,2020,DT,0.8819,64.0936,61.89386749267578,66.28426578234061,66.28426578234061,T4,T4,T4,IDL
202000570,Kobe Pepe,2020,DT,0.877,59.8821,59.20206069946289,63.813915256977964,63.813915256977964,T3,T3,T4,IDL
202000586,Nash Hutmacher,2020,DT,0.8763,61.9508,59.07994079589844,63.624365225644915,63.624365225644915,T4,T3,T4,IDL
202000613,Octavious Oxendine,2020,DT,0.8744,63.8796,58.92271423339844,63.31860465593222,63.31860465593222,T4,T3,T4,IDL
202000626,Bryce Austin,2020,DT,0.873,44.4578,60.128047943115234,64.6579800936253,64.6579800936253,T3,T4,T4,IDL
202000645,Cam Jackson,2020,DT,0.8722,64.3662,56.64481735229492,61.249506639486526,61.249506639486526,T4,T3,T4,IDL
202000670,Jordan Butler,2020,DT,0.871,50.3755,60.00494384765625,64.58496041356787,64.58496041356787,T3,T4,T4,IDL
202000681,Damarjhe Lewis,2020,DT,0.8707,53.5831,59.41149139404297,63.95871157754289,63.95871157754289,T3,T3,T4,IDL
202000698,Armondous Cooley,2020,DT,0.8696,56.3868,60.372440338134766,64.80155301076455,64.80155301076455,T3,T4,T4,IDL
202000754,Herbert Gums,2020,DT,0.8678,60.9109,63.498191833496094,68.99793875608925,68.99793875608925,T4,T4,T4,IDL
202000758,Makius Scott,2020,DT,0.8674,64.5438,57.77545928955078,62.04577262587191,62.04577262587191,T4,T3,T4,IDL
202000766,Justin Wodtly,2020,DT,0.867,49.0572,58.34489822387695,62.804050520520065,62.804050520520065,T3,T3,T4,IDL
202000772,Jahmeer Carter,2020,DT,0.867,67.0485,47.89400863647461,32.158345570907514,32.158345570907514,T4,T3,T2,IDL
202000775,Jared Dawson,2020,DT,0.8667,64.5998,59.518550872802734,64.16247865054174,64.16247865054174,T4,T3,T4,IDL
202000780,Aeneas Peebles,2020,DT,0.8663,65.3522,58.32444763183594,62.78184591101492,62.78184591101492,T4,T3,T4,IDL
202000782,Keanu Tanuvasa,2020,DT,0.8663,60.937,57.864295959472656,62.13533173392192,62.13533173392192,T4,T3,T4,IDL
202000807,Fatorma Mulbah,2020,DT,0.8652,47.3447,58.190208435058594,62.63600658248041,62.63600658248041,T3,T3,T4,IDL
202000847,JR Singleton,2020,DT,0.8633,64.4215,56.89276885986328,61.399808818035126,61.399808818035126,T4,T3,T4,IDL
202000863,DeSanto Rollins,2020,DT,0.863,27.808,56.65339660644531,61.254495023150305,61.254495023150305,T2,T3,T4,IDL
202000875,Chidozie Nwankwo,2020,DT,0.863,62.8087,50.240196228027344,38.946910911759275,38.946910911759275,T4,T3,T2,IDL
202000885,Isaiah Bruce,2020,DT,0.8622,23.4377,55.484745025634766,59.580167637063006,59.580167637063006,T2,T3,T3,IDL
202000888,Ricky Correia,2020,DT,0.8622,58.7745,45.29139709472656,27.850294221369985,27.850294221369985,T3,T3,T2,IDL
202000984,Dezmond Tell,2020,DT,0.8578,66.0282,50.25503158569336,39.01555942093104,39.01555942093104,T4,T3,T2,IDL
202000988,Kenean Caldwell,2020,DT,0.8578,66.0409,50.16579818725586,38.602644551672626,38.602644551672626,T4,T3,T2,IDL
202001106,Ali Saad,2020,DT,0.8533,57.5594,55.06259536743164,58.55306094853683,58.55306094853683,T3,T3,T3,IDL
202001108,Stanley Saole-McKenzie,2020,DT,0.8533,59.6782,54.57191848754883,57.509609926472066,57.509609926472066,T3,T3,T3,IDL
202001133,David Ndukwe,2020,DT,0.8522,33.9931,54.5037841796875,57.14797796341876,57.14797796341876,T2,T3,T3,IDL
202001173,Nick Booker-Brown,2020,DT,0.8511,31.1146,55.58145523071289,59.77318776867446,59.77318776867446,T2,T3,T3,IDL
202001185,CJ West,2020,DT,0.8511,61.4314,55.37326431274414,59.29209978327064,59.29209978327064,T4,T3,T3,IDL
202001202,Sawyer Goram-Welch,2020,DT,0.85,55.313,54.551639556884766,57.41246754659077,57.41246754659077,T3,T3,T3,IDL
202001218,James Mitchell,2020,DT,0.85,58.7203,48.526092529296875,33.980100015090485,33.980100015090485,T3,T3,T2,IDL
202001257,Adonis Friloux,2020,DT,0.8489,62.6816,50.47383499145508,41.584972463847464,41.584972463847464,T4,T3,T3,IDL
202001339,Poukesi Vakauta,2020,DT,0.8467,56.6344,54.15248489379883,56.24277460684366,56.24277460684366,T3,T3,T3,IDL
202001371,George Wolo,2020,DT,0.845,60.3134,51.57046127319336,46.128746297182296,46.128746297182296,T4,T3,T3,IDL
202001403,Ethan Saunders,2020,DT,0.8444,46.9888,53.08988952636719,51.541467626582126,51.541467626582126,T3,T3,T3,IDL
202001434,Darian Varner,2020,DT,0.8426,61.3153,51.112064361572266,44.53254130297321,44.53254130297321,T4,T3,T3,IDL
202001441,Marcus Moore,2020,DT,0.8426,34.1987,53.66959762573242,53.926115433152695,53.926115433152695,T2,T3,T3,IDL
202001458,Luis Medina,2020,DT,0.8422,63.869,51.07453155517578,44.350340785906916,44.350340785906916,T4,T3,T3,IDL
202001473,Martez Poynter,2020,DT,0.8417,60.6523,49.76092529296875,37.437566019654305,37.437566019654305,T4,T3,T2,IDL
202001482,J'Vian McCray,2020,DT,0.8415,28.4932,52.501033782958984,49.506651030041844,49.506651030041844,T2,T3,T3,IDL
202001515,Xavier McIver,2020,DT,0.8404,55.9669,51.72128677368164,46.81396466223897,46.81396466223897,T3,T3,T3,IDL
202001595,Everitt Rogers,2020,DT,0.8383,61.6299,50.34441375732422,40.169553596863054,40.169553596863054,T4,T3,T3,IDL
202001626,Walker Baty,2020,DT,0.837,39.1047,52.874996185302734,50.83752274327514,50.83752274327514,T2,T3,T3,IDL
202001629,Cam Horsley,2020,DT,0.837,64.9298,50.29416275024414,39.323084490879396,39.323084490879396,T4,T3,T2,IDL
202001697,Keyshawn Hunter,2020,DT,0.8356,47.1538,53.309410095214844,52.52941842709804,52.52941842709804,T3,T3,T3,IDL
202001883,Ta'Shoyn Johnson,2020,DT,0.83,38.9563,52.9914665222168,51.140426051885434,51.140426051885434,T2,T3,T3,IDL
202001891,Tre Smith,2020,DT,0.83,27.9174,52.11308288574219,48.44577794658068,48.44577794658068,T2,T3,T3,IDL
202001928,Elijah Champaigne,2020,DT,0.8283,62.8185,53.03804016113281,51.323442216545,51.323442216545,T4,T3,T3,IDL
202001937,Mason Narcisse,2020,DT,0.8281,64.4769,52.829978942871094,50.67562446785413,50.67562446785413,T4,T3,T3,IDL
202001941,Soane Toia,2020,DT,0.8278,61.351,53.15748977661133,51.73006761231602,51.73006761231602,T4,T3,T3,IDL
202001944,Waisale Muavesi,2020,DT,0.8278,58.2156,54.089576721191406,55.681372599347334,55.681372599347334,T3,T3,T3,IDL
202001956,Deris Jackson,2020,DT,0.8274,18.7899,55.88750076293945,60.33529917232152,60.33529917232152,T1,T3,T4,IDL
202001958,Troy Rainey,2020,DT,0.827,59.565,49.411170959472656,35.79289811004497,35.79289811004497,T3,T3,T2,IDL
202001995,Jonathan Wallace,2020,DT,0.8267,40.7034,49.2748908996582,35.01475894819658,35.01475894819658,T3,T3,T2,IDL
202002022,Jaden Wheeler,2020,DT,0.8256,57.707,53.43257522583008,52.98491202569984,52.98491202569984,T3,T3,T3,IDL
202002049,Demerick Morris,2020,DT,0.8244,60.2464,52.29925537109375,49.07491867858044,49.07491867858044,T4,T3,T3,IDL
202002051,Carlos Johnson,2020,DT,0.8244,57.3981,51.994449615478516,47.702055667125556,47.702055667125556,T3,T3,T3,IDL
202002087,Chazz Wallace,2020,DT,0.8226,63.0363,49.919403076171875,37.82382806321243,37.82382806321243,T4,T3,T2,IDL
202002281,Jack Hugunin,2020,DT,0.817,35.6598,52.684715270996094,50.131756980936494,50.131756980936494,T2,T3,T3,IDL
202002300,Jeremy Moore,2020,DT,0.8167,34.1851,54.09785842895508,55.757652290657866,55.757652290657866,T2,T3,T3,IDL
202002314,Cameron Bariteau,2020,DT,0.8167,56.5139,51.753395080566406,46.96180533416472,46.96180533416472,T3,T3,T3,IDL
202002317,Ian Shewell,2020,DT,0.8167,49.826,52.78153610229492,50.50140650331118,50.50140650331118,T3,T3,T3,IDL
202002318,DeAndre Dingle-Prince,2020,DT,0.8167,58.6662,53.42343521118164,52.94134415136271,52.94134415136271,T3,T3,T3,IDL
202002330,Dontrez Brown,2020,DT,0.8159,61.8815,49.94719696044922,37.89157082388459,37.89157082388459,T4,T3,T2,IDL
202002347,Kajuan Robinson,2020,DT,0.8156,48.0954,52.68914031982422,50.1496558077243,50.1496558077243,T3,T3,T3,IDL
202002385,Alonzo Ford Jr.,2020,DT,0.8137,62.4979,54.648216247558594,57.666367833477906,57.666367833477906,T4,T3,T3,IDL
202002406,Sonny Hazard,2020,DT,0.8126,56.2392,55.00351333618164,58.3978,58.3978,T3,T3,T3,IDL
202002414,D'Anta Johnson,2020,DT,0.8119,59.253,54.90254211425781,58.19185234673876,58.19185234673876,T3,T3,T3,IDL
202002595,Josh Atwood,2020,DT,0.81,45.4372,49.26731491088867,34.970931333510066,34.970931333510066,T3,T3,T2,IDL
202002725,Suirad Ware,2020,DT,0.8056,58.6816,56.227603912353516,60.593721409272526,60.593721409272526,T3,T3,T4,IDL
202002729,Adin Huntington,2020,DT,0.805,71.7368,47.343360900878906,30.331553679016828,30.331553679016828,T4,T3,T2,IDL
202002775,Dane Middlebrook,2020,DT,0.8019,22.535,54.022178649902344,55.325277713020434,55.325277713020434,T2,T3,T3,IDL
202002789,Quincy Ledet,2020,DT,0.8007,63.9755,40.94009017944336,21.616949313238827,21.616949313238827,T4,T3,T2,IDL
202002814,Julian McBride,2020,DT,0.8004,33.0678,52.206077575683594,48.855233344568006,48.855233344568006,T2,T3,T3,IDL
202002913,Teivis Tuioti,2020,DT,0.8,53.2756,51.208961486816406,44.93360885245687,44.93360885245687,T3,T3,T3,IDL
202003035,Zephron Lester,2020,DT,0.7956,34.6377,53.404624938964844,52.851680884102116,52.851680884102116,T2,T3,T3,IDL
202003338,Nolan Barber,2020,DT,0.7889,44.1014,45.52706527709961,28.144264226140958,28.144264226140958,T3,T3,T2,IDL
202003494,Anthony Hawkins,2020,DT,0.78,61.5846,47.70624923706055,31.53609601080445,31.53609601080445,T4,T3,T2,IDL
202003627,Mason Nelson,2020,DT,0.77,59.5973,50.44600296020508,41.34728214699862,41.34728214699862,T3,T3,T3,IDL
202003826,Michael Ike,2020,DT,0.76,34.2664,48.98466873168945,34.425294453658935,34.425294453658935,T2,T3,T2,IDL
202100002,Korey Foreman,2021,DL,0.9992,57.2233,70.23161315917969,82.68345967754684,82.68345967754684,T3,T4,T5,IDL
202100004,J.T. Tuimoloau,2021,DL,0.9989,87.0074,69.1584243774414,80.58650872541163,80.58650872541163,T5,T4,T5,IDL
202100011,Leonard Taylor III,2021,DL,0.9938,68.5564,71.67172241210938,85.49223436990582,85.49223436990582,T4,T4,T5,IDL
202100020,Maason Smith,2021,DL,0.9897,67.797,69.14503479003906,80.5603462193085,80.5603462193085,T4,T4,T5,IDL
202100022,Shemar Turner,2021,DL,0.9877,71.1385,63.295162200927734,68.66564453485002,68.66564453485002,T4,T4,T4,IDL
202100024,Damon Payne,2021,DL,0.9872,62.2975,68.37504577636719,79.05583068315315,79.05583068315315,T4,T4,T4,IDL
202100031,Keeshawn Silver,2021,DL,0.9841,62.9369,62.94926071166992,68.04714938169961,68.04714938169961,T4,T4,T4,IDL
202100039,Tunmise Adeleye,2021,DL,0.9811,53.2104,58.2821159362793,62.73588348764642,62.73588348764642,T3,T3,T4,IDL
202100053,Michael Hall Jr.,2021,DL,0.9742,57.464,63.73612976074219,69.38736663042133,69.38736663042133,T3,T4,T4,IDL
202100063,Tywone Malone Jr.,2021,DL,0.9707,64.6223,62.02934646606445,66.4034975798072,66.4034975798072,T4,T4,T4,IDL
202100081,Lee Hunter,2021,DL,0.9633,68.9846,63.95440673828125,69.73492669157305,69.73492669157305,T4,T4,T4,IDL
202100092,Monkell Goodwine,2021,DL,0.9595,58.0348,57.448753356933594,61.824406781421104,61.824406781421104,T3,T3,T4,IDL
202100094,Payton Page,2021,DL,0.9585,64.8608,61.695796966552734,66.10887787278017,66.10887787278017,T4,T4,T4,IDL
202100100,Tyreak Sapp,2021,DL,0.9578,75.8011,55.670230865478516,60.06963317145823,60.06963317145823,T4,T3,T4,IDL
202100117,Gabriel Rubio,2021,DL,0.9472,61.7666,64.68600463867188,70.78423243683258,70.78423243683258,T4,T4,T4,IDL
202100119,Elliot Donald,2021,DL,0.9449,50.0753,56.58476638793945,61.16545825977063,61.16545825977063,T3,T3,T4,IDL
202100121,Bryce Carter,2021,DL,0.9442,50.8353,55.435054779052734,59.46246699727526,59.46246699727526,T3,T3,T3,IDL
202100129,Jonathan Jefferson,2021,DL,0.9407,55.4839,54.39971923828125,56.87354554791936,56.87354554791936,T3,T3,T3,IDL
202100132,Marcus Burris Jr.,2021,DL,0.9396,60.6181,60.99755859375,65.35758757156871,65.35758757156871,T4,T4,T4,IDL
202100133,Jahvaree Ritzie,2021,DL,0.9394,62.9567,61.856014251708984,66.25095205219107,66.25095205219107,T4,T4,T4,IDL
202100150,Tyrion Ingram-Dawkins,2021,DL,0.9356,61.7118,63.54314422607422,69.07151136761215,69.07151136761215,T4,T4,T4,IDL
202100164,Bryce Langston,2021,DL,0.9316,52.0392,58.94442367553711,63.36265599489419,63.36265599489419,T3,T3,T4,IDL
202100166,Tyleik Williams,2021,DL,0.9288,80.3793,57.95154571533203,62.25484500702477,62.25484500702477,T5,T3,T4,IDL
202100177,Rayshaun Benny,2021,DL,0.9253,66.4146,60.767765045166016,65.01409689489104,65.01409689489104,T4,T4,T4,IDL
202100195,Marcus Bradley,2021,DL,0.922,58.5892,51.90406799316406,47.39079016691218,47.39079016691218,T3,T3,T3,IDL
202100200,KaTron Evans,2021,DL,0.9212,51.6477,61.33393096923828,65.72130937627969,65.72130937627969,T3,T4,T4,IDL
202100230,Quintin Somerville,2021,DL,0.9147,24.139,61.35273742675781,65.74046685877057,65.74046685877057,T2,T4,T4,IDL
202100269,Taizse Johnson,2021,DL,0.9073,62.6525,60.55986404418945,64.90232020733416,64.90232020733416,T4,T4,T4,IDL
202100271,George Rooks,2021,DL,0.907,62.364,52.75236511230469,50.39649707935182,50.39649707935182,T4,T3,T3,IDL
202100277,Tommy Akingbesote,2021,DL,0.906,62.9072,47.576229095458984,31.104936720548412,31.104936720548412,T4,T3,T2,IDL
202100287,Shambre Jackson,2021,DL,0.9042,52.6648,56.32710266113281,60.68201011577538,60.68201011577538,T3,T3,T4,IDL
202100309,Aden Kelley,2021,DL,0.9006,62.4691,53.69685745239258,54.029605805074404,54.029605805074404,T4,T3,T3,IDL
202100312,Keanu Williams,2021,DL,0.9,61.7483,55.13199996948242,58.68519576880677,58.68519576880677,T4,T3,T3,IDL
202100318,Davon Townley Jr.,2021,DL,0.9,45.3581,51.0211067199707,44.10265200742244,44.10265200742244,T3,T3,T3,IDL
202100325,Justus Boone,2021,DL,0.8992,49.7365,53.17041778564453,51.76585856406661,51.76585856406661,T3,T3,T3,IDL
202100352,Marquis Robinson,2021,DL,0.8958,28.7906,54.99720764160156,58.38480721054401,58.38480721054401,T2,T3,T3,IDL
202100358,Deven Eastern,2021,DL,0.8955,62.5557,54.91136169433594,58.20872784700032,58.20872784700032,T4,T3,T3,IDL
202100368,Tim Keenan III,2021,DL,0.8933,61.923,61.34911346435547,65.73677525463947,65.73677525463947,T4,T4,T4,IDL
202100369,Desmond Watson,2021,DL,0.8933,65.6057,55.345584869384766,59.228266224171186,59.228266224171186,T4,T3,T3,IDL
202100378,Derek Wilkins,2021,DL,0.8926,57.4274,53.25293731689453,52.222680029516546,52.222680029516546,T3,T3,T3,IDL
202100393,Byron Murphy II,2021,DL,0.8904,69.3801,57.1416130065918,61.65178145663075,61.65178145663075,T4,T3,T4,IDL
202100401,Voi Tunuufi,2021,DL,0.89,51.9364,58.415260314941406,62.862016218151695,62.862016218151695,T3,T3,T4,IDL
202100409,Byron Turner Jr.,2021,DL,0.8893,61.3064,51.64414978027344,46.44139565262418,46.44139565262418,T4,T3,T3,IDL
202100430,Najee Story,2021,DL,0.8877,64.4436,49.73617172241211,37.365346995047275,37.365346995047275,T4,T3,T2,IDL
202100437,Max Llewellyn,2021,DL,0.887,48.2899,58.02761459350586,62.440615346138294,62.440615346138294,T3,T3,T4,IDL
202100453,Albert Regis,2021,DL,0.8852,64.976,51.92219924926758,47.45279956186036,47.45279956186036,T4,T3,T3,IDL
202100454,Andre Porter,2021,DL,0.8852,27.3251,54.1314582824707,56.0671278876469,56.0671278876469,T2,T3,T3,IDL
202100456,Anquin Barnes Jr.,2021,DL,0.8852,54.6169,51.255550384521484,45.0818037921893,45.0818037921893,T3,T3,T3,IDL
202100460,Chris Murray,2021,DL,0.885,46.9755,49.322757720947266,35.29167179265093,35.29167179265093,T3,T3,T2,IDL
202100468,Cooper Jones,2021,DL,0.8837,38.7781,55.27024459838867,59.08903811900273,59.08903811900273,T2,T3,T3,IDL
202100501,Victoine Brown,2021,DL,0.8815,44.3442,44.72352600097656,27.032890232392404,27.032890232392404,T3,T3,T2,IDL
202100511,Colin Mobley,2021,DL,0.8804,24.836,51.169063568115234,44.806697293080674,44.806697293080674,T2,T3,T3,IDL
202100520,Kuao Peihopa,2021,DL,0.88,49.4997,50.311763763427734,39.61957036767349,39.61957036767349,T3,T3,T2,IDL
202100546,Ru'Quan Buckley,2021,DL,0.8781,58.728,47.65992736816406,31.3825816587457,31.3825816587457,T3,T3,T2,IDL
202100559,Zeiqui Lawton,2021,DL,0.8763,39.932,51.59941864013672,46.24189863940441,46.24189863940441,T2,T3,T3,IDL
202100577,Savion Collins,2021,DL,0.8759,28.4552,53.282440185546875,52.42594005128878,52.42594005128878,T2,T3,T3,IDL
202100580,Jacob Schuster,2021,DL,0.8756,51.699,44.266929626464844,26.376237861726555,26.376237861726555,T3,T3,T2,IDL
202100596,Arden Walker,2021,DL,0.8748,65.0107,52.97974395751953,51.10994847022017,51.10994847022017,T4,T3,T3,IDL
202100607,Austin Booker,2021,DL,0.8741,71.0746,51.93939208984375,47.51159954987454,47.51159954987454,T4,T3,T3,IDL
202100620,Mekhi Wingo,2021,DL,0.8737,69.8854,53.47298812866211,53.17754894586993,53.17754894586993,T4,T3,T3,IDL
202100629,E'maurion Banks,2021,DL,0.873,57.7514,56.35529708862305,60.73762839289047,60.73762839289047,T3,T3,T4,IDL
202100633,Rob Jackson,2021,DL,0.873,50.0178,52.67439270019531,50.090003338447005,50.090003338447005,T3,T3,T3,IDL
202100636,Ryan Keeler,2021,DL,0.8726,32.3627,62.12411880493164,66.504019285411,66.504019285411,T2,T4,T4,IDL
202100657,Joshua Farmer,2021,DL,0.8719,73.7338,53.981258392333984,55.24454728156831,55.24454728156831,T4,T3,T3,IDL
202100678,Devin Lee,2021,DL,0.8707,62.45,57.690921783447266,61.98714807561691,61.98714807561691,T4,T3,T4,IDL
202100680,Jeremiah Pittman,2021,DL,0.8707,60.4651,61.70204544067383,66.11544779175615,66.11544779175615,T4,T4,T4,IDL
202100681,T.J. Sanders,2021,DL,0.8707,72.7633,58.600669860839844,63.003014873073006,63.003014873073006,T4,T3,T4,IDL
202100688,Jamarius Dinkins,2021,DL,0.8704,62.3831,61.54572296142578,65.94296207771964,65.94296207771964,T4,T4,T4,IDL
202100690,Barryn Sorrell,2021,DL,0.8704,82.3789,54.08903121948242,55.67703751050882,55.67703751050882,T5,T3,T3,IDL
202100699,Tyas Martin,2021,DL,0.8693,48.2122,57.46318817138672,61.83150221254644,61.83150221254644,T3,T3,T4,IDL
202100721,Darrell Jackson Jr.,2021,DL,0.8685,64.3773,57.17500686645508,61.67451578247069,61.67451578247069,T4,T3,T4,IDL
202100722,Demarcus Smith,2021,DL,0.8685,46.6969,56.741390228271484,61.30565867187075,61.30565867187075,T3,T3,T4,IDL
202100782,Howard Brown,2021,DL,0.8656,36.9494,59.026710510253906,63.52962690207197,63.52962690207197,T2,T3,T4,IDL
202100792,Hammond Russell IV,2021,DL,0.8652,59.1107,57.08955001831055,61.609683751138505,61.609683751138505,T3,T3,T4,IDL
202100823,Melvin Swindle II,2021,DL,0.8641,51.8915,60.16874313354492,64.68211860643409,64.68211860643409,T3,T4,T4,IDL
202100825,Kahlil Saunders,2021,DL,0.8641,65.2689,49.29039764404297,35.10446652810628,35.10446652810628,T4,T3,T2,IDL
202100830,Grey Carroll,2021,DL,0.8641,27.4559,56.43069076538086,60.889380977335534,60.889380977335534,T2,T3,T4,IDL
202100841,Mike Jarvis,2021,DL,0.863,46.916,57.873069763183594,62.14423693287615,62.14423693287615,T3,T3,T4,IDL
202100849,Cole Nelson,2021,DL,0.863,62.5172,52.81685256958008,50.62841728492695,50.62841728492695,T4,T3,T3,IDL
202100850,Michael Diatta,2021,DL,0.863,63.5236,51.804840087890625,47.10138345154895,47.10138345154895,T4,T3,T3,IDL
202100879,Terion Sugick,2021,DL,0.8619,44.8378,50.10972213745117,38.343160600830515,38.343160600830515,T3,T3,T2,IDL
202100924,Allan Haye,2021,DL,0.8596,55.3949,53.79167556762695,54.39309900993056,54.39309900993056,T3,T3,T3,IDL
202100930,Cam'Ron Stewart,2021,DL,0.8596,31.3526,55.2841796875,59.114790031315664,59.114790031315664,T2,T3,T3,IDL
202100973,Caleb Banks,2021,DL,0.8578,60.7553,53.91493225097656,55.13002647199581,55.13002647199581,T4,T3,T3,IDL
202100974,Derrick Harmon,2021,DL,0.8578,71.2245,53.49020767211914,53.243543516073814,53.243543516073814,T4,T3,T3,IDL
202100980,Braylen Jackson,2021,DL,0.8578,26.3226,56.412696838378906,60.85380575045764,60.85380575045764,T2,T3,T4,IDL
202101006,D.J. Withers,2021,DL,0.857,65.424,56.84489440917969,61.36584089239063,61.36584089239063,T4,T3,T4,IDL
202101061,Jatius Geer,2021,DL,0.8556,63.0662,51.7916259765625,47.06553156080158,47.06553156080158,T4,T3,T3,IDL
202101081,Nick Barrett,2021,DL,0.8544,63.1063,55.309288024902344,59.161190000339396,59.161190000339396,T4,T3,T3,IDL
202101084,Brayden Dudley,2021,DL,0.8544,27.9445,57.437931060791016,61.81908708319103,61.81908708319103,T2,T3,T4,IDL
202101104,Ike Iwunnah,2021,DL,0.8533,52.6066,54.37751007080078,56.814977163643796,56.814977163643796,T3,T3,T3,IDL
202101137,Luther McCoy,2021,DL,0.8522,44.0512,55.666015625,60.0546778306183,60.0546778306183,T3,T3,T4,IDL
202101152,Terry Lockett Jr.,2021,DL,0.8519,62.0717,56.00362777709961,60.41449605542022,60.41449605542022,T4,T3,T4,IDL
202101175,Bernard Gooden,2021,DL,0.8511,58.759,53.74839401245117,54.22709148378969,54.22709148378969,T3,T3,T3,IDL
202101176,Malachi Lawrence,2021,DL,0.8511,69.4684,53.654022216796875,53.86698428446024,53.86698428446024,T4,T3,T3,IDL
202101211,Charles Esters,2021,DL,0.85,58.6431,57.549442291259766,61.88903574675731,61.88903574675731,T3,T3,T4,IDL
202101236,David Gusta,2021,DL,0.8489,61.1031,54.973384857177734,58.335720719223595,58.335720719223595,T4,T3,T3,IDL
202101241,James Stewart,2021,DL,0.8485,55.4633,53.69121551513672,54.008186513152744,54.008186513152744,T3,T3,T3,IDL
202101278,Ahmed Hassanein,2021,DL,0.8478,70.721,53.190345764160156,51.821028800698386,51.821028800698386,T4,T3,T3,IDL
202101279,Lamondre Brooks,2021,DL,0.8478,50.3052,58.55426788330078,62.964686650240694,62.964686650240694,T3,T3,T4,IDL
202101289,Tyler Kiehne,2021,DL,0.8467,50.1903,55.427886962890625,59.442704063881344,59.442704063881344,T3,T3,T3,IDL
202101304,Owen Stoudmire,2021,DL,0.8467,58.3597,55.068790435791016,58.56934089303734,58.56934089303734,T3,T3,T3,IDL
202101320,Cooper Lanz,2021,DL,0.8459,62.7793,55.19464874267578,58.7978613507399,58.7978613507399,T4,T3,T3,IDL
202101342,Sam Carrell,2021,DL,0.8448,48.1862,56.49372482299805,61.00639587594868,61.00639587594868,T3,T3,T4,IDL
202101365,Edward Vesterinen,2021,DL,0.8444,63.9862,54.94123458862305,58.2694755712895,58.2694755712895,T4,T3,T3,IDL
202101380,Julius Lewis,2021,DL,0.8437,25.3543,58.035888671875,62.46082174830154,62.46082174830154,T2,T3,T4,IDL
202101389,Keenan Landry,2021,DL,0.8433,45.0122,52.935298919677734,50.994395491377986,50.994395491377986,T3,T3,T3,IDL
202101395,Tyler Quinn,2021,DL,0.8426,46.1479,56.55001449584961,61.10626100438363,61.10626100438363,T3,T3,T4,IDL
202101411,Tyler Onyedim,2021,DL,0.8422,62.3165,53.19355773925781,51.82992109381553,51.82992109381553,T4,T3,T3,IDL
202101449,Khordae Sydnor,2021,DL,0.8411,70.8649,58.572330474853516,62.97960642458392,62.97960642458392,T4,T3,T4,IDL
202101487,Zy Brockington,2021,DL,0.8393,54.4831,56.33346939086914,60.69344903222061,60.69344903222061,T3,T3,T4,IDL
202101551,Tommy Dunn Jr.,2021,DL,0.8367,64.7694,55.172367095947266,58.73577238572643,58.73577238572643,T4,T3,T3,IDL
202101583,Doran Ray,2021,DL,0.8359,53.6028,54.525455474853516,57.264158363394166,57.264158363394166,T3,T3,T3,IDL
202101587,KaRon White,2021,DL,0.8359,44.5073,53.43756103515625,53.008677973846176,53.008677973846176,T3,T3,T3,IDL
202101588,Jerrell Boykins Jr.,2021,DL,0.8356,33.6055,55.13345718383789,58.68702153592672,58.68702153592672,T2,T3,T3,IDL
202101595,Matthew Alexander,2021,DL,0.8356,63.0762,51.490867614746094,45.817730143781645,45.817730143781645,T4,T3,T3,IDL
202101641,Travonte O'Neal,2021,DL,0.8337,48.7806,54.02717208862305,55.35155181144624,55.35155181144624,T3,T3,T3,IDL
202101644,Jacquez Williams,2021,DL,0.8337,46.1345,52.750762939453125,50.39073508666672,50.39073508666672,T3,T3,T3,IDL
202101672,Dontay Corleone,2021,DL,0.8326,61.1647,54.68350601196289,57.73955860111428,57.73955860111428,T4,T3,T3,IDL
202101678,Parker Petersen,2021,DL,0.8326,58.1627,54.4625129699707,57.03914056227184,57.03914056227184,T3,T3,T3,IDL
202101684,Jacob Merrifield,2021,DL,0.8322,57.7366,52.640228271484375,49.96099212183027,49.96099212183027,T3,T3,T3,IDL
202101705,Tylon Dunlap,2021,DL,0.8315,59.0399,55.06339645385742,58.55516611377397,58.55516611377397,T3,T3,T3,IDL
202101721,Elijah Fuentes-Cundiff,2021,DL,0.8315,62.0437,51.75965118408203,46.97877909306359,46.97877909306359,T4,T3,T3,IDL
202101724,Pius Odjugo,2021,DL,0.8315,47.6918,53.89165115356445,55.05461660497402,55.05461660497402,T3,T3,T3,IDL
202101740,Siaosi Finau,2021,DL,0.8315,24.0929,54.62655258178711,57.62185865124271,57.62185865124271,T2,T3,T3,IDL
202101766,Damian Ilalio,2021,DL,0.8296,62.0998,51.65976333618164,46.51680858751134,46.51680858751134,T4,T3,T3,IDL
202101788,Fuches Lewis,2021,DL,0.8293,58.7513,50.73614501953125,42.84236195400314,42.84236195400314,T3,T3,T3,IDL
202101813,Esean Carter,2021,DL,0.8278,58.261,51.25060272216797,45.066065739554155,45.066065739554155,T3,T3,T3,IDL
202101820,Langston Hardy,2021,DL,0.8278,37.3727,48.02042770385742,32.5750485390664,32.5750485390664,T2,T3,T2,IDL
202101871,Grady Kelly,2021,DL,0.8259,61.6208,51.70281219482422,46.7247330854839,46.7247330854839,T4,T3,T3,IDL
202101921,Fatafehi Vailea II,2021,DL,0.8237,56.9632,51.839508056640625,47.195442915495846,47.195442915495846,T3,T3,T3,IDL
202101929,Elroyal Morris,2021,DL,0.8237,54.0708,50.88093948364258,43.46493934494519,43.46493934494519,T3,T3,T3,IDL
202101934,Cole Daniels,2021,DL,0.823,54.9668,53.52619171142578,53.3808317983672,53.3808317983672,T3,T3,T3,IDL
202101936,Jalonnie Williams,2021,DL,0.823,32.8846,52.6519889831543,49.999382812822184,49.999382812822184,T2,T3,T3,IDL
202101958,Owen Ostroski,2021,DL,0.8222,55.6625,49.274227142333984,35.0109190665473,35.0109190665473,T3,T3,T2,IDL
202101985,Tyler Narayan,2021,DL,0.8206,47.2526,50.78295135498047,43.040926226527134,43.040926226527134,T3,T3,T3,IDL
202102006,Ryan Williams,2021,DL,0.8204,53.1126,48.924346923828125,34.36673290326852,34.36673290326852,T3,T3,T2,IDL
202102023,Jordan Guerad,2021,DL,0.82,61.8216,51.909088134765625,47.407959189372065,47.407959189372065,T4,T3,T3,IDL
202102024,Torren Coppage-El,2021,DL,0.82,18.7899,44.28246307373047,26.39811445795453,26.39811445795453,T1,T3,T2,IDL
202102041,Julian Peterson,2021,DL,0.8189,59.1817,51.09484100341797,44.44893165417208,44.44893165417208,T3,T3,T3,IDL
202102065,Macyo Williams,2021,DL,0.817,57.1363,50.64128494262695,42.43994159826929,42.43994159826929,T3,T3,T3,IDL
202102081,Marcel Sanders,2021,DL,0.817,36.1964,52.661865234375,50.039331142609804,50.039331142609804,T2,T3,T3,IDL
202102089,Chase Simmons,2021,DL,0.8167,54.2632,50.402076721191406,40.97214453755313,40.97214453755313,T3,T3,T3,IDL
202102130,Evan Branch-Haynes,2021,DL,0.8148,58.2989,49.43256759643555,35.89642130682394,35.89642130682394,T3,T3,T2,IDL
202102158,Bradley Weaver,2021,DL,0.8144,46.7368,50.592124938964844,42.23139247194356,42.23139247194356,T3,T3,T3,IDL
202102190,Blake Boenisch,2021,DL,0.8119,61.2975,53.420047760009766,52.925197126149286,52.925197126149286,T4,T3,T3,IDL
202102191,Michael Heldman,2021,DL,0.8119,67.0903,53.692237854003906,54.012067764156804,54.012067764156804,T4,T3,T3,IDL
202102234,Kaleb Tompkins,2021,DL,0.8115,30.1351,52.418739318847656,49.31953169553222,49.31953169553222,T2,T3,T3,IDL
202102237,Zeek Biggers,2021,DL,0.8111,63.6899,51.68427276611328,46.63518828617981,46.63518828617981,T4,T3,T3,IDL
202102241,Chris Boti,2021,DL,0.8111,56.2252,47.606502532958984,31.20547841630719,31.20547841630719,T3,T3,T2,IDL
202102287,Drew Hughes,2021,DL,0.8081,54.5901,48.510501861572266,33.964964300397156,33.964964300397156,T3,T3,T2,IDL
202102309,Jaden Phillips,2021,DL,0.8074,45.0608,55.100040435791016,58.645153159039914,58.645153159039914,T3,T3,T3,IDL
202102332,Dierre Kelly,2021,DL,0.8063,58.9536,43.33046340942383,25.05736169978902,25.05736169978902,T3,T3,T2,IDL
202102333,Omarion Hammond,2021,DL,0.8063,20.9341,56.046878814697266,60.44399261479783,60.44399261479783,T2,T3,T4,IDL
202102341,LJ McCloud,2021,DL,0.8059,43.9648,51.947261810302734,47.53851421046324,47.53851421046324,T3,T3,T3,IDL
202102368,Bennett Adler,2021,DL,0.8052,57.8183,47.021148681640625,29.518770754304242,29.518770754304242,T3,T3,T2,IDL
202102372,Cade Haberman,2021,DL,0.8048,59.3087,52.461883544921875,49.40785853359252,49.40785853359252,T3,T3,T3,IDL
202102383,Jalen Satchell,2021,DL,0.8041,61.6027,52.4691162109375,49.422665579124114,49.422665579124114,T4,T3,T3,IDL
202102392,Peyton Price,2021,DL,0.8026,56.9129,50.90220642089844,43.56169658676184,43.56169658676184,T3,T3,T3,IDL
202102415,Ed Smith IV,2021,DL,0.8017,53.998,54.29994201660156,56.58746783254079,56.58746783254079,T3,T3,T3,IDL
202102432,Aidan Swartz,2021,DL,0.8006,54.0576,51.54804992675781,46.04117285355762,46.04117285355762,T3,T3,T3,IDL
202102441,Davion Rhodes,2021,DL,0.8,57.2814,47.45100402832031,30.689049340675247,30.689049340675247,T3,T3,T2,IDL
202102468,Jonah Pace,2021,DL,0.7985,60.4736,53.19525146484375,51.8346101414925,51.8346101414925,T4,T3,T3,IDL
202102480,Tyson Lee,2021,DL,0.7974,59.0949,51.46767044067383,45.745134892885076,45.745134892885076,T3,T3,T3,IDL
202102521,Terran Hearn,2021,DL,0.7952,24.7317,53.474552154541016,53.18381372591882,53.18381372591882,T2,T3,T3,IDL
202102527,Roderick Brown,2021,DL,0.7944,59.0477,42.60078430175781,24.027059372458996,24.027059372458996,T3,T3,T2,IDL
202102562,Aquan Robinson,2021,DL,0.7911,41.7549,53.25042724609375,52.20538689603761,52.20538689603761,T3,T3,T3,IDL
202102589,Andre Proffitt,2021,DL,0.7885,38.0135,51.9945068359375,47.7024786657694,47.7024786657694,T2,T3,T3,IDL
202102611,Jalen Hargrove,2021,DL,0.7856,49.5957,47.918235778808594,32.23863624454048,32.23863624454048,T3,T3,T2,IDL
202102707,Carter Gilbert,2021,DL,0.7683,42.9727,52.13692855834961,48.55077038619093,48.55077038619093,T3,T3,T3,IDL
