player_id,name,year,position,rating,target_career_score_0_100,y_true_binary,y_pred_prob_raw,y_pred_class_raw,position_group
201500011,Josh Rosen,2015,PRO,0.9932,77.8189,1,0.9721323847770691,1,QB
201500022,Blake Barnett,2015,PRO,0.9898,58.6697,1,0.9839839935302734,1,QB
201500034,Kyler Murray,2015,DUAL,0.9854,85.5839,1,0.9402673244476318,1,QB
201500039,Jarrett Stidham,2015,DUAL,0.9829,70.465,1,0.9703598022460938,1,QB
201500046,Brandon Wimbush,2015,DUAL,0.9792,63.0324,1,0.9295886754989624,1,QB
201500066,Deondre Francois,2015,PRO,0.9678,71.351,1,0.9783103466033936,1,QB
201500068,Brady White,2015,PRO,0.9673,69.4924,1,0.9427928924560547,1,QB
201500073,Jake Browning,2015,PRO,0.9633,82.1517,1,0.9762475490570068,1,QB
201500098,Drew Lock,2015,PRO,0.9553,78.7927,1,0.9138065576553345,1,QB
201500102,Travis Jonsen,2015,DUAL,0.9529,0.0,0,0.9795246720314026,1,QB
201500148,Sam Darnold,2015,DUAL,0.9338,74.124,1,0.9613049030303955,1,QB
201500176,Zach Gentry,2015,PRO,0.9248,0.0,0,0.877409040927887,1,QB
201500225,Ty Storey,2015,PRO,0.9119,60.5252,1,0.8808848261833191,1,QB
201500253,Sheriron Jones,2015,DUAL,0.9075,53.1205,1,0.8340783715248108,1,QB
201500254,Brett Rypien,2015,PRO,0.9075,73.1796,1,0.8566239476203918,1,QB
201500264,Quinten Dormady,2015,PRO,0.906,59.2632,1,0.8787508010864258,1,QB
201500288,Alex Malzone,2015,PRO,0.9015,30.0127,1,0.8443739414215088,1,QB
201500295,Joe Burrow,2015,DUAL,0.9003,88.8766,1,0.9012367725372314,1,QB
201500303,John Kolar,2015,DUAL,0.8999,0.0,0,0.9080691337585449,1,QB
201500306,Dwayne Lawson,2015,PRO,0.8993,43.673,1,0.8954914212226868,1,QB
201500307,Kyle Shurmur,2015,PRO,0.8992,70.241,1,0.8290309906005859,1,QB
201500374,Tyler Queen,2015,PRO,0.8864,0.0,0,0.7682483196258545,1,QB
201500395,Brian Lewerke,2015,PRO,0.8819,72.5302,1,0.7154659628868103,1,QB
201500396,Anthony Ratliff-Williams,2015,DUAL,0.8819,0.0,0,0.8145828247070312,1,QB
201500398,Lamar Jackson,2015,DUAL,0.8819,90.6302,1,0.855217695236206,1,QB
201500409,Kelly Bryant,2015,DUAL,0.8808,66.7881,1,0.8437247276306152,1,QB
201500416,Jason Pellerin,2015,DUAL,0.8803,38.5589,1,0.7373952865600586,1,QB
201500431,Lorenzo Nunez,2015,DUAL,0.8792,50.8692,1,0.7987224459648132,1,QB
201500455,James Morgan,2015,PRO,0.8772,60.7197,1,0.8681430816650391,1,QB
201500484,David Sills V,2015,PRO,0.8742,34.7352,1,0.751275360584259,1,QB
201500504,Ross Bowers,2015,PRO,0.8728,64.9495,1,0.8518750071525574,1,QB
201500505,Ross Trail,2015,PRO,0.8728,44.4646,1,0.8411194682121277,1,QB
201500523,Kyle Kearns,2015,PRO,0.8708,40.4194,1,0.7930296063423157,1,QB
201500561,Bryce Perkins,2015,DUAL,0.8678,69.5962,1,0.8522692322731018,1,QB
201500579,Dion Ray,2015,DUAL,0.8669,36.0863,1,0.8247541189193726,1,QB
201500614,Nick Johns,2015,PRO,0.8644,33.4934,1,0.8441373109817505,1,QB
201500632,Alex Delton,2015,DUAL,0.8636,56.1816,1,0.818512499332428,1,QB
201500636,Tyler Hilinski,2015,PRO,0.8633,54.3682,1,0.8327382802963257,1,QB
201500643,Eric Dungey,2015,DUAL,0.8631,76.2847,1,0.8181493282318115,1,QB
201500649,Tommy Stevens,2015,DUAL,0.8628,59.2371,1,0.8465139865875244,1,QB
201500688,Michael Dare,2015,PRO,0.8611,0.0,0,0.6502144932746887,1,QB
201500709,Ryan Willis,2015,PRO,0.8603,64.4906,1,0.908852756023407,1,QB
201500722,Elijah Sindelar,2015,PRO,0.8597,62.4105,1,0.8749526143074036,1,QB
201500737,Ben Hicks,2015,PRO,0.8592,68.3164,1,0.9075470566749573,1,QB
201500789,Tucker Israel,2015,DUAL,0.8567,0.0,0,0.769640326499939,1,QB
201500798,Austin King,2015,PRO,0.8564,0.0,0,0.8437479734420776,1,QB
201500805,Reese Ryan,2015,PRO,0.8564,0.0,0,0.8444138169288635,1,QB
201500822,Kendall Hinton,2015,PRO,0.8556,57.23,1,0.7036569118499756,1,QB
201500823,Demry Croft,2015,DUAL,0.8556,52.0886,1,0.710297167301178,1,QB
201500826,Nick Tiano,2015,PRO,0.8553,31.299,1,0.6971973180770874,1,QB
201500875,Riley Neal,2015,PRO,0.8531,65.7235,1,0.7626262307167053,1,QB
201500877,Elijah Robinson,2015,DUAL,0.8531,37.4528,1,0.715066134929657,1,QB
201500915,Jimmy Fitzgerald,2015,PRO,0.8514,0.0,0,0.8327611684799194,1,QB
201500945,Ryan Boyle,2015,DUAL,0.8503,0.0,0,0.7525045871734619,1,QB
201500951,Steven Montez,2015,PRO,0.85,69.0866,1,0.7578639984130859,1,QB
201500955,Billy Bahl,2015,PRO,0.85,54.8659,1,0.748538613319397,1,QB
201500982,J'Mar Smith,2015,DUAL,0.8489,65.0937,1,0.65461665391922,1,QB
201500990,DJ Pearson,2015,PRO,0.8486,0.0,0,0.7600680589675903,1,QB
201501009,Bo Schneider,2015,PRO,0.8481,34.0465,1,0.5547329783439636,1,QB
201501020,Alex Hornibrook,2015,PRO,0.8475,63.1596,1,0.6966218948364258,1,QB
201501024,Brady Davis,2015,PRO,0.8475,0.0,0,0.5888341069221497,1,QB
201501065,Matthew Merrick,2015,PRO,0.8458,0.0,0,0.6472552418708801,1,QB
201501075,Nathan Elliott,2015,DUAL,0.845,59.7381,1,0.7460447549819946,1,QB
201501090,Gage Shaffer,2015,PRO,0.8444,0.0,0,0.5298841595649719,1,QB
201501120,Kody Wilstead,2015,PRO,0.8433,0.0,0,0.6056796908378601,1,QB
201501121,Chris Chugunov,2015,PRO,0.8433,53.2088,1,0.6302900910377502,1,QB
201501206,JT Granato,2015,PRO,0.84,25.2348,1,0.6252418160438538,1,QB
201501223,Daniel Parr,2015,PRO,0.8392,37.583,1,0.7616903781890869,1,QB
201501229,Chase Litton,2015,PRO,0.8389,61.43,1,0.6328160166740417,1,QB
201501230,Daniel David,2015,DUAL,0.8389,0.0,0,0.7241681218147278,1,QB
201501248,Quentin Harris,2015,DUAL,0.8383,60.1688,1,0.6319717168807983,1,QB
201501301,Lloyd Yates,2015,DUAL,0.8361,0.0,0,0.6075915694236755,1,QB
201501420,Mitchell Guadagni,2015,PRO,0.8322,56.8928,1,0.6229533553123474,1,QB
201501421,Christian Alexander,2015,PRO,0.8322,44.5593,1,0.7276492714881897,1,QB
201501481,Justin McMillan,2015,DUAL,0.8294,62.2585,1,0.7583648562431335,1,QB
201501499,Beau Hoge,2015,DUAL,0.8286,45.8605,1,0.7713382840156555,1,QB
201501548,Jake Johnson,2015,PRO,0.8256,21.5873,1,0.7481842637062073,1,QB
201501567,Tyree Jackson,2015,DUAL,0.8248,61.2859,1,0.7844856381416321,1,QB
201501594,Jaylon Henderson,2015,DUAL,0.8228,24.6073,1,0.7737316489219666,1,QB
201501633,Brett Kean,2015,PRO,0.8214,39.2784,1,0.7755345106124878,1,QB
201501641,Ryan Agnew,2015,DUAL,0.8208,59.0292,1,0.7281693816184998,1,QB
201501663,Jon Wassink,2015,PRO,0.8194,61.663,1,0.7674645781517029,1,QB
201501675,James Pensyl,2015,PRO,0.8189,0.0,0,0.683777391910553,1,QB
201501699,Ben DiNucci,2015,PRO,0.8178,53.408,1,0.679774820804596,1,QB
201501717,Hampton McConnell,2015,PRO,0.8169,30.7034,1,0.6896639466285706,1,QB
201501772,Seth Collins,2015,DUAL,0.8136,55.4378,1,0.8261227607727051,1,QB
201501820,Connor McGinnis,2015,DUAL,0.8111,0.0,0,0.7012221813201904,1,QB
201501837,John Jacobs,2015,DUAL,0.8106,0.0,0,0.6373484134674072,1,QB
201501858,Gabe Green,2015,DUAL,0.8097,0.0,0,0.7196714282035828,1,QB
201501865,Kareem Coles,2015,DUAL,0.8092,32.1597,1,0.7316965460777283,1,QB
201501876,Dominic DeLira,2015,PRO,0.8086,0.0,0,0.7200894951820374,1,QB
201501889,Chance Thrasher,2015,PRO,0.8081,28.3998,1,0.6727342009544373,1,QB
201501919,Cade Smith,2015,DUAL,0.8067,0.0,0,0.6065375208854675,1,QB
201501921,Josh Love,2015,PRO,0.8067,61.8988,1,0.734642505645752,1,QB
201501929,J.C. Robles,2015,PRO,0.8064,20.5432,1,0.5870463252067566,1,QB
201501937,Jakobi Meyers,2015,DUAL,0.8061,38.3434,1,0.7491951584815979,1,QB
201501947,Carter Stanley,2015,PRO,0.8059,62.8122,1,0.650293231010437,1,QB
201501981,Chandler Eiland,2015,DUAL,0.8044,0.0,0,0.6527060270309448,1,QB
201502014,Manny Harris,2015,PRO,0.8028,0.0,0,0.7689251899719238,1,QB
201502018,Evan Shirreffs,2015,PRO,0.8026,43.109,1,0.6352660655975342,1,QB
201502033,Baylor Romney,2015,DUAL,0.8017,55.3458,1,0.6866813898086548,1,QB
201502096,Dalton Sneed,2015,PRO,0.7994,49.5437,1,0.5781088471412659,1,QB
201502179,Blake Peterson,2015,PRO,0.7956,0.0,0,0.5824944376945496,1,QB
201502181,Kelvin Hopkins,2015,DUAL,0.7956,54.9797,1,0.5025390386581421,1,QB
201502182,Daniel Santacaterina,2015,PRO,0.7956,50.109,1,0.5183661580085754,1,QB
201502214,Will Hefley,2015,PRO,0.7939,0.0,0,0.7751397490501404,1,QB
201502217,Maurice Alexander,2015,DUAL,0.7933,37.2885,1,0.5913540720939636,1,QB
201502223,Mylik Mitchell,2015,DUAL,0.7933,48.3199,1,0.5775343775749207,1,QB
201502255,Will Collins,2015,DUAL,0.7919,35.1241,1,0.6270886659622192,1,QB
201502268,Aaron Winchester,2015,PRO,0.7914,44.7949,1,0.6346033215522766,1,QB
201502299,Daniel Jones,2015,DUAL,0.79,72.3234,1,0.6067639589309692,1,QB
201502404,John Urzua,2015,PRO,0.7859,51.2822,1,0.6046373844146729,1,QB
201502472,Kavika Johnson,2015,DUAL,0.7826,37.9676,1,0.6013492345809937,1,QB
201502489,Dakota Kupp,2015,DUAL,0.7819,0.0,0,0.710154116153717,1,QB
201502688,Kyle Kramer,2015,PRO,0.7744,0.0,0,0.5491743683815002,1,QB
201502821,Cole Euverard,2015,DUAL,0.7683,0.0,0,0.29340022802352905,0,QB
201503053,Derek Morefield,2015,DUAL,0.7667,0.0,0,0.4300529658794403,0,QB
201503163,Frank Maxwell,2015,DUAL,0.7619,0.0,0,0.2846941649913788,0,QB
201503171,James Sosinski,2015,PRO,0.7611,0.0,0,0.3159398138523102,0,QB
201503183,Joe Critchlow,2015,PRO,0.76,47.9898,1,0.4862470030784607,0,QB
201503261,Quinton Maxwell,2015,PRO,0.7533,50.4348,1,0.1774124801158905,0,QB
201503389,Zac Jancek,2015,PRO,0.74,0.0,0,0.2659160792827606,0,QB
201503408,Austin Bradley,2015,PRO,0.7333,0.0,0,0.4063163101673126,0,QB
201600004,Shea Patterson,2016,PRO,0.9981,77.314,1,0.9412091970443726,1,QB
201600005,Jacob Eason,2016,PRO,0.9975,65.6103,1,0.9136601686477661,1,QB
201600048,KJ Costello,2016,PRO,0.9749,70.6362,1,0.9597649574279785,1,QB
201600054,Feleipe Franks,2016,PRO,0.9732,71.8575,1,0.9343010783195496,1,QB
201600061,Brandon Peters,2016,PRO,0.9684,62.6876,1,0.9849154949188232,1,QB
201600078,Jarrett Guarantano,2016,DUAL,0.9628,66.4236,1,0.9767391681671143,1,QB
201600091,Dwayne Haskins,2016,PRO,0.9561,82.3974,1,0.9803903698921204,1,QB
201600173,Brandon McIlwain,2016,DUAL,0.9273,52.878,1,0.9709384441375732,1,QB
201600175,Jalen Hurts,2016,DUAL,0.9262,78.9428,1,0.9764997959136963,1,QB
201600182,Shane Buechele,2016,DUAL,0.925,74.0414,1,0.9770897030830383,1,QB
201600190,Austin Kendall,2016,PRO,0.9239,61.5461,1,0.9720427989959717,1,QB
201600201,Patrick O'Brien,2016,PRO,0.9219,58.5426,1,0.9511399269104004,1,QB
201600203,Jawon Pass,2016,DUAL,0.9209,58.4413,1,0.9665349721908569,1,QB
201600238,Zerrick Cooper,2016,DUAL,0.912,48.8458,1,0.9703161120414734,1,QB
201600251,Messiah deWeaver,2016,PRO,0.9093,43.2572,1,0.9586926698684692,1,QB
201600269,Jake Bentley,2016,PRO,0.9068,70.5217,1,0.929512619972229,1,QB
201600300,Devon Modster,2016,PRO,0.8995,55.8544,1,0.9364288449287415,1,QB
201600339,Dillon Sterling-Cole,2016,PRO,0.8924,44.9356,1,0.9452614188194275,1,QB
201600374,Zach Smith,2016,PRO,0.8847,66.9535,1,0.6745631694793701,1,QB
201600377,Seth Green,2016,DUAL,0.8844,0.0,0,0.9116120934486389,1,QB
201600411,Skylar Thompson,2016,DUAL,0.8809,67.6819,1,0.8450935482978821,1,QB
201600412,Logan Byrd,2016,PRO,0.8808,0.0,0,0.7132806181907654,1,QB
201600413,Chazz Surratt,2016,DUAL,0.8808,56.5828,1,0.8936784267425537,1,QB
201600427,Thomas MacVittie,2016,PRO,0.8793,30.1311,1,0.8498907089233398,1,QB
201600438,Jake Zembiec,2016,PRO,0.8783,0.0,0,0.9198623299598694,1,QB
201600462,Jett Duffey,2016,DUAL,0.8756,64.2492,1,0.9258908629417419,1,QB
201600479,Matt Fink,2016,DUAL,0.874,50.891,1,0.8529880046844482,1,QB
201600481,Xavier Gaines,2016,DUAL,0.8739,0.0,0,0.9191337823867798,1,QB
201600514,Ian Book,2016,PRO,0.8711,78.2209,1,0.8244814872741699,1,QB
201600520,Nick Starkel,2016,PRO,0.8703,65.6479,1,0.8794959783554077,1,QB
201600531,Nate Stanley,2016,PRO,0.8697,72.8133,1,0.8625198006629944,1,QB
201600562,Tyler Huntley,2016,PRO,0.8669,66.8705,1,0.9374497532844543,1,QB
201600565,Deuce Wallace,2016,PRO,0.8669,35.9786,1,0.8607731461524963,1,QB
201600627,Armani Rogers,2016,DUAL,0.8628,56.3698,1,0.9389769434928894,1,QB
201600645,Jamie Newman,2016,DUAL,0.8617,64.2151,1,0.846429169178009,1,QB
201600650,Justin Herbert,2016,PRO,0.8614,76.9558,1,0.8343602418899536,1,QB
201600653,Anthony Russo,2016,PRO,0.8614,62.3192,1,0.8874074816703796,1,QB
201600678,Matt Lynch,2016,PRO,0.8597,37.9992,1,0.9103416204452515,1,QB
201600685,Aidan Smith,2016,PRO,0.8594,49.6525,1,0.9373291730880737,1,QB
201600690,Tylin Oden,2016,PRO,0.8594,43.3555,1,0.8958134651184082,1,QB
201600710,Tony Poljan,2016,DUAL,0.8581,39.1308,1,0.723339319229126,1,QB
201600714,Jaren Hall,2016,DUAL,0.8578,66.544,1,0.9206615686416626,1,QB
201600746,Sam Noyer,2016,DUAL,0.8564,46.8565,1,0.8052796721458435,1,QB
201600781,Keon Howard,2016,PRO,0.8547,52.0668,1,0.798157274723053,1,QB
201600782,Steven Frank,2016,PRO,0.8547,0.0,0,0.8617156744003296,1,QB
201600798,Anthony Brown,2016,DUAL,0.8542,69.4409,1,0.9117707014083862,1,QB
201600808,Jon Randall Belton,2016,PRO,0.8537,0.0,0,0.9074604511260986,1,QB
201600840,Collin Hill,2016,PRO,0.8522,61.3722,1,0.8658662438392639,1,QB
201600853,Gunnar Hoak,2016,PRO,0.8517,46.225,1,0.8497243523597717,1,QB
201600855,Cole Kelley,2016,PRO,0.8517,56.9408,1,0.66166752576828,1,QB
201600882,Rex Culpepper,2016,PRO,0.85,53.9644,1,0.7027714848518372,1,QB
201600902,Kare' Lyles,2016,PRO,0.8492,0.0,0,0.9141553044319153,1,QB
201600907,David Moore,2016,DUAL,0.8492,42.96,1,0.7519859671592712,1,QB
201600967,Sawyer Smith,2016,DUAL,0.8467,55.4839,1,0.6656732559204102,1,QB
201601034,Lindsey Scott,2016,DUAL,0.8433,0.0,0,0.8820791244506836,1,QB
201601063,Keondre Wudtee,2016,PRO,0.8425,47.3032,1,0.4504384994506836,0,QB
201601064,Micah Wilson,2016,DUAL,0.8425,33.963,1,0.6144617199897766,1,QB
201601074,Daniel Bridge-Gadd,2016,PRO,0.8422,0.0,0,0.8299469947814941,1,QB
201601094,Peyton Ramsey,2016,PRO,0.8411,69.701,1,0.8852863907814026,1,QB
201601208,Reid Herring,2016,PRO,0.8358,51.4128,1,0.8037347793579102,1,QB
201601240,Donovan Williams,2016,DUAL,0.8348,41.3683,1,0.75730961561203,1,QB
201601247,Kato Nelson,2016,PRO,0.8347,59.6317,1,0.8968766331672668,1,QB
201601248,Chris Oladokun,2016,PRO,0.8347,41.6845,1,0.8525437712669373,1,QB
201601347,Zeb Noland,2016,PRO,0.8328,57.9903,1,0.6916852593421936,1,QB
201601435,Lucas Johnson,2016,DUAL,0.8292,55.9943,1,0.8390263319015503,1,QB
201601484,Montel Aaron,2016,PRO,0.8269,53.1867,1,0.874507486820221,1,QB
201601506,Garet Morrell,2016,PRO,0.8261,44.3221,1,0.8345033526420593,1,QB
201601587,Jake Constantine,2016,PRO,0.8228,53.4302,1,0.7831026315689087,1,QB
201601639,Jordan Love,2016,PRO,0.8211,64.6654,1,0.7280044555664062,1,QB
201601687,Elijah Cunningham,2016,PRO,0.8186,0.0,0,0.8520413041114807,1,QB
201601709,Isaac Stiebeling,2016,PRO,0.8172,29.2716,1,0.6079176068305969,1,QB
201601725,Carson Proctor,2016,PRO,0.8164,0.0,0,0.8641306757926941,1,QB
201601751,Noah Wezensky,2016,PRO,0.8153,0.0,0,0.5080048441886902,1,QB
201601772,Luke Skipper,2016,DUAL,0.8144,54.3232,1,0.699082612991333,1,QB
201601775,Tyriek Starks,2016,DUAL,0.8144,0.0,0,0.5564755201339722,1,QB
201601815,Jacob Harrison,2016,DUAL,0.8128,0.0,0,0.7145466208457947,1,QB
201601837,Max Bortenschlager,2016,PRO,0.8115,60.5806,1,0.5693587064743042,1,QB
201601854,Drew Plitt,2016,PRO,0.8111,64.878,1,0.6188779473304749,1,QB
201601939,Kyle Banks,2016,PRO,0.8081,31.0324,1,0.5913328528404236,1,QB
201601960,Sam Glaesmann,2016,PRO,0.8069,45.7001,1,0.5636332035064697,1,QB
201602019,Drayton Arnold,2016,DUAL,0.8033,0.0,0,0.8629209399223328,1,QB
201602043,Mark Williams,2016,DUAL,0.8026,36.6478,1,0.6285931468009949,1,QB
201602048,Austin Hergott,2016,PRO,0.8019,39.7428,1,0.4925595223903656,0,QB
201602065,Kyle Trask,2016,PRO,0.8014,80.4568,1,0.6387929916381836,1,QB
201602075,Stephen Calvert,2016,PRO,0.8007,59.2893,1,0.5863661766052246,1,QB
201602094,Jake Sopko,2016,PRO,0.8003,29.5248,1,0.593370258808136,1,QB
201602107,Jack Smith,2016,PRO,0.8,0.0,0,0.7527033090591431,1,QB
201602153,Darius Bradwell,2016,DUAL,0.7981,22.7791,1,0.7642234563827515,1,QB
201602169,Shai Werts,2016,DUAL,0.7969,59.3155,1,0.6336709260940552,1,QB
201602211,Anthony Thompson,2016,DUAL,0.7944,28.6081,1,0.6631124019622803,1,QB
201602259,Cole McDonald,2016,PRO,0.7926,66.1469,1,0.7326476573944092,1,QB
201602267,Jake Arceneaux,2016,PRO,0.7922,14.5144,0,0.7306960225105286,1,QB
201602282,Logan Bonner,2016,PRO,0.7914,62.6566,1,0.5671921372413635,1,QB
201602290,Seth Shuman,2016,DUAL,0.7911,43.6244,1,0.5914542078971863,1,QB
201602306,Tanner Schafer,2016,PRO,0.7906,0.0,0,0.7119207978248596,1,QB
201602343,Hank Hughes,2016,PRO,0.7894,0.0,0,0.7249605059623718,1,QB
201602450,Donald Hammond III,2016,PRO,0.7889,57.0369,1,0.7132753729820251,1,QB
201602512,Kaleb Barker,2016,PRO,0.7859,57.891,1,0.672663152217865,1,QB
201602557,Zac Thomas,2016,DUAL,0.7844,62.5331,1,0.6518971920013428,1,QB
201602559,Steven Duncan,2016,PRO,0.7844,51.3257,1,0.557115912437439,1,QB
201602599,Joe Thompson,2016,PRO,0.7826,17.2108,0,0.8087929487228394,1,QB
201602855,Mason Fine,2016,PRO,0.7744,66.7062,1,0.4417376220226288,0,QB
201602869,Malik Tyson,2016,DUAL,0.7733,0.0,0,0.7782816290855408,1,QB
201602914,Jacob Huesman,2016,PRO,0.7719,39.2195,1,0.631800651550293,1,QB
201603010,Mark Torrez,2016,DUAL,0.7683,31.6104,1,0.5273239612579346,1,QB
201603024,Johnathan Brantley,2016,DUAL,0.7678,37.518,1,0.5471771955490112,1,QB
201603031,Caleb Evans,2016,DUAL,0.7678,66.0301,1,0.5157682299613953,1,QB
201603045,Michael Shuster,2016,PRO,0.7667,0.0,0,0.5004124641418457,1,QB
201603225,Chase Parrish,2016,PRO,0.7667,0.0,0,0.4375706911087036,0,QB
201603510,Ivan Corbin Jr.,2016,PRO,0.7667,0.0,0,0.4385128915309906,0,QB
201603604,Cam Thomas,2016,PRO,0.7667,41.3948,1,0.4156818985939026,0,QB
201603631,Jared Sparks,2016,DUAL,0.7652,38.6808,1,0.38902220129966736,0,QB
201603638,Cameron Matthews,2016,PRO,0.7644,0.0,0,0.4545610547065735,0,QB
201700015,Davis Mills,2017,PRO,0.9918,62.4717,1,0.9635590314865112,1,QB
201700030,Hunter Johnson,2017,PRO,0.9854,52.0449,1,0.9653178453445435,1,QB
201700032,Tua Tagovailoa,2017,DUAL,0.9843,84.1085,1,0.9672945141792297,1,QB
201700044,Jake Fromm,2017,PRO,0.9794,76.7257,1,0.9281148314476013,1,QB
201700056,Tate Martell,2017,DUAL,0.9739,45.0757,1,0.9515779614448547,1,QB
201700105,Jack Sears,2017,PRO,0.9516,50.9996,1,0.9745460748672485,1,QB
201700108,Kellen Mond,2017,DUAL,0.9498,79.2527,1,0.9753976464271545,1,QB
201700119,Sam Ehlinger,2017,DUAL,0.9446,83.4854,1,0.967383861541748,1,QB
201700123,Dylan McCaffrey,2017,PRO,0.9435,50.6303,1,0.8385423421859741,1,QB
201700152,Myles Brennan,2017,PRO,0.9347,55.9476,1,0.9813346862792969,1,QB
201700169,Keytaon Thompson,2017,DUAL,0.9289,56.2051,1,0.9427096843719482,1,QB
201700196,Sean Clifford,2017,PRO,0.9223,80.2717,1,0.9770007133483887,1,QB
201700198,Shawn Robinson,2017,DUAL,0.9222,57.4487,1,0.9659672975540161,1,QB
201700199,N'Kosi Perry,2017,DUAL,0.9218,65.5353,1,0.9612455368041992,1,QB
201700200,Tristan Gebbia,2017,PRO,0.9218,52.5703,1,0.9663166999816895,1,QB
201700235,Kasim Hill,2017,PRO,0.911,57.1092,1,0.9500888586044312,1,QB
201700252,Avery Davis,2017,DUAL,0.9079,35.87,1,0.8835626244544983,1,QB
201700266,Lowell Narcisse,2017,DUAL,0.9041,52.1979,1,0.9209918975830078,1,QB
201700289,Bailey Hockman,2017,PRO,0.8992,56.2521,1,0.8925605416297913,1,QB
201700299,Braxton Burmeister,2017,DUAL,0.8972,58.8488,1,0.9221656322479248,1,QB
201700328,Hendon Hooker,2017,DUAL,0.8933,77.6895,1,0.7450125217437744,1,QB
201700334,Chase Garbers,2017,PRO,0.8926,65.8759,1,0.8620119690895081,1,QB
201700341,Tommy DeVito,2017,PRO,0.8915,64.7359,1,0.863776445388794,1,QB
201700355,Ryan Kelley,2017,PRO,0.89,0.0,0,0.8648113012313843,1,QB
201700377,Danny Clark,2017,PRO,0.8869,0.0,0,0.6065707802772522,1,QB
201700384,James Blackman,2017,PRO,0.8852,67.5066,1,0.59360671043396,1,QB
201700387,Chase Brice,2017,PRO,0.885,68.9382,1,0.7438615560531616,1,QB
201700391,Mac Jones,2017,PRO,0.8847,75.6651,1,0.648413360118866,1,QB
201700439,Daulton Hyatt,2017,PRO,0.8774,0.0,0,0.8498278260231018,1,QB
201700468,Jack Coan,2017,PRO,0.8742,68.2237,1,0.603984534740448,1,QB
201700523,Connor Neville,2017,PRO,0.8702,0.0,0,0.6246842741966248,1,QB
201700552,Jake Allen,2017,PRO,0.8678,0.0,0,0.7119430899620056,1,QB
201700558,Xavier Martin,2017,DUAL,0.8672,0.0,0,0.8021467328071594,1,QB
201700560,Rocky Lombardi,2017,DUAL,0.8672,63.978,1,0.5315970182418823,1,QB
201700610,Jacob Free,2017,PRO,0.8636,49.5872,1,0.7200315594673157,1,QB
201700628,Jake Haener,2017,PRO,0.8628,67.079,1,0.8368226885795593,1,QB
201700654,Cade Weldon,2017,PRO,0.8611,41.5533,1,0.8680623173713684,1,QB
201700660,Peyton Mansell,2017,DUAL,0.8611,42.3303,1,0.8061785101890564,1,QB
201700680,Tyler Lytle,2017,PRO,0.8597,44.4172,1,0.8581644296646118,1,QB
201700687,Nick Sipe,2017,PRO,0.8597,44.3935,1,0.8294602632522583,1,QB
201700690,Jay Urich,2017,DUAL,0.8594,36.9208,1,0.8434345126152039,1,QB
201700694,Matt McKay,2017,PRO,0.8592,51.6523,1,0.8487526774406433,1,QB
201700701,Jelani Woods,2017,PRO,0.8589,0.0,0,0.6473164558410645,1,QB
201700710,Johnathan Lewis,2017,DUAL,0.8586,43.8184,1,0.6575554013252258,1,QB
201700716,Chase Cord,2017,PRO,0.8581,51.4563,1,0.8390622735023499,1,QB
201700738,Kenny Pickett,2017,PRO,0.8567,78.6455,1,0.7998389601707458,1,QB
201700775,Taylor Powell,2017,PRO,0.855,57.3756,1,0.8146722912788391,1,QB
201700780,Jason Shelley,2017,DUAL,0.8547,53.0763,1,0.7919801473617554,1,QB
201700786,Chris Katrenick,2017,PRO,0.8547,44.6066,1,0.8078363537788391,1,QB
201700826,Charlie Brewer,2017,PRO,0.8531,72.9581,1,0.7843255996704102,1,QB
201700888,Todd Centeio,2017,PRO,0.8506,62.8748,1,0.7294119000434875,1,QB
201700916,Devon Moore,2017,DUAL,0.8497,0.0,0,0.5867398381233215,1,QB
201700941,Connor Blumrick,2017,PRO,0.8489,45.029,1,0.6009735465049744,1,QB
201700963,Walker Wood,2017,DUAL,0.8481,0.0,0,0.7881086468696594,1,QB
201700966,Jairus Grissom,2017,DUAL,0.8481,29.2073,1,0.6463862657546997,1,QB
201700980,Alex Faniel,2017,PRO,0.8475,0.0,0,0.3739832639694214,0,QB
201701047,Justice McCoy,2017,DUAL,0.8447,20.9086,1,0.46941396594047546,0,QB
201701072,Cam Roane,2017,PRO,0.8433,0.0,0,0.771104097366333,1,QB
201701107,Aidan Willard,2017,PRO,0.8425,0.0,0,0.7459766864776611,1,QB
201701132,Andrew Marty,2017,PRO,0.8411,52.5264,1,0.6931086182594299,1,QB
201701138,Bryson Smith,2017,DUAL,0.8408,37.0555,1,0.8169711828231812,1,QB
201701166,Kingsley Ifedi,2017,DUAL,0.84,29.0116,1,0.8489106893539429,1,QB
201701167,Tanner Morgan,2017,PRO,0.84,68.7917,1,0.8180307745933533,1,QB
201701207,Cam Thomas,2017,PRO,0.8383,48.254,1,0.7067214250564575,1,QB
201701220,Seth Boomer,2017,PRO,0.8381,53.6523,1,0.7013685703277588,1,QB
201701222,Tayvon Bowers,2017,DUAL,0.8378,32.4008,1,0.7080543637275696,1,QB
201701229,Griffin Alstott,2017,DUAL,0.8372,23.8073,1,0.8411609530448914,1,QB
201701230,Henry Colombi,2017,PRO,0.8372,58.7975,1,0.7373517751693726,1,QB
201701243,Kaymen Cureton,2017,DUAL,0.8367,47.37,1,0.7828775644302368,1,QB
201701304,Jack Walker,2017,PRO,0.8333,34.5764,1,0.776892900466919,1,QB
201701428,K'hari Lane,2017,PRO,0.83,0.0,0,0.4205999970436096,0,QB
201701439,Will McBride,2017,DUAL,0.8292,47.281,1,0.7688331007957458,1,QB
201701455,Tyler Vander Waal,2017,PRO,0.8289,51.5651,1,0.7271165251731873,1,QB
201701473,Nick Tronti,2017,DUAL,0.8278,46.4966,1,0.7904311418533325,1,QB
201701483,Seth Washington,2017,DUAL,0.8269,0.0,0,0.7818475365638733,1,QB
201701557,Sammy Wheeler,2017,PRO,0.8236,0.0,0,0.6493505835533142,1,QB
201701579,Matthew McDonald,2017,PRO,0.8222,60.9442,1,0.6905991435050964,1,QB
201701586,Jarret Doege,2017,PRO,0.8222,69.5442,1,0.7567239999771118,1,QB
201701691,Drew Keszei,2017,PRO,0.8181,16.8915,0,0.6788630485534668,1,QB
201701701,Rhett Rodriguez,2017,DUAL,0.8175,51.8485,1,0.7795374989509583,1,QB
201701705,Jaylen Gipson,2017,DUAL,0.8175,34.2938,1,0.7761965990066528,1,QB
201701715,Austin Burton,2017,PRO,0.8172,50.4131,1,0.653407871723175,1,QB
201701755,Steven Anderson,2017,PRO,0.8153,0.0,0,0.4431295096874237,0,QB
201701760,Josh Adkins,2017,PRO,0.8148,58.6443,1,0.6600585579872131,1,QB
201701878,Danny Vanden Boom,2017,PRO,0.8107,43.5269,1,0.6041114926338196,1,QB
201701884,Marvin Washington,2017,DUAL,0.8103,41.0476,1,0.728226363658905,1,QB
201701888,Kyle Vantrease,2017,PRO,0.81,62.1679,1,0.5741787552833557,1,QB
201701920,Marckell Grayson,2017,DUAL,0.8081,0.0,0,0.7463168501853943,1,QB
201701932,Noah Vedral,2017,DUAL,0.8081,60.6083,1,0.5807868242263794,1,QB
201701941,Isaiah Green,2017,DUAL,0.8074,59.1849,1,0.7628272771835327,1,QB
201701988,John Turner,2017,PRO,0.8056,34.4157,1,0.6336992383003235,1,QB
201701989,Drew Dinsmore,2017,PRO,0.8056,0.0,0,0.6403828859329224,1,QB
201702000,Austin Upshaw,2017,DUAL,0.805,36.6822,1,0.6420878767967224,1,QB
201702007,Jeremy Hodge,2017,DUAL,0.8048,0.0,0,0.7675108313560486,1,QB
201702084,Nolan McDonald,2017,PRO,0.8015,0.0,0,0.5026472806930542,1,QB
201702091,Marcelo Rodriguez,2017,PRO,0.8011,0.0,0,0.6108336448669434,1,QB
201702097,Rodney Hall,2017,DUAL,0.8007,27.7454,1,0.6162691116333008,1,QB
201702106,Jordan McAfee,2017,PRO,0.8006,0.0,0,0.6418998837471008,1,QB
201702138,Kaylan Wiggins,2017,DUAL,0.7994,36.0505,1,0.7512902617454529,1,QB
201702141,Bryce Rivers,2017,PRO,0.7994,40.5851,1,0.3816908597946167,0,QB
201702147,Aldon Clark,2017,PRO,0.7993,0.0,0,0.49110379815101624,0,QB
201702173,Tyger Goslin,2017,DUAL,0.7985,48.276,1,0.6070975661277771,1,QB
201702176,Jack Davidson,2017,PRO,0.7983,0.0,0,0.27271947264671326,0,QB
201702179,Christian Anderson,2017,DUAL,0.7983,53.0102,1,0.5278422236442566,1,QB
201702219,EJ Perry,2017,PRO,0.7967,49.1515,1,0.32028618454933167,0,QB
201702319,Alex Fernandes,2017,PRO,0.7926,0.0,0,0.6651880741119385,1,QB
201702432,Willie Jones III,2017,DUAL,0.7893,49.4131,1,0.614007294178009,1,QB
201702494,Mic Roof,2017,PRO,0.7859,0.0,0,0.5812548398971558,1,QB
201702517,Cephus Johnson,2017,DUAL,0.7859,50.7824,1,0.8195636868476868,1,QB
201702543,Alex Ramart,2017,PRO,0.7852,30.3062,1,0.5710008144378662,1,QB
201702549,Mark Salazar,2017,PRO,0.7852,0.0,0,0.7353929281234741,1,QB
201702557,Connor Adair,2017,PRO,0.7844,34.3346,1,0.5682271122932434,1,QB
201702562,Patrick McClure,2017,DUAL,0.7844,41.2885,1,0.6576116681098938,1,QB
201702597,Cade Pearson,2017,PRO,0.7826,0.0,0,0.6036971807479858,1,QB
201702602,Davis Shanley,2017,PRO,0.7826,47.6363,1,0.5403921604156494,1,QB
201702606,Dane Ledford,2017,PRO,0.7826,29.7106,1,0.6165412664413452,1,QB
201702647,Calvin Brownholtz,2017,PRO,0.7819,39.337,1,0.3995302617549896,0,QB
201702684,Tommy Herion,2017,PRO,0.78,0.0,0,0.3378717005252838,0,QB
201702755,Darius Harper,2017,DUAL,0.7785,0.0,0,0.6153921484947205,1,QB
201702772,Peyton Derrick,2017,DUAL,0.7785,29.399,1,0.4723900556564331,0,QB
201702774,Preston Hutchinson,2017,PRO,0.7785,56.488,1,0.30419984459877014,0,QB
201702836,Kadon Harrison,2017,PRO,0.7759,0.0,0,0.3640070855617523,0,QB
201702877,Will Lovett,2017,PRO,0.7752,0.0,0,0.21948394179344177,0,QB
201702898,Steven Williams Jr.,2017,PRO,0.7744,46.7442,1,0.2554405629634857,0,QB
201702958,Jaalon Frazier,2017,DUAL,0.7733,0.0,0,0.5254212617874146,1,QB
201703016,Will Phillis,2017,PRO,0.7711,0.0,0,0.22418427467346191,0,QB
201703080,Beau English,2017,PRO,0.7685,0.0,0,0.19069357216358185,0,QB
201703185,Ike Ogbogu,2017,DUAL,0.7667,42.9351,1,0.3080654740333557,0,QB
201703325,Ben Glass,2017,PRO,0.7667,0.0,0,0.2893575429916382,0,QB
201703519,Rodney Thompson,2017,PRO,0.7667,0.0,0,0.4796711504459381,0,QB
201703994,Colton Richardson,2017,PRO,0.7578,0.0,0,0.212669238448143,0,QB
201704057,Tyhier Tyler,2017,DUAL,0.7533,50.8258,1,0.36694976687431335,0,QB
201704116,Dominique Shoffner,2017,PRO,0.75,31.2462,1,0.3052332103252411,0,QB
201704226,Jaran Roste,2017,PRO,0.73,0.0,0,0.44704967737197876,0,QB
201800001,Trevor Lawrence,2018,PRO,0.9999,83.7892,1,0.9505427479743958,1,QB
201800002,Justin Fields,2018,DUAL,0.9998,82.9183,1,0.9609777331352234,1,QB
201800016,JT Daniels,2018,PRO,0.9919,71.4752,1,0.9712668061256409,1,QB
201800036,Dorian Thompson-Robinson,2018,DUAL,0.9813,75.969,1,0.9715067148208618,1,QB
201800043,Justin Rogers,2018,DUAL,0.9772,49.3913,1,0.9664916396141052,1,QB
201800046,Tanner McKee,2018,PRO,0.9764,66.3439,1,0.9096454977989197,1,QB
201800063,Matt Corral,2018,PRO,0.969,78.3597,1,0.9618306756019592,1,QB
201800077,Jarren Williams,2018,PRO,0.9614,57.8168,1,0.976753830909729,1,QB
201800083,Phil Jurkovec,2018,DUAL,0.9593,65.2028,1,0.9609429240226746,1,QB
201800085,Emory Jones,2018,DUAL,0.9587,70.3524,1,0.9711458086967468,1,QB
201800091,Colson Yankoff,2018,DUAL,0.9564,32.0618,1,0.9787783622741699,1,QB
201800094,Jacob Sirmon,2018,PRO,0.9559,49.5219,1,0.9660220742225647,1,QB
201800139,Adrian Martinez,2018,DUAL,0.9423,79.5764,1,0.9825701117515564,1,QB
201800140,Tyler Shough,2018,PRO,0.9422,69.2877,1,0.9653555750846863,1,QB
201800167,Jack Tuttle,2018,PRO,0.9321,54.4358,1,0.9733283519744873,1,QB
201800171,Spencer Sanders,2018,DUAL,0.9311,76.0729,1,0.9835829138755798,1,QB
201800204,Joe Milton III,2018,PRO,0.9202,66.1861,1,0.9593724608421326,1,QB
201800206,Dakereon Joyner,2018,DUAL,0.9199,46.293,1,0.978435754776001,1,QB
201800234,Gerry Bohanon,2018,DUAL,0.9117,61.1713,1,0.9366745352745056,1,QB
201800235,Jack West,2018,PRO,0.9115,41.8151,1,0.9622005820274353,1,QB
201800247,Cameron Rising,2018,PRO,0.9096,68.457,1,0.9475638270378113,1,QB
201800249,Tanner Mordecai,2018,DUAL,0.9092,72.7417,1,0.9214767217636108,1,QB
201800271,James Foster,2018,DUAL,0.9055,42.2536,1,0.9598486423492432,1,QB
201800275,Quincy Patterson,2018,DUAL,0.9048,42.4574,1,0.8660653233528137,1,QB
201800291,Casey Thompson,2018,DUAL,0.9021,66.2648,1,0.932963490486145,1,QB
201800331,Matthew Baldwin,2018,PRO,0.8958,0.0,0,0.887500524520874,1,QB
201800336,Jace Ruder,2018,DUAL,0.8957,44.179,1,0.7422367334365845,1,QB
201800341,Connor Noland,2018,PRO,0.8946,47.7027,1,0.8931498527526855,1,QB
201800361,Jalen Mayden,2018,DUAL,0.8917,58.7464,1,0.747096061706543,1,QB
201800363,Cammon Cooper,2018,PRO,0.8917,32.9141,1,0.8881482481956482,1,QB
201800372,Devin Leary,2018,PRO,0.8905,71.2283,1,0.8527987003326416,1,QB
201800377,Theo Day,2018,PRO,0.8898,0.0,0,0.8845406770706177,1,QB
201800395,Artur Sitkowski,2018,PRO,0.8881,56.7017,1,0.7571696043014526,1,QB
201800421,Spencer Petras,2018,PRO,0.8858,63.7115,1,0.8229291439056396,1,QB
201800506,Allan Walters,2018,PRO,0.8784,40.8855,1,0.8932894468307495,1,QB
201800543,Holton Ahlers,2018,DUAL,0.8755,73.4835,1,0.7942103147506714,1,QB
201800548,Michael Penix Jr.,2018,PRO,0.8749,87.5546,1,0.8536999821662903,1,QB
201800556,Jack Plummer,2018,PRO,0.8743,72.3919,1,0.6583924889564514,1,QB
201800557,Gunnar Holmberg,2018,PRO,0.8743,55.5531,1,0.7886475920677185,1,QB
201800559,Kevin Doyle,2018,PRO,0.8743,0.0,0,0.8941312432289124,1,QB
201800584,Jamarye Joiner,2018,DUAL,0.8734,0.0,0,0.746901273727417,1,QB
201800610,Trey Lowe III,2018,DUAL,0.8719,51.6305,1,0.8447806239128113,1,QB
201800611,Carter Bradley,2018,PRO,0.8718,61.5753,1,0.7973034977912903,1,QB
201800619,Brennan Armstrong,2018,DUAL,0.871,71.9227,1,0.7929465770721436,1,QB
201800641,J.T. Shrout,2018,PRO,0.8696,56.821,1,0.8667891621589661,1,QB
201800644,Kaleb Eleby,2018,PRO,0.8696,67.2909,1,0.7733473181724548,1,QB
201800652,Will Levis,2018,PRO,0.8689,65.9914,1,0.7143010497093201,1,QB
201800672,Tyler DeSue,2018,DUAL,0.8676,43.2079,1,0.8541842103004456,1,QB
201800675,Cade Fortin,2018,PRO,0.8676,49.7613,1,0.7368293404579163,1,QB
201800704,Kevaris Thomas,2018,DUAL,0.8667,42.1255,1,0.7588576078414917,1,QB
201800734,Ben Bryant,2018,PRO,0.8643,64.181,1,0.8767820596694946,1,QB
201800759,Nick Patti,2018,PRO,0.8633,46.9685,1,0.888695478439331,1,QB
201800763,John Holcombe,2018,DUAL,0.8631,43.3064,1,0.7579615712165833,1,QB
201800767,Sam Hartman,2018,PRO,0.8626,82.6526,1,0.8741697669029236,1,QB
201800802,Blake Stenstrom,2018,PRO,0.8609,42.3812,1,0.8367795348167419,1,QB
201800815,Jason Whittaker,2018,PRO,0.8602,0.0,0,0.8746199607849121,1,QB
201800827,Clayton Tune,2018,PRO,0.8601,74.9965,1,0.8664112687110901,1,QB
201800839,Brock Purdy,2018,PRO,0.8594,81.4653,1,0.8347225785255432,1,QB
201800870,Coran Taylor,2018,DUAL,0.858,49.4349,1,0.7117968797683716,1,QB
201800889,Jordan Travis,2018,DUAL,0.8572,76.5021,1,0.7944619655609131,1,QB
201800899,Alan Bowman,2018,PRO,0.8568,72.188,1,0.728983998298645,1,QB
201800900,Chance Amie,2018,DUAL,0.8568,0.0,0,0.8467099666595459,1,QB
201800973,MJ Rivers II,2018,DUAL,0.8539,49.0643,1,0.7203066945075989,1,QB
201801016,Chase Wolf,2018,PRO,0.8526,38.62,1,0.7031015753746033,1,QB
201801021,Octavious Battle,2018,DUAL,0.8519,0.0,0,0.6750828623771667,1,QB
201801024,Jake Dukart,2018,PRO,0.8519,0.0,0,0.7478229999542236,1,QB
201801037,Re-al Mitchell,2018,DUAL,0.8514,46.4062,1,0.6359475255012512,1,QB
201801045,Trad Beatty,2018,DUAL,0.8513,44.3697,1,0.45344704389572144,0,QB
201801097,Riley Smith,2018,PRO,0.8491,34.2119,1,0.7761332392692566,1,QB
201801217,John Langan,2018,PRO,0.8451,47.0803,1,0.32222238183021545,0,QB
201801273,Matt Valecce,2018,PRO,0.8423,30.4212,1,0.5075145363807678,1,QB
201801285,Davis Brin,2018,PRO,0.8418,65.7614,1,0.6188280582427979,1,QB
201801289,Wyatt Rector,2018,DUAL,0.8418,0.0,0,0.6355240941047668,1,QB
201801299,Kenyon Oblad,2018,PRO,0.8416,54.7977,1,0.5784593224525452,1,QB
201801316,Jalen Chatman,2018,DUAL,0.841,0.0,0,0.7304443120956421,1,QB
201801360,Swift Lyle,2018,PRO,0.8394,0.0,0,0.6290073394775391,1,QB
201801409,Gunnar Watson,2018,PRO,0.8376,65.5727,1,0.48188766837120056,0,QB
201801434,Luke Shiflett,2018,DUAL,0.8366,37.089,1,0.5101462602615356,1,QB
201801468,Zack Annexstad,2018,PRO,0.8355,54.7523,1,0.7952064871788025,1,QB
201801498,Cordel Littlejohn,2018,DUAL,0.8335,0.0,0,0.7067973613739014,1,QB
201801501,Aaron Allen,2018,DUAL,0.8334,46.4514,1,0.696618914604187,1,QB
201801566,Torry Locklin,2018,DUAL,0.8306,40.7767,1,0.6899948120117188,1,QB
201801568,William Brown,2018,PRO,0.8305,50.5217,1,0.6829574108123779,1,QB
201801647,Steven Krajewski,2018,PRO,0.8265,51.9357,1,0.6611965298652649,1,QB
201801657,Christian Daniels,2018,DUAL,0.8262,0.0,0,0.6966795921325684,1,QB
201801671,John Stephen Jones,2018,PRO,0.8255,47.592,1,0.6985717415809631,1,QB
201801683,Steven Comstock,2018,DUAL,0.8255,21.256,1,0.6105548143386841,1,QB
201801705,Jordan McCloud,2018,DUAL,0.8249,69.0369,1,0.7291406393051147,1,QB
201801761,Caleb Lynum,2018,PRO,0.821,21.7473,1,0.7195237278938293,1,QB
201801762,Sean Chambers,2018,DUAL,0.8206,56.0177,1,0.6536911129951477,1,QB
201801799,Carson Baker,2018,PRO,0.8199,49.2933,1,0.5792590975761414,1,QB
201801830,Stacy Conner,2018,DUAL,0.819,0.0,0,0.6165107488632202,1,QB
201801854,Brady McBride,2018,PRO,0.8173,57.6936,1,0.6998955011367798,1,QB
201801861,Tyler Vitt,2018,PRO,0.8165,57.4243,1,0.7163890600204468,1,QB
201801867,AJ Mayer,2018,PRO,0.8165,53.9197,1,0.6299855709075928,1,QB
201801908,Colby Suits,2018,PRO,0.8154,51.9794,1,0.3330337703227997,0,QB
201801912,Bryce Veasley,2018,PRO,0.8154,0.0,0,0.46845537424087524,0,QB
201801921,Jaret Pallotta,2018,PRO,0.8154,27.1216,1,0.5491750836372375,1,QB
201801930,Tate Whatley,2018,DUAL,0.8154,49.3695,1,0.5607216358184814,1,QB
201801943,Cross Wilkinson,2018,PRO,0.8143,0.0,0,0.5357652306556702,1,QB
201802021,Desmond Trotter,2018,DUAL,0.8098,57.5954,1,0.4704369604587555,0,QB
201802041,Marquez Glover,2018,DUAL,0.8098,0.0,0,0.7147195339202881,1,QB
201802078,Kolbe Langhi,2018,PRO,0.8065,0.0,0,0.30329012870788574,0,QB
201802100,Kason Martin,2018,PRO,0.8064,30.5914,1,0.5642173290252686,1,QB
201802129,Jason Bean,2018,PRO,0.8054,64.8068,1,0.5898225903511047,1,QB
201802137,Jordan Weeks,2018,PRO,0.8054,44.4883,1,0.29257890582084656,0,QB
201802145,John Paddock,2018,PRO,0.8054,58.416,1,0.4386047124862671,0,QB
201802171,Carson Strong,2018,PRO,0.8043,67.8151,1,0.4720407724380493,0,QB
201802175,Stephon Brown,2018,DUAL,0.8043,0.0,0,0.38595327734947205,0,QB
201802176,Layne Hatcher,2018,DUAL,0.8043,64.7006,1,0.519573450088501,1,QB
201802183,Jeremy Moussa,2018,PRO,0.8032,43.2325,1,0.4735804498195648,0,QB
201802228,Dylan Hopkins,2018,DUAL,0.8004,59.8986,1,0.43662285804748535,0,QB
201802229,George Pearson,2018,PRO,0.8004,0.0,0,0.5554945468902588,1,QB
201802232,Matt Robinson,2018,DUAL,0.8004,44.6538,1,0.34551379084587097,0,QB
201802258,Fred Payton,2018,DUAL,0.8004,54.6617,1,0.37444159388542175,0,QB
201802332,Seth Agwunobi,2018,DUAL,0.7964,0.0,0,0.5552781820297241,1,QB
201802437,Josiah Johnson,2018,PRO,0.7932,36.4746,1,0.45794203877449036,0,QB
201802454,Ben Wooldridge,2018,PRO,0.7903,62.0179,1,0.43502572178840637,0,QB
201802498,Justin Tomlin,2018,DUAL,0.7903,42.3557,1,0.5751274824142456,1,QB
201802511,Jordan Loving,2018,PRO,0.7898,0.0,0,0.4262232780456543,0,QB
201802530,Jiya Wright,2018,DUAL,0.7898,53.5856,1,0.4534892439842224,0,QB
201802542,Brady Pope,2018,PRO,0.7898,0.0,0,0.3747130036354065,0,QB
201802544,Joe Mischler,2018,DUAL,0.7898,14.9826,0,0.5788716673851013,1,QB
201802586,Chance Nolan,2018,PRO,0.7892,61.9285,1,0.46990710496902466,0,QB
201802597,Preston Weeks,2018,PRO,0.7892,0.0,0,0.23898182809352875,0,QB
201802611,Bryce Carpenter,2018,PRO,0.7882,46.9461,1,0.44559445977211,0,QB
201802625,Cade Fennegan,2018,DUAL,0.7853,45.3775,1,0.7493816614151001,1,QB
201802679,Kaden Frost,2018,PRO,0.7853,0.0,0,0.7061845660209656,1,QB
201802728,Andrew Peasley,2018,PRO,0.7832,59.6052,1,0.3734821677207947,0,QB
201802737,Brice Johnson,2018,DUAL,0.7803,0.0,0,0.7110556364059448,1,QB
201802801,Matt Myers,2018,PRO,0.7798,50.4566,1,0.2831152081489563,0,QB
201802867,Warren Bryan,2018,DUAL,0.7792,34.7746,1,0.4240674376487732,0,QB
201802970,Quadry Jones,2018,DUAL,0.7742,43.331,1,0.4965965449810028,0,QB
201803034,Aaron Jackson,2018,DUAL,0.7698,44.512,1,0.44361138343811035,0,QB
201803083,Drake Davis,2018,DUAL,0.7697,0.0,0,0.5418691039085388,1,QB
201803210,Chevan Cordeiro,2018,DUAL,0.7631,67.2057,1,0.37294551730155945,0,QB
201803287,Hamish McClure,2018,DUAL,0.7597,0.0,0,0.49921077489852905,0,QB
201803322,Nate Carter,2018,PRO,0.7597,0.0,0,0.4022009074687958,0,QB
201803357,Ben Batson,2018,DUAL,0.758,37.68,1,0.35490450263023376,0,QB
201803358,Max Wittwer,2018,DUAL,0.758,0.0,0,0.5012602210044861,1,QB
201803409,Christian Perez,2018,DUAL,0.7552,0.0,0,0.3830583095550537,0,QB
201803438,Drew Zaubi,2018,PRO,0.753,32.2567,1,0.35951560735702515,0,QB
201803509,Michael Mbony,2018,DUAL,0.7497,0.0,0,0.4607800543308258,0,QB
201803566,Braxton Barker,2018,PRO,0.7497,0.0,0,0.4254728853702545,0,QB
201803577,Wiley Green,2018,PRO,0.748,51.9576,1,0.17962069809436798,0,QB
201803640,Bradley Yaffe,2018,PRO,0.7397,0.0,0,0.5557515025138855,1,QB
201803861,Zach Lewis,2018,DUAL,0.6996,0.0,0,0.37374019622802734,0,QB
201900011,Spencer Rattler,2019,PRO,0.9942,76.6131,1,0.97988361120224,1,QB
201900033,Bo Nix,2019,DUAL,0.9856,93.3077,1,0.9759694933891296,1,QB
201900035,Jayden Daniels,2019,DUAL,0.9832,88.1761,1,0.9729874134063721,1,QB
201900064,Ryan Hilinski,2019,PRO,0.9695,63.3846,1,0.9560865759849548,1,QB
201900065,Graham Mertz,2019,PRO,0.9689,73.7184,1,0.9609414935112,1,QB
201900093,Sam Howell,2019,DUAL,0.9582,77.4371,1,0.9274035692214966,1,QB
201900174,Dylan Morris,2019,PRO,0.9304,58.0151,1,0.9729962348937988,1,QB
201900180,Taulia Tagovailoa,2019,PRO,0.9269,76.1781,1,0.976769745349884,1,QB
201900211,Max Duggan,2019,DUAL,0.9169,84.4452,1,0.9649462699890137,1,QB
201900217,Taisun Phommachanh,2019,DUAL,0.9157,57.7182,1,0.965481698513031,1,QB
201900243,Hank Bachmeier,2019,PRO,0.9114,68.1776,1,0.9479678273200989,1,QB
201900246,Roschon Johnson,2019,DUAL,0.9111,50.3914,1,0.9455099701881409,1,QB
201900249,Garrett Shrader,2019,DUAL,0.9106,69.7538,1,0.9506616592407227,1,QB
201900282,Cade McNamara,2019,PRO,0.9052,63.1277,1,0.9428098201751709,1,QB
201900283,Jacob Zeno,2019,PRO,0.9048,60.36,1,0.933650016784668,1,QB
201900287,Ta'Quan Roberson,2019,DUAL,0.9045,59.1329,1,0.9391517639160156,1,QB
201900293,Lance LeGendre,2019,DUAL,0.9036,40.64,1,0.9310445189476013,1,QB
201900294,D'Wan Mathis,2019,PRO,0.9034,53.5412,1,0.9389976859092712,1,QB
201900307,Joey Yellen,2019,PRO,0.9023,48.3858,1,0.9639395475387573,1,QB
201900317,Jacob Conover,2019,PRO,0.9006,43.8667,1,0.9605682492256165,1,QB
201900320,KJ Jefferson,2019,DUAL,0.9001,77.5623,1,0.9560730457305908,1,QB
201900330,Peter Parrish,2019,DUAL,0.8989,41.0207,1,0.8938618898391724,1,QB
201900343,Paul Tyson,2019,PRO,0.8972,39.0119,1,0.9220579266548157,1,QB
201900348,Grant Tisdale,2019,DUAL,0.8967,0.0,0,0.9423075318336487,1,QB
201900378,John Rhys Plumlee,2019,DUAL,0.8936,67.1211,1,0.8108759522438049,1,QB
201900410,Connor Bazelak,2019,PRO,0.8914,71.047,1,0.8072383403778076,1,QB
201900416,Michael Johnson Jr.,2019,DUAL,0.8905,37.7764,1,0.6202326416969299,1,QB
201900418,Cale Millen,2019,PRO,0.8904,0.0,0,0.7571689486503601,1,QB
201900439,Grant Gunnell,2019,PRO,0.8893,57.2058,1,0.549036979675293,1,QB
201900452,Jacob Clark,2019,PRO,0.8889,57.7428,1,0.7303258776664734,1,QB
201900472,Ty Evans,2019,PRO,0.887,0.0,0,0.8086851239204407,1,QB
201900478,Brian Maurer,2019,PRO,0.8859,46.6768,1,0.6529675126075745,1,QB
201900483,Zach Calzada,2019,PRO,0.8859,58.6953,1,0.7190194129943848,1,QB
201900520,Brendon Clark,2019,PRO,0.8837,40.4471,1,0.6042460799217224,1,QB
201900554,Davis Beville,2019,PRO,0.8811,39.483,1,0.44766488671302795,0,QB
201900557,Spencer Brasch,2019,DUAL,0.8804,0.0,0,0.8313169479370117,1,QB
201900575,Brendan Costello,2019,DUAL,0.8793,0.0,0,0.851877748966217,1,QB
201900610,Ethan Long,2019,PRO,0.8772,36.5094,1,0.44756242632865906,0,QB
201900645,Jaden Johnson,2019,PRO,0.8752,0.0,0,0.7647493481636047,1,QB
201900700,Kedon Slovis,2019,PRO,0.8726,74.2916,1,0.5682082176208496,1,QB
201900703,Jordan Yates,2019,DUAL,0.8722,52.6361,1,0.6951233744621277,1,QB
201900756,Dillon Gabriel,2019,PRO,0.8704,89.6813,1,0.7012766599655151,1,QB
201900796,Maverick McIvor,2019,DUAL,0.8681,0.0,0,0.7068633437156677,1,QB
201900803,Terrance Gipson,2019,DUAL,0.8674,30.0721,1,0.6239683628082275,1,QB
201900863,Gunner Cruz,2019,PRO,0.8644,49.2388,1,0.45998647809028625,0,QB
201900898,David Baldwin-Griffin,2019,DUAL,0.863,0.0,0,0.8141770958900452,1,QB
201900909,Paul Piferi,2019,PRO,0.8622,0.0,0,0.8334422707557678,1,QB
201901007,Jahquez Evans,2019,DUAL,0.8578,34.6957,1,0.5778987407684326,1,QB
201901044,Hayden Wolff,2019,PRO,0.8563,62.9377,1,0.6044867634773254,1,QB
201901053,Cole Kramer,2019,DUAL,0.8556,39.57,1,0.6228322982788086,1,QB
201901062,David Summers,2019,PRO,0.8556,0.0,0,0.7858409285545349,1,QB
201901080,Payton Thorne,2019,DUAL,0.8544,79.9155,1,0.603607177734375,1,QB
201901123,Stone Norton,2019,PRO,0.853,41.8411,1,0.5952069759368896,1,QB
201901137,Dequan Finn,2019,DUAL,0.8526,67.5502,1,0.7440199851989746,1,QB
201901139,Michael Kern,2019,PRO,0.8526,51.1735,1,0.5653021335601807,1,QB
201901163,Kinkead Dent,2019,PRO,0.8519,39.2489,1,0.5267996788024902,1,QB
201901172,Sam Saxton,2019,PRO,0.8511,0.0,0,0.5727730393409729,1,QB
201901174,Brett Gabbert,2019,PRO,0.8511,66.2254,1,0.5742075443267822,1,QB
201901196,Amani Gilmore,2019,PRO,0.85,0.0,0,0.4857705235481262,0,QB
201901205,Levi Williams,2019,PRO,0.85,54.775,1,0.5588992238044739,1,QB
201901248,Nik Scalzo,2019,DUAL,0.8481,0.0,0,0.4913877546787262,0,QB
201901259,Chandler Fields,2019,PRO,0.8478,58.1148,1,0.2257179468870163,0,QB
201901275,Travis Mumphrey,2019,DUAL,0.8474,0.0,0,0.5045416951179504,1,QB
201901296,Bryan Gagg,2019,PRO,0.8467,0.0,0,0.5556073784828186,1,QB
201901300,Demetrius Knight Jr.,2019,DUAL,0.8467,38.7717,1,0.36463016271591187,0,QB
201901321,Kennique Bonner-Steward,2019,DUAL,0.8456,0.0,0,0.4902861714363098,0,QB
201901355,Sheldon Layman,2019,PRO,0.8444,0.0,0,0.4393646717071533,0,QB
201901419,Michael Lindauer,2019,PRO,0.8415,0.0,0,0.30684950947761536,0,QB
201901477,Luke Wentz,2019,DUAL,0.8393,0.0,0,0.39808470010757446,0,QB
201901483,Coltin Clack,2019,PRO,0.8389,19.9561,0,0.4111792743206024,0,QB
201901486,Peyton Matocha,2019,DUAL,0.8381,42.0997,1,0.38179823756217957,0,QB
201901493,Jakson Thomson,2019,PRO,0.8378,0.0,0,0.44946643710136414,0,QB
201901564,Josh Calvin,2019,DUAL,0.8363,0.0,0,0.4742271602153778,0,QB
201901593,RJ Harvey,2019,DUAL,0.8356,0.0,0,0.5263499021530151,1,QB
201901606,Austin Kirksey,2019,PRO,0.8344,0.0,0,0.523077130317688,1,QB
201901664,Jaren Lewis,2019,DUAL,0.8326,43.7942,1,0.539886474609375,1,QB
201901682,Knox Kadum,2019,PRO,0.8317,42.6344,1,0.43226146697998047,0,QB
201901701,Weston Eget,2019,PRO,0.8317,30.535,1,0.45426955819129944,0,QB
201901719,Cole Snyder,2019,PRO,0.8311,61.0291,1,0.5480566024780273,1,QB
201901784,Clifton McDowell,2019,DUAL,0.8293,0.0,0,0.5965852737426758,1,QB
201901804,Evan Conley,2019,PRO,0.8278,43.915,1,0.4425164461135864,0,QB
201901823,TJ Goodwin,2019,PRO,0.8267,0.0,0,0.3240780532360077,0,QB
201901833,Nathan Lamb,2019,PRO,0.8267,0.0,0,0.3835564851760864,0,QB
201901844,Nick Kargman,2019,DUAL,0.8267,0.0,0,0.30638930201530457,0,QB
201901855,Maurice Underwood,2019,PRO,0.8259,0.0,0,0.5428347587585449,1,QB
201901891,Trevor Bycznski,2019,PRO,0.8252,0.0,0,0.28970083594322205,0,QB
201901896,Will Kuehne,2019,PRO,0.8248,27.5165,1,0.4167556166648865,0,QB
201901897,Jaden Jenkins,2019,DUAL,0.8248,0.0,0,0.3924962878227234,0,QB
201901917,Chandler Rogers,2019,DUAL,0.823,0.0,0,0.48072361946105957,0,QB
201901918,Bryson Lucero,2019,PRO,0.823,50.1525,1,0.4617522954940796,0,QB
201901956,Mariano Valenti,2019,DUAL,0.8215,41.4213,1,0.5168989300727844,1,QB
201901966,Grant Wells,2019,PRO,0.8215,63.2236,1,0.4352295696735382,0,QB
201902004,JP Andrade,2019,PRO,0.82,0.0,0,0.49536463618278503,0,QB
201902041,Peyton Thompson,2019,PRO,0.82,0.0,0,0.4780636131763458,0,QB
201902061,Suddin Sapien,2019,PRO,0.8193,0.0,0,0.22298039495944977,0,QB
201902084,Collin Schlee,2019,PRO,0.8167,59.5522,1,0.300409734249115,0,QB
201902106,John Gordon McKernan,2019,PRO,0.8167,0.0,0,0.6552985906600952,1,QB
201902177,Logan Holgorsen,2019,PRO,0.8137,37.022,1,0.44924941658973694,0,QB
201902178,Cooper Legas,2019,DUAL,0.8133,58.2148,1,0.6046988368034363,1,QB
201902180,Zach Daniel,2019,PRO,0.8133,0.0,0,0.6261382102966309,1,QB
201902195,Daniel Richardson,2019,DUAL,0.8117,62.3496,1,0.4901069700717926,0,QB
201902221,Kurtis Rourke,2019,PRO,0.8115,66.9119,1,0.5271912217140198,1,QB
201902270,Zach Gibson,2019,PRO,0.8106,59.3417,1,0.5337684750556946,1,QB
201902288,Jarrett Guest,2019,PRO,0.8104,46.834,1,0.5346229076385498,1,QB
201902321,Jayden Clemons,2019,DUAL,0.81,31.6615,1,0.4832194745540619,0,QB
201902364,Alec Trujillo,2019,PRO,0.8085,0.0,0,0.5288428664207458,1,QB
201902378,Maasai Maynor,2019,DUAL,0.8067,44.7715,1,0.48610228300094604,0,QB
201902474,Alex Flinn,2019,PRO,0.8033,50.9562,1,0.5674487948417664,1,QB
201902475,Gavin Screws,2019,PRO,0.8033,0.0,0,0.5250952839851379,1,QB
201902480,Eddie Schott,2019,PRO,0.8019,0.0,0,0.2750864326953888,0,QB
201902488,Johnathan Bennett,2019,PRO,0.8017,46.7892,1,0.49948006868362427,0,QB
201902599,Blake Archuleta,2019,DUAL,0.8,0.0,0,0.4914746880531311,0,QB
201902655,Scott Harris,2019,DUAL,0.8,0.0,0,0.42362743616104126,0,QB
201902672,Drew Leszczynski,2019,PRO,0.8,0.0,0,0.3965540826320648,0,QB
201902702,Boone Abbott,2019,DUAL,0.7983,0.0,0,0.45673733949661255,0,QB
201902711,Mark Nondorf,2019,PRO,0.7974,0.0,0,0.3910646438598633,0,QB
201902736,Alex Meredith,2019,PRO,0.7956,0.0,0,0.3326653838157654,0,QB
201902800,Cedric Case,2019,PRO,0.7944,23.686,1,0.3903152346611023,0,QB
201902887,Grayson McCall,2019,DUAL,0.7906,69.8602,1,0.6697300672531128,1,QB
201902995,Jackson Chryst,2019,PRO,0.79,0.0,0,0.5071472525596619,1,QB
201902997,Jovoni Johnson,2019,PRO,0.79,43.1585,1,0.2759782075881958,0,QB
201902999,Eric Wenzel,2019,PRO,0.79,0.0,0,0.38206908106803894,0,QB
201903083,Joe Green,2019,PRO,0.7883,0.0,0,0.577443540096283,1,QB
201903106,Grant Gremel,2019,PRO,0.7867,48.6489,1,0.25627386569976807,0,QB
201903172,Jack Zergiotis,2019,DUAL,0.7844,53.3194,1,0.43497854471206665,0,QB
201903227,Stone Hollenbach,2019,PRO,0.7806,0.0,0,0.3083566725254059,0,QB
201903237,Devin Larsen,2019,PRO,0.78,0.0,0,0.3938526511192322,0,QB
201903278,Chase Artopoeus,2019,PRO,0.78,0.0,0,0.3612639904022217,0,QB
201903386,Blake Kirshner,2019,PRO,0.78,0.0,0,0.1613040417432785,0,QB
201903437,Will Bowers,2019,DUAL,0.7783,0.0,0,0.41280606389045715,0,QB
201903442,Natano Woods,2019,PRO,0.7783,0.0,0,0.13902348279953003,0,QB
201903452,Christopher Kaminski,2019,PRO,0.7783,0.0,0,0.2724636495113373,0,QB
201903497,Tanner McGee,2019,DUAL,0.7733,42.6847,1,0.3564971089363098,0,QB
201903526,A.J. Gucciardo,2019,PRO,0.77,0.0,0,0.3895457088947296,0,QB
201903612,Will Jontz,2019,DUAL,0.77,0.0,0,0.4231618344783783,0,QB
201903673,Carson Collins,2019,PRO,0.7683,0.0,0,0.2513582110404968,0,QB
201903848,Garrett Dzuro,2019,PRO,0.76,42.8852,1,0.39220476150512695,0,QB
201903922,Nathan Priestley,2019,PRO,0.75,43.7215,1,0.22553731501102448,0,QB
201904010,Jesse Martineau,2019,PRO,0.73,0.0,0,0.2406361997127533,0,QB
201904043,KaRon Coleman,2019,PRO,0.72,0.0,0,0.2977473735809326,0,QB
202000002,Bryce Young,2020,DUAL,0.9994,85.1799,1,0.9652413129806519,1,QB
202000010,DJ Uiagalelei,2020,PRO,0.9949,72.4608,1,0.9512418508529663,1,QB
202000042,C.J. Stroud,2020,PRO,0.9779,86.4856,1,0.9678699374198914,1,QB
202000059,Hudson Card,2020,DUAL,0.9721,66.5843,1,0.9803228378295898,1,QB
202000073,Ja'Quinden Jackson,2020,DUAL,0.9663,41.893,1,0.9567580819129944,1,QB
202000086,Luke Doty,2020,DUAL,0.9631,47.1026,1,0.9739834666252136,1,QB
202000099,Harrison Bailey,2020,PRO,0.9555,54.3907,1,0.9726608991622925,1,QB
202000121,Ethan Garbers,2020,PRO,0.9474,61.6923,1,0.972815990447998,1,QB
202000131,Haynes King,2020,DUAL,0.9397,78.0845,1,0.8758116364479065,1,QB
202000147,Jay Butterfield,2020,PRO,0.9352,41.8671,1,0.9747810363769531,1,QB
202000164,Shane Illingworth,2020,PRO,0.9295,54.9341,1,0.9330450892448425,1,QB
202000174,Evan Prater,2020,DUAL,0.9279,45.5161,1,0.96103835105896,1,QB
202000196,Chubba Purdy,2020,DUAL,0.9227,47.0579,1,0.9745268225669861,1,QB
202000204,Malik Hornsby,2020,DUAL,0.9208,42.7601,1,0.9759259819984436,1,QB
202000207,Anthony Richardson,2020,DUAL,0.9204,64.0454,1,0.947227954864502,1,QB
202000227,Tyler Van Dyke,2020,PRO,0.9173,68.647,1,0.972282886505127,1,QB
202000228,Jeff Sims,2020,DUAL,0.917,65.9528,1,0.9592753648757935,1,QB
202000230,Drew Pyne,2020,PRO,0.9165,60.3874,1,0.9508925676345825,1,QB
202000254,Carson Beck,2020,PRO,0.9095,83.1955,1,0.8970520496368408,1,QB
202000256,Max Johnson,2020,PRO,0.9091,68.7433,1,0.8872591853141785,1,QB
202000263,Parker McQuarrie,2020,PRO,0.9076,0.0,0,0.9265981316566467,1,QB
202000266,Michael Alaimo,2020,PRO,0.9072,46.1341,1,0.9439141154289246,1,QB
202000267,Jacolby Criswell,2020,DUAL,0.907,57.9158,1,0.9390772581100464,1,QB
202000297,Logan Smothers,2020,DUAL,0.9016,47.0356,1,0.9381814002990723,1,QB
202000306,Robby Ashford,2020,DUAL,0.9006,64.5603,1,0.8794710040092468,1,QB
202000308,Hunter Dekkers,2020,DUAL,0.9006,62.9692,1,0.8903639912605286,1,QB
202000374,Mason Garcia,2020,PRO,0.8933,43.3801,1,0.8255921602249146,1,QB
202000443,Deuce Hogan,2020,PRO,0.8867,31.7123,1,0.7359640598297119,1,QB
202000459,Micah Bowens,2020,DUAL,0.8852,0.0,0,0.8234889507293701,1,QB
202000465,Brendon Lewis,2020,DUAL,0.8847,65.3496,1,0.8480718731880188,1,QB
202000466,Jayden de Laura,2020,PRO,0.8844,70.0762,1,0.855612576007843,1,QB
202000481,Beau Allen,2020,PRO,0.8833,43.2818,1,0.8789573311805725,1,QB
202000485,Chandler Morris,2020,DUAL,0.8827,69.3385,1,0.7360094785690308,1,QB
202000494,TJ Finley,2020,PRO,0.8826,64.3522,1,0.6953334212303162,1,QB
202000507,Ken Seals,2020,PRO,0.8815,61.488,1,0.8608261346817017,1,QB
202000525,Mike Wright Jr.,2020,DUAL,0.88,61.459,1,0.674822986125946,1,QB
202000546,Luca Diamont,2020,DUAL,0.8785,41.6583,1,0.8287034630775452,1,QB
202000575,Garrett Greene,2020,DUAL,0.877,66.6248,1,0.849632978439331,1,QB
202000603,Mitch Griffis,2020,DUAL,0.8752,57.522,1,0.7153332233428955,1,QB
202000635,Aidan Bouman,2020,PRO,0.8726,0.0,0,0.7877902388572693,1,QB
202000639,Will Rogers,2020,PRO,0.8726,86.0174,1,0.838507890701294,1,QB
202000653,Tate Rodemaker,2020,PRO,0.8719,53.0984,1,0.7467532157897949,1,QB
202000702,Wilson Long,2020,PRO,0.8696,0.0,0,0.8893663287162781,1,QB
202000722,Tee Webb,2020,PRO,0.8685,27.202,1,0.6931535601615906,1,QB
202000738,Blake Shapen,2020,PRO,0.8685,74.5492,1,0.6969354152679443,1,QB
202000739,Chayil Garnett,2020,DUAL,0.8685,0.0,0,0.8583035469055176,1,QB
202000745,Ben Finley,2020,PRO,0.8681,61.4011,1,0.7827519178390503,1,QB
202000752,Brady Cook,2020,PRO,0.8681,74.7253,1,0.8079602718353271,1,QB
202000761,Ben Gulbranson,2020,PRO,0.8674,60.7476,1,0.8945147395133972,1,QB
202000788,Keilon Brown,2020,DUAL,0.8663,0.0,0,0.7744441628456116,1,QB
202000812,Eli Williams,2020,DUAL,0.8652,0.0,0,0.7552380561828613,1,QB
202000887,Will Howard,2020,PRO,0.8622,81.0439,1,0.8651931881904602,1,QB
202000916,Will Plummer,2020,PRO,0.8607,54.6843,1,0.8026716113090515,1,QB
202000920,Deuce Spann,2020,DUAL,0.8604,37.2223,1,0.8779679536819458,1,QB
202000945,Katravis Marsh,2020,PRO,0.8593,51.5869,1,0.8447993397712708,1,QB
202000980,Gavin Hall,2020,PRO,0.8583,0.0,0,0.802341103553772,1,QB
202000983,Dustin Fletcher,2020,DUAL,0.8581,47.2364,1,0.8076903223991394,1,QB
202001003,Evan Simon,2020,PRO,0.8574,62.7186,1,0.7379263043403625,1,QB
202001039,Tucker Gleason,2020,DUAL,0.8563,62.5024,1,0.698282778263092,1,QB
202001040,Sol-Jay Maiava-Peters,2020,DUAL,0.8563,0.0,0,0.8145211338996887,1,QB
202001081,Kade Renfro,2020,PRO,0.8544,0.0,0,0.7669844627380371,1,QB
202001084,Dexter Williams II,2020,DUAL,0.8544,53.4524,1,0.47583967447280884,0,QB
202001137,Carl Richardson,2020,PRO,0.8522,33.4061,1,0.6979508996009827,1,QB
202001159,Tucker Melton,2020,PRO,0.8519,24.7153,1,0.4500463306903839,0,QB
202001205,Daylin McLemore,2020,DUAL,0.85,0.0,0,0.6962010860443115,1,QB
202001206,Dan Villari,2020,PRO,0.85,44.8653,1,0.71202552318573,1,QB
202001243,Haden Carlson,2020,PRO,0.85,34.2529,1,0.7807900309562683,1,QB
202001248,Noah Kim,2020,PRO,0.8496,59.5787,1,0.673984944820404,1,QB
202001345,Caleb Holstein,2020,PRO,0.8463,0.0,0,0.6729604601860046,1,QB
202001365,Michael Pratt,2020,PRO,0.8452,72.2555,1,0.608712911605835,1,QB
202001380,Brett Nezat,2020,PRO,0.8444,0.0,0,0.39941492676734924,0,QB
202001416,Kyle Toole,2020,PRO,0.8433,0.0,0,0.6368186473846436,1,QB
202001424,Zach Johnson,2020,DUAL,0.8433,0.0,0,0.7563004493713379,1,QB
202001456,JD Head,2020,PRO,0.8422,49.0424,1,0.6142452955245972,1,QB
202001462,Parker Navarro,2020,PRO,0.8422,58.4666,1,0.5720286965370178,1,QB
202001476,Zo Wallace,2020,PRO,0.8417,0.0,0,0.6385868191719055,1,QB
202001488,Doug Brumfield,2020,PRO,0.8411,55.6225,1,0.6198641657829285,1,QB
202001609,Jack Salopek,2020,PRO,0.8378,48.627,1,0.6823145747184753,1,QB
202001651,Justin Ibieta,2020,PRO,0.8367,40.1403,1,0.5272501111030579,1,QB
202001719,Taji Hudson,2020,DUAL,0.8344,34.3752,1,0.6379794478416443,1,QB
202001721,Riley Keller,2020,PRO,0.8341,0.0,0,0.7698290944099426,1,QB
202001763,Mikele Colasurdo,2020,PRO,0.8326,39.3663,1,0.7535881996154785,1,QB
202001795,Roman Fuller,2020,PRO,0.8317,30.8142,1,0.6656216979026794,1,QB
202001842,Matthew Duncan,2020,PRO,0.8304,0.0,0,0.7763919234275818,1,QB
202001884,Dillon Markiewicz,2020,PRO,0.83,0.0,0,0.7577393651008606,1,QB
202001890,Griffin Brewster,2020,PRO,0.83,0.0,0,0.6824676394462585,1,QB
202001932,Reese Poffenbarger,2020,PRO,0.8283,32.0125,1,0.657459020614624,1,QB
202002002,Matthew Rueve,2020,PRO,0.8259,0.0,0,0.6801964640617371,1,QB
202002050,Elijah Gainey,2020,PRO,0.8244,34.456,1,0.34603896737098694,0,QB
202002061,Nolan Mclean,2020,PRO,0.8237,0.0,0,0.3890742063522339,0,QB
202002124,Baron May,2020,DUAL,0.8215,0.0,0,0.642734169960022,1,QB
202002262,JaCobian Morgan,2020,PRO,0.8181,45.9975,1,0.7139368653297424,1,QB
202002270,Eli Sammons,2020,PRO,0.8178,0.0,0,0.5707014203071594,1,QB
202002280,Jalon Daniels,2020,DUAL,0.817,77.0733,1,0.7514026165008545,1,QB
202002349,Gavin Beerup,2020,PRO,0.8152,5.4756,0,0.5739822387695312,1,QB
202002353,Dominique Anthony,2020,PRO,0.815,0.0,0,0.2204563170671463,0,QB
202002357,Tyler Pape,2020,PRO,0.8148,0.0,0,0.5731619596481323,1,QB
202002389,Cameron Peters,2020,PRO,0.8137,0.0,0,0.5562902092933655,1,QB
202002408,Garrett Kahmann,2020,PRO,0.8126,0.0,0,0.3764335513114929,0,QB
202002435,Hunter Helms,2020,PRO,0.8117,45.493,1,0.3818524479866028,0,QB
202002574,Beau Nelson,2020,DUAL,0.81,0.0,0,0.5080448985099792,1,QB
202002594,Jalan Early,2020,PRO,0.81,0.0,0,0.5005326271057129,1,QB
202002606,CJ Harris,2020,DUAL,0.8096,48.824,1,0.5225377082824707,1,QB
202002619,Ryan Stubblefield,2020,PRO,0.8093,0.0,0,0.6000758409500122,1,QB
202002623,Joey Marousek,2020,DUAL,0.8085,0.0,0,0.624457061290741,1,QB
202002697,Cooper Justice,2020,PRO,0.8056,0.0,0,0.3106091022491455,0,QB
202002743,Jackson Muschamp,2020,PRO,0.8037,0.0,0,0.3950325548648834,0,QB
202002787,Jonathan Senecal,2020,DUAL,0.8007,0.0,0,0.5861218571662903,1,QB
202002790,Will Koch,2020,PRO,0.8007,47.1472,1,0.4998008906841278,0,QB
202002791,Hayes Crockett,2020,PRO,0.8007,0.0,0,0.36343368887901306,0,QB
202002848,Lonenoa Faoa,2020,PRO,0.8,0.0,0,0.28661853075027466,0,QB
202002880,Marshall Eucker,2020,PRO,0.8,0.0,0,0.3984985053539276,0,QB
202002895,Max Marsh,2020,PRO,0.8,0.0,0,0.46061399579048157,0,QB
202002932,Sawyer Pate,2020,PRO,0.8,0.0,0,0.5187211036682129,1,QB
202003002,Grady Robison,2020,DUAL,0.7983,0.0,0,0.4328574538230896,0,QB
202003027,John Meagher,2020,DUAL,0.7956,0.0,0,0.40157124400138855,0,QB
202003125,Luke MacPhail,2020,PRO,0.79,24.4979,1,0.2687545418739319,0,QB
202003247,Sean Brown,2020,PRO,0.79,0.0,0,0.3664739727973938,0,QB
202003337,Isaiah Knowles,2020,PRO,0.7889,0.0,0,0.7387632727622986,1,QB
202003341,RJ Rosales,2020,PRO,0.7889,0.0,0,0.7150317430496216,1,QB
202003344,Logan Fife,2020,DUAL,0.7883,54.4809,1,0.8056508898735046,1,QB
202003369,Quincy Bonner,2020,DUAL,0.7844,0.0,0,0.7537708282470703,1,QB
202003373,Darius Ocean,2020,PRO,0.7844,28.7445,1,0.27710554003715515,0,QB
202003637,Cody Cater,2020,PRO,0.77,0.0,0,0.536932647228241,1,QB
202003648,Connor Cigelske,2020,DUAL,0.77,42.1768,1,0.4618816673755646,0,QB
202003709,Logan Clouse,2020,PRO,0.7683,0.0,0,0.3734606206417084,0,QB
202003717,RJ Glod,2020,PRO,0.7683,0.0,0,0.28328946232795715,0,QB
202003739,Kody Sparks,2020,PRO,0.7667,0.0,0,0.29039695858955383,0,QB
202003878,Ahlon Mitchell,2020,DUAL,0.74,0.0,0,0.3637292683124542,0,QB
202003927,Peyton Smith,2020,PRO,0.7,0.0,0,0.4382505416870117,0,QB
202100007,Caleb Williams,2021,QB,0.9969,91.7928,1,0.9757429957389832,1,QB
202100012,Sam Huard,2021,QB,0.9935,33.4498,1,0.9721521735191345,1,QB
202100017,Brock Vandagriff,2021,QB,0.9908,57.1333,1,0.9414348602294922,1,QB
202100025,J.J. McCarthy,2021,QB,0.9866,70.6938,1,0.9674814343452454,1,QB
202100028,Kyle McCord,2021,QB,0.9858,75.2765,1,0.9290626645088196,1,QB
202100040,Ty Thompson,2021,QB,0.9809,46.2023,1,0.9638957977294922,1,QB
202100048,Jake Garcia,2021,QB,0.9761,55.53,1,0.9636591076850891,1,QB
202100056,Drake Maye,2021,QB,0.9724,77.9505,1,0.9667073488235474,1,QB
202100069,Jaxson Dart,2021,QB,0.9693,79.744,1,0.9704638719558716,1,QB
202100071,Tyler Buchner,2021,QB,0.9684,53.4968,1,0.9668259024620056,1,QB
202100076,Miller Moss,2021,QB,0.9663,68.4099,1,0.9653016924858093,1,QB
202100082,Jalen Milroe,2021,QB,0.9631,68.5516,1,0.9681339859962463,1,QB
202100084,Garrett Nussmeier,2021,QB,0.9624,70.7519,1,0.9611524343490601,1,QB
202100111,Preston Stone,2021,QB,0.9497,64.6303,1,0.9619236588478088,1,QB
202100134,Sawyer Robertson,2021,QB,0.9392,71.5379,1,0.9707282185554504,1,QB
202100148,Carlos Del Rio-Wilson,2021,QB,0.9357,57.8663,1,0.9630687236785889,1,QB
202100149,Behren Morton,2021,QB,0.9356,71.601,1,0.9662739634513855,1,QB
202100171,Eli Stowers,2021,QB,0.9267,37.5506,1,0.9011402130126953,1,QB
202100196,Luke Altmyer,2021,QB,0.9219,72.121,1,0.9207801222801208,1,QB
202100204,Jake Rubley,2021,QB,0.9204,34.0048,1,0.9700992107391357,1,QB
202100205,Gavin Wimsatt,2021,QB,0.9201,59.6583,1,0.9786024689674377,1,QB
202100223,Donaven McCulley,2021,QB,0.9167,51.4998,1,0.9677224159240723,1,QB
202100229,Dematrius Davis Jr.,2021,QB,0.9148,0.0,0,0.9556912779808044,1,QB
202100247,Shedeur Sanders,2021,QB,0.9126,79.4127,1,0.9402957558631897,1,QB
202100256,Peter Costelli,2021,QB,0.9095,0.0,0,0.9429581761360168,1,QB
202100263,Kyron Drones,2021,QB,0.9087,68.5992,1,0.9275782704353333,1,QB
202100274,Aaron McLaughlin,2021,QB,0.9068,0.0,0,0.8367955684661865,1,QB
202100296,Kai Millner,2021,QB,0.9024,47.6584,1,0.9318646192550659,1,QB
202100349,Athan Kaliakmanis,2021,QB,0.8964,69.6485,1,0.7643770575523376,1,QB
202100374,Sam Jackson V,2021,QB,0.8929,53.519,1,0.7467982769012451,1,QB
202100384,Bubba Chandler,2021,QB,0.8919,0.0,0,0.8929730653762817,1,QB
202100388,Tyler Macon,2021,QB,0.8911,47.7248,1,0.7088685035705566,1,QB
202100405,Ari Patu,2021,QB,0.8894,48.5832,1,0.7222341895103455,1,QB
202100442,Christian Veilleux,2021,QB,0.8859,59.8718,1,0.7594687938690186,1,QB
202100479,Clay Millen,2021,QB,0.8826,52.3949,1,0.6650667786598206,1,QB
202100584,Ty Keyes,2021,QB,0.8752,48.188,1,0.6551433801651001,1,QB
202100626,Colten Gauthier,2021,QB,0.8733,0.0,0,0.6268322467803955,1,QB
202100637,Will Crowder,2021,QB,0.8726,56.5117,1,0.7077573537826538,1,QB
202100654,Kajiya Hollawayne,2021,QB,0.8719,0.0,0,0.6738200187683105,1,QB
202100656,Joe Labas,2021,QB,0.8719,54.4583,1,0.6066853404045105,1,QB
202100670,Chayden Peery,2021,QB,0.8707,0.0,0,0.5851367115974426,1,QB
202100683,Alex Honig,2021,QB,0.8704,0.0,0,0.4385727047920227,0,QB
202100692,Riley Leonard,2021,QB,0.8704,69.2371,1,0.6390745043754578,1,QB
202100695,Brendan Sullivan,2021,QB,0.8696,57.0609,1,0.5707510113716125,1,QB
202100709,Lucas Coley,2021,QB,0.8685,40.9126,1,0.6204695701599121,1,QB
202100741,Sam Vidlak,2021,QB,0.8674,26.0949,1,0.5845228433609009,1,QB
202100743,Finn Collins,2021,QB,0.8674,0.0,0,0.5316799879074097,1,QB
202100748,Maddox Kopp,2021,QB,0.867,0.0,0,0.6596179008483887,1,QB
202100774,Xavier Ward,2021,QB,0.8659,0.0,0,0.6341117024421692,1,QB
202100789,Trent Battle,2021,QB,0.8652,0.0,0,0.8055991530418396,1,QB
202100801,Jalen Kitna,2021,QB,0.8652,61.1999,1,0.6189742684364319,1,QB
202100831,Mikey Keene,2021,QB,0.8641,62.9062,1,0.7978762984275818,1,QB
202100863,Santino Marucci,2021,QB,0.8626,42.4066,1,0.817031741142273,1,QB
202100915,Kiael Kelly,2021,QB,0.8604,53.5634,1,0.8142174482345581,1,QB
202100926,Tahj Bullock,2021,QB,0.8596,39.7141,1,0.7068771123886108,1,QB
202100928,Kaiya Sheron,2021,QB,0.8596,44.0112,1,0.7833433747291565,1,QB
202100941,Justin Lamson,2021,QB,0.8589,55.0481,1,0.7480409145355225,1,QB
202100942,Jordan Moore,2021,QB,0.8589,39.4539,1,0.7687031030654907,1,QB
202100970,Braylon Braxton,2021,QB,0.8578,62.2283,1,0.6775551438331604,1,QB
202100971,Drew Carter,2021,QB,0.8578,36.2641,1,0.659041166305542,1,QB
202101013,Jaylen Henderson,2021,QB,0.8567,52.6801,1,0.6855230331420898,1,QB
202101017,Walter Simmons III,2021,QB,0.8563,0.0,0,0.7469015121459961,1,QB
202101024,Samari Collier,2021,QB,0.8563,50.9344,1,0.42774611711502075,0,QB
202101029,TJ Lewis,2021,QB,0.8559,0.0,0,0.7834385633468628,1,QB
202101080,Grayson James,2021,QB,0.8544,58.9776,1,0.6609131097793579,1,QB
202101091,DC Tabscott,2021,QB,0.8541,19.6426,0,0.8129578232765198,1,QB
202101217,Seth Henigan,2021,QB,0.85,72.8854,1,0.580628514289856,1,QB
202101224,Taylen Green,2021,QB,0.8493,69.9138,1,0.5993120074272156,1,QB
202101227,William Haskell,2021,QB,0.8489,30.8692,1,0.6864293813705444,1,QB
202101228,Brady Lichtenberg,2021,QB,0.8489,45.47,1,0.592486560344696,1,QB
202101293,Daniel Greek,2021,QB,0.8467,0.0,0,0.5775120258331299,1,QB
202101301,Kai Horton,2021,QB,0.8467,50.3045,1,0.5236542224884033,1,QB
202101310,Timmy McClain,2021,QB,0.8463,58.8745,1,0.6782138347625732,1,QB
202101314,Cameron Friel,2021,QB,0.8463,51.9139,1,0.6000810265541077,1,QB
202101327,Zy McDonald,2021,QB,0.8456,0.0,0,0.5947006940841675,1,QB
202101407,Brayden Schager,2021,QB,0.8422,61.9881,1,0.7482727766036987,1,QB
202101409,Conrad Hawley,2021,QB,0.8422,0.0,0,0.5000054836273193,1,QB
202101427,Wyatt Begeal,2021,QB,0.8415,19.6426,0,0.5540688633918762,1,QB
202101433,Walker Eget,2021,QB,0.8415,58.265,1,0.5548593401908875,1,QB
202101448,Eddie Lee Marburger,2021,QB,0.8411,45.9291,1,0.5786249041557312,1,QB
202101461,Nicholas Vattiato,2021,QB,0.8407,61.517,1,0.6569123268127441,1,QB
202101502,Justin Lynch,2021,QB,0.8389,46.7218,1,0.5267631411552429,1,QB
202101517,Ian Kipp,2021,QB,0.8383,0.0,0,0.5726616382598877,1,QB
202101522,Bryce Drummond,2021,QB,0.8381,0.0,0,0.6624588370323181,1,QB
202101537,Ty Lyles,2021,QB,0.837,0.0,0,0.5600641369819641,1,QB
202101562,Cole Lourd,2021,QB,0.8367,0.0,0,0.6076345443725586,1,QB
202101591,Cam'Ron Ransom,2021,QB,0.8356,48.5613,1,0.7235655784606934,1,QB
202101596,Billy Edwards Jr.,2021,QB,0.8356,62.1078,1,0.5104735493659973,1,QB
202101597,Emmett Morehead,2021,QB,0.8356,54.5486,1,0.23580525815486908,0,QB
202101600,Quayde Hawkins,2021,QB,0.8356,0.0,0,0.6700595617294312,1,QB
202101623,Ben Easters,2021,QB,0.8344,0.0,0,0.6133022904396057,1,QB
202101646,Jack Brandon,2021,QB,0.8333,0.0,0,0.6651225686073303,1,QB
202101657,Nate Hampton,2021,QB,0.8333,33.2739,1,0.2871572971343994,0,QB
202101717,Ethan Hampton,2021,QB,0.8315,55.2082,1,0.6141049861907959,1,QB
202101722,Hunter Herring,2021,QB,0.8315,38.8622,1,0.5863322615623474,1,QB
202101754,Chance McDonald,2021,QB,0.8304,0.0,0,0.6834477782249451,1,QB
202101767,CJ Montes,2021,QB,0.8293,33.7091,1,0.7195631265640259,1,QB
202101809,Cam Fancher,2021,QB,0.8281,59.9524,1,0.6262115240097046,1,QB
202101854,Shawqi Itraish,2021,QB,0.8263,32.8224,1,0.6143283247947693,1,QB
202101863,Trevor Appelman,2021,QB,0.8259,0.0,0,0.6096789240837097,1,QB
202101925,Jase Bauer,2021,QB,0.8237,53.2752,1,0.6121419668197632,1,QB
202101970,Seth Smith,2021,QB,0.8217,0.0,0,0.6719016432762146,1,QB
202101980,Elijah Wesley,2021,QB,0.8207,0.0,0,0.6219135522842407,1,QB
202102029,Brian Plummer,2021,QB,0.8193,22.9155,1,0.6886866092681885,1,QB
202102035,Xavier Williams,2021,QB,0.8189,44.8184,1,0.7060678005218506,1,QB
202102051,Henry Hesson,2021,QB,0.8181,40.4748,1,0.47505587339401245,0,QB
202102064,Billy Wiles,2021,QB,0.817,55.3228,1,0.6576465368270874,1,QB
202102110,Ron Powlus III,2021,QB,0.8159,0.0,0,0.46930408477783203,0,QB
202102112,Austin Smith,2021,QB,0.8159,51.8267,1,0.4904240369796753,0,QB
202102131,Matthew Geeting,2021,QB,0.8148,0.0,0,0.5236064791679382,1,QB
202102137,Mareyohn Hrabowski,2021,QB,0.8148,39.3955,1,0.4390181005001068,0,QB
202102150,Dylan Mehrotra,2021,QB,0.8148,0.0,0,0.30907896161079407,0,QB
202102151,Drew Scolari,2021,QB,0.8148,0.0,0,0.35257890820503235,0,QB
202102215,Tyler Phommachanh,2021,QB,0.8115,47.3255,1,0.5290934443473816,1,QB
202102228,Jakolby Longino,2021,QB,0.8115,0.0,0,0.5297034382820129,1,QB
202102232,Zach Shaw,2021,QB,0.8115,0.0,0,0.4214843213558197,0,QB
202102253,Colt Fulton,2021,QB,0.8106,30.9782,1,0.45152750611305237,0,QB
202102260,Bear Milacek,2021,QB,0.8096,0.0,0,0.5153647065162659,1,QB
202102271,Evan Olaes,2021,QB,0.8089,40.3361,1,0.48363685607910156,0,QB
202102289,Brady Olson,2021,QB,0.8081,49.9569,1,0.4397183954715729,0,QB
202102310,Gage Michael,2021,QB,0.8074,0.0,0,0.5081709027290344,1,QB
202102328,Jack Shields,2021,QB,0.8067,40.9397,1,0.4144625961780548,0,QB
202102363,Kamell Smith,2021,QB,0.8056,0.0,0,0.5793452858924866,1,QB
202102421,Simeon Evans,2021,QB,0.8006,0.0,0,0.41284140944480896,0,QB
202102543,Brady Hunt,2021,QB,0.7933,0.0,0,0.34630629420280457,0,QB
202102607,Zach Mundell,2021,QB,0.7856,31.5076,1,0.27876052260398865,0,QB
202102609,Gary Phillips,2021,QB,0.7856,0.0,0,0.47872990369796753,0,QB
