player_id,name,year,position,rating,position_group,contrib_prob_raw,contrib_odds_raw
202200095,Jake Johnson,2022,TE,0.9587,TE,0.8953545,8.556073
202200100,Oscar Delp,2022,TE,0.9577,TE,0.9000084,9.000838
202200102,Jaleel Skinner,2022,TE,0.9562,TE,0.9290387,13.092189
202200105,Donovan Green,2022,TE,0.9554,TE,0.9030336,9.312852
202200173,Eli Raridon,2022,TE,0.931,TE,0.9122917,10.40143
202200216,Theo Melin Ohrstrom,2022,TE,0.9162,TE,0.9086464,9.946477
202200236,Keyan Burnett,2022,TE,0.9127,TE,0.8982416,8.827196
202200248,Jack Pedersen,2022,TE,0.9107,TE,0.90846306,9.924551
202200252,Jerry Cross,2022,TE,0.9099,TE,0.8939297,8.4277115
202200259,Ryan Otton,2022,TE,0.9085,TE,0.924532,12.2506485
202200288,Holden Staes,2022,TE,0.9026,TE,0.87646025,7.094561
202200296,Sam Roush,2022,TE,0.9018,TE,0.89943254,8.943574
202200300,Elijah Brown,2022,TE,0.9012,TE,0.8694548,6.660182
202200303,Colston Loveland,2022,TE,0.9011,TE,0.8878138,7.913753
202200306,Carsen Ryan,2022,TE,0.901,TE,0.9058896,9.625814
202200314,Benji Gosnell,2022,TE,0.9,TE,0.8944847,8.477299
202200319,Kaden Helms,2022,TE,0.9,TE,0.91787255,11.176197
202200345,RJ Maryland,2022,TE,0.8978,TE,0.8548368,5.888799
202200403,Micah Riley,2022,TE,0.8922,TE,0.894694,8.496133
202200408,Bennett Christian,2022,TE,0.8917,TE,0.89184844,8.2462845
202200427,Jason Llewellyn,2022,TE,0.89,TE,0.8559175,5.940469
202200447,Matt Ragan,2022,TE,0.8881,TE,0.92363346,12.09474
202200466,Andre Dollar,2022,TE,0.8859,TE,0.85360616,5.8308887
202200492,Mason Taylor,2022,TE,0.885,TE,0.81953704,4.5413036
202200497,Andrew Keller,2022,TE,0.8848,TE,0.9309281,13.47767
202200498,Corbin Page,2022,TE,0.8848,TE,0.75811505,3.134197
202200503,Brody Foley,2022,TE,0.8837,TE,0.86534226,6.4262347
202200527,Jack Nickel,2022,TE,0.8826,TE,0.86449945,6.380044
202200547,Kelsey Johnson,2022,TE,0.8815,TE,0.881149,7.413896
202200623,Danny Lewis Jr.,2022,TE,0.877,TE,0.805219,4.1339707
202200644,Ty Washington,2022,TE,0.8759,TE,0.8891265,8.019286
202200647,Dae'Quan Wright,2022,TE,0.8756,TE,0.8891265,8.019286
202200675,CJ Hawkins,2022,TE,0.8744,TE,0.95016795,19.067408
202200721,Sidney Mbanasor,2022,TE,0.8726,TE,0.9368102,14.825337
202200768,Ryan Miller,2022,TE,0.8704,TE,0.9036294,9.376611
202200770,Miller McCrumby,2022,TE,0.8704,TE,0.8586461,6.074442
202200771,Blake Gunter,2022,TE,0.8704,TE,0.7717574,3.3813035
202200776,Cael Vanderbush,2022,TE,0.8696,TE,0.8895903,8.057178
202200804,Jeremiah Franklin,2022,TE,0.8685,TE,0.8372384,5.1439543
202200806,Charlie Kenrich,2022,TE,0.8685,TE,0.8018247,4.046037
202200814,Chris Petrucci,2022,TE,0.8685,TE,0.866869,6.511397
202200815,Max Whisner,2022,TE,0.8685,TE,0.6871083,2.195994
202200821,Chance Bogan,2022,TE,0.8681,TE,0.82500565,4.7144704
202200833,Marcus Peterson,2022,TE,0.8674,TE,0.83511674,5.064897
202200849,Jack Velling,2022,TE,0.8667,TE,0.8675174,6.5481615
202200858,Karson Gay,2022,TE,0.8663,TE,0.82593817,4.745085
202200887,Cole Spence,2022,TE,0.8648,TE,0.91386765,10.61004
202200889,Wesley Williams,2022,TE,0.8648,TE,0.8223358,4.6285954
202200904,Austin Terry,2022,TE,0.8641,TE,0.8493913,5.639722
202200940,CJ Donaldson,2022,TE,0.863,TE,0.90057784,9.05812
202200979,Dax Courtney,2022,TE,0.8611,TE,0.94323194,16.61554
202201006,Kyirin Heath,2022,TE,0.86,TE,0.9193394,11.39763
202201016,Sean Sallis,2022,TE,0.8596,TE,0.87546146,7.0296426
202201048,Harrison Saint Germain,2022,TE,0.8585,TE,0.8367889,5.127034
202201049,Michael Masunas,2022,TE,0.8585,TE,0.92863727,13.012916
202201050,Chase Androff,2022,TE,0.8585,TE,0.9100901,10.122244
202201063,Cody Mladenka,2022,TE,0.8578,TE,0.8940456,8.438022
202201071,Jacob Newell,2022,TE,0.8578,TE,0.936816,14.826786
202201074,Nate Kurisky,2022,TE,0.8574,TE,0.88304967,7.550638
202201085,Zach Courtney,2022,TE,0.8567,TE,0.8264243,4.761175
202201090,Brodie Tagaloa,2022,TE,0.8567,TE,0.5104871,1.042847
202201126,Toby Payne,2022,TE,0.8556,TE,0.91523874,10.797842
202201146,Gabe Burkle,2022,TE,0.8544,TE,0.82183444,4.612757
202201162,Owen Anderson,2022,TE,0.8533,TE,0.9024259,9.24862
202201167,Brayden Loftin,2022,TE,0.8533,TE,0.92190987,11.805716
202201194,Logan Tanner,2022,TE,0.8522,TE,0.888105,7.936948
202201197,Addison Ostrenga,2022,TE,0.8522,TE,0.9439913,16.85437
202201199,Jeffrey Simmons,2022,TE,0.8522,TE,0.9369431,14.858696
202201206,Max Klare,2022,TE,0.8522,TE,0.8797738,7.317654
202201231,Jackson Long,2022,TE,0.8511,TE,0.8730258,6.875614
202201250,Jake McTaggart,2022,TE,0.8504,TE,0.91697305,11.044283
202201261,Mike Higgins,2022,TE,0.85,TE,0.91340953,10.548615
202201263,Jake Taylor,2022,TE,0.85,TE,0.94375044,16.777918
202201291,JT Seagreaves,2022,TE,0.8493,TE,0.91024476,10.141411
202201327,Jerrale Powers,2022,TE,0.8478,TE,0.8384541,5.190192
202201339,Tyler Powell,2022,TE,0.8478,TE,0.7734665,3.4143586
202201350,Tajae Broadie,2022,TE,0.8474,TE,0.83180195,4.945372
202201352,Nathan Jones,2022,TE,0.847,TE,0.72375464,2.6199703
202201355,Henry Boyer,2022,TE,0.8467,TE,0.6120677,1.5777694
202201367,Josh Sapp,2022,TE,0.8467,TE,0.75051713,3.0082912
202201370,Gracen Bell,2022,TE,0.8467,TE,0.88421464,7.6366706
202201375,Jordan Williams,2022,TE,0.8463,TE,0.9196359,11.443366
202201396,Grant Stevens,2022,TE,0.8456,TE,0.8296549,4.870435
202201399,Max Reese,2022,TE,0.8456,TE,0.8547278,5.88363
202201431,Harry Lodge,2022,TE,0.8433,TE,0.8188317,4.519729
202201455,Houston Thomas,2022,TE,0.8422,TE,0.7585234,3.1411881
202201464,Will Dixon,2022,TE,0.8417,TE,0.74364865,2.900896
202201466,Naivyan Cargill,2022,TE,0.8417,TE,0.89597833,8.613381
202201508,Terrance Carter Jr.,2022,TE,0.8393,TE,0.63135767,1.7126565
202201515,James Kyle,2022,TE,0.8389,TE,0.84004,5.251564
202201541,Michael Hawkins,2022,TE,0.8378,TE,0.83022135,4.8900223
202201555,Garrett Oakley,2022,TE,0.8374,TE,0.74254316,2.8841462
202201572,Matt Hoffman,2022,TE,0.8367,TE,0.7588409,3.1466405
202201592,Nason Coleman,2022,TE,0.8367,TE,0.7996295,3.9907548
202201654,Marquell Darnell,2022,TE,0.8328,TE,0.842911,5.3658185
202201670,John Vanisi,2022,TE,0.8317,TE,0.7731249,3.407711
202201685,Marques Dunn,2022,TE,0.8317,TE,0.72953844,2.6973832
202201692,Tabry Shettron,2022,TE,0.8315,TE,0.74763525,2.9625185
202201695,Bryan Henry,2022,TE,0.8315,TE,0.8507643,5.7008085
202201717,Merhauti Xepera,2022,TE,0.8304,TE,0.5598223,1.2718099
202201728,Jordan Morris,2022,TE,0.8296,TE,0.74630463,2.9417353
202201768,J.C. Sivley,2022,TE,0.8267,TE,0.8010443,4.026244
202201808,Marcus Vinson,2022,TE,0.8256,TE,0.75291395,3.047173
202201811,Corey Phillips,2022,TE,0.8256,TE,0.8303358,4.8939953
202201814,Andrew Lane,2022,TE,0.8256,TE,0.8249534,4.712764
202201834,Cam Ball,2022,TE,0.8237,TE,0.8790875,7.270444
202201874,Hayden Hansen,2022,TE,0.8215,TE,0.5239007,1.1004021
202201894,Connor Vaughn,2022,TE,0.82,TE,0.70931226,2.4401176
202201903,DeCorion Temple,2022,TE,0.8194,TE,0.85548353,5.9196267
202201920,Teigan Martin,2022,TE,0.817,TE,0.89476854,8.502861
202201947,Kaden Chidester,2022,TE,0.8156,TE,0.7879036,3.7148373
202201954,Kendrick Rucker,2022,TE,0.8156,TE,0.7893448,3.7470934
202201962,Jade Arroyo,2022,TE,0.8144,TE,0.82667315,4.7694464
202201965,Max Sullivan,2022,TE,0.8141,TE,0.7571815,3.1183028
202201986,Anthony Rucker,2022,TE,0.8117,TE,0.7939032,3.8520882
202201995,Stephen Daley,2022,TE,0.8117,TE,0.85212404,5.762424
202202001,Thomas Jewett,2022,TE,0.8117,TE,0.7074438,2.4181464
202202029,Tyler Dostin,2022,TE,0.8096,TE,0.6400346,1.7780449
202202037,Luke Seib,2022,TE,0.8093,TE,0.6676787,2.0091362
202202041,Cooper Ross,2022,TE,0.8089,TE,0.5615339,1.2806782
202202047,John Locke Jr.,2022,TE,0.8067,TE,0.6969171,2.2994275
202202069,Mohammed Hazime,2022,TE,0.8056,TE,0.6755931,2.0825484
202202071,Zach Person,2022,TE,0.8052,TE,0.6364653,1.7507691
202202120,Avion McBride,2022,TE,0.7989,TE,0.85341424,5.8219447
202202125,John Grant III,2022,TE,0.7983,TE,0.8364696,5.115071
202202166,JJ Bwire,2022,TE,0.7894,TE,0.86102337,6.195454
202202172,August Johanningsmeier,2022,TE,0.7894,TE,0.8993117,8.931643
202202178,Charlie Kreinbucher,2022,TE,0.7883,TE,0.7750142,3.4447253
202202179,Isaac Schoenfeld,2022,TE,0.7883,TE,0.76842207,3.3182008
202202183,Christoph Horton,2022,TE,0.7883,TE,0.7921773,3.8117943
202202198,Bruin Fleischmann,2022,TE,0.7833,TE,0.5669649,1.3092817
202300015,Duce Robinson,2023,TE,0.9875,TE,0.92028505,11.544698
202300072,Pearce Spurlin III,2023,TE,0.9633,TE,0.91216445,10.384912
202300106,Riley Williams,2023,TE,0.9481,TE,0.91216445,10.384912
202300111,Jelani Thurman,2023,TE,0.9474,TE,0.8850107,7.6964626
202300116,Walker Lyons,2023,TE,0.9452,TE,0.8811524,7.4141364
202300125,Andrew Rappleyea,2023,TE,0.9441,TE,0.8926205,8.312765
202300147,Ethan Davis,2023,TE,0.9383,TE,0.8850107,7.6964626
202300150,Ka'Morreun Pimpton,2023,TE,0.9366,TE,0.94343776,16.679638
202300153,Lawson Luckie,2023,TE,0.9361,TE,0.8890147,8.010204
202300175,Shamar Easter,2023,TE,0.9302,TE,0.8976457,8.769986
202300191,Luke Hasz,2023,TE,0.9256,TE,0.8577051,6.0276594
202300220,Ty Lockwood,2023,TE,0.9187,TE,0.8976457,8.769986
202300242,Brett Norfleet,2023,TE,0.9151,TE,0.9463682,17.64566
202300246,Mac Markway,2023,TE,0.9143,TE,0.84030765,5.2620406
202300258,Jaden Platt,2023,TE,0.9125,TE,0.91708744,11.060898
202300283,Cooper Flanagan,2023,TE,0.9082,TE,0.8896069,8.058537
202300308,Joey Schlaffer,2023,TE,0.9031,TE,0.95110595,19.452387
202300345,Brennan Parachek,2023,TE,0.8992,TE,0.86068475,6.177965
202300368,Juice Vereen,2023,TE,0.897,TE,0.8567936,5.9829273
202300414,Deakon Tonielli,2023,TE,0.8928,TE,0.93896616,15.384352
202300432,Olsen Patt-Henry,2023,TE,0.8919,TE,0.8996486,8.964984
202300442,Khamari Anderson,2023,TE,0.8908,TE,0.8828773,7.538054
202300447,Jackson Bowers,2023,TE,0.8905,TE,0.89148897,8.215653
202300461,Matthew Klopfenstein,2023,TE,0.8894,TE,0.8502555,5.678041
202300566,Jackson McGohan,2023,TE,0.8828,TE,0.8313642,4.9299393
202300581,Julien Randolph,2023,TE,0.8816,TE,0.9057751,9.612909
202300618,Jaden Hamm,2023,TE,0.8794,TE,0.8995185,8.95208
202300659,Markus Dixon,2023,TE,0.8778,TE,0.89476097,8.502177
202300682,CJ Jacobsen,2023,TE,0.8769,TE,0.9059704,9.634949
202300688,Jackson Carver,2023,TE,0.8769,TE,0.9534493,20.481958
202300694,Jayvontay Conner,2023,TE,0.8764,TE,0.89476097,8.502177
202300721,Connor Cox,2023,TE,0.8753,TE,0.95073825,19.299726
202300726,Chico Holt,2023,TE,0.875,TE,0.9481669,18.292694
202300757,Sam West,2023,TE,0.8739,TE,0.94212514,16.27866
202300760,Randy Pittman Jr.,2023,TE,0.8736,TE,0.8706007,6.7280173
202300763,Spencer Shannon,2023,TE,0.8736,TE,0.8883815,7.959087
202300764,Camp Magee,2023,TE,0.8736,TE,0.94179875,16.18176
202300786,Anthony Miller,2023,TE,0.8726,TE,0.93312263,13.952743
202300792,Zach Ortwerth,2023,TE,0.8722,TE,0.9276103,12.814116
202300794,Ismael Smith Flores,2023,TE,0.8722,TE,0.93425757,14.210876
202300819,George Burhenn,2023,TE,0.8714,TE,0.8991009,8.910892
202300855,Hawkins Polley,2023,TE,0.8694,TE,0.6347747,1.7380358
202300954,Grant Leeper,2023,TE,0.8658,TE,0.91282976,10.471805
202301001,Will Randle,2023,TE,0.8644,TE,0.84833103,5.5933065
202301023,Adam Moore,2023,TE,0.8636,TE,0.89272356,8.321712
202301056,Reid Mikeska,2023,TE,0.8625,TE,0.952532,20.06682
202301063,Vance Bolyard,2023,TE,0.8622,TE,0.94424146,16.934473
202301109,Ben Marshall,2023,TE,0.8606,TE,0.9527806,20.177738
202301129,Sam Peters,2023,TE,0.8597,TE,0.90739036,9.798012
202301148,Peter Clarke,2023,TE,0.8589,TE,0.76650256,3.2827022
202301154,Tripp Riordan,2023,TE,0.8589,TE,0.69957256,2.3285909
202301159,Dorian Thomas,2023,TE,0.8586,TE,0.8629028,6.294096
202301170,Cooper Jensen,2023,TE,0.8583,TE,0.9121688,10.385476
202301261,Josh Palmer,2023,TE,0.8552,TE,0.93811136,15.158055
202301264,Pierce Walsh,2023,TE,0.855,TE,0.8939644,8.430796
202301316,Will Anciaux,2023,TE,0.8531,TE,0.955035,21.239506
202301334,Tanner Lemaster,2023,TE,0.8519,TE,0.9198016,11.469075
202301369,Eli Finley,2023,TE,0.8511,TE,0.7648332,3.2523012
202301384,Logan Blake,2023,TE,0.8508,TE,0.95266914,20.127867
202301463,Saimone Davis,2023,TE,0.8483,TE,0.9107509,10.204598
202301468,David Clement,2023,TE,0.8483,TE,0.60562277,1.5356433
202301472,AJ Szymanski,2023,TE,0.8483,TE,0.6370158,1.754941
202301484,Cayden Dawson,2023,TE,0.8478,TE,0.7855009,3.6620238
202301485,Tucker Ashcraft,2023,TE,0.8478,TE,0.8747162,6.981879
202301503,Carson Rhodes,2023,TE,0.8475,TE,0.7235314,2.6170475
202301554,Andrew Metzger,2023,TE,0.8453,TE,0.79194677,3.8064623
202301559,Gabe Hoffmann,2023,TE,0.845,TE,0.68435335,2.1680996
202301603,Trent Thomas,2023,TE,0.8437,TE,0.8439156,5.4067893
202301663,Brennan Wooten,2023,TE,0.8411,TE,0.8405495,5.27154
202301684,Tyler Little,2023,TE,0.84,TE,0.6147427,1.5956678
202301726,TeKai Kirby,2023,TE,0.8378,TE,0.7297231,2.6999092
202301737,Matthew Fredrick,2023,TE,0.837,TE,0.81277496,4.341166
202301753,Braiden Staten,2023,TE,0.8367,TE,0.89430827,8.461478
202301755,Noah Braham,2023,TE,0.8367,TE,0.86435354,6.372105
202301776,Kamrean Johnson,2023,TE,0.8353,TE,0.8409743,5.2882905
202301806,Antonio Ferguson,2023,TE,0.8337,TE,0.89458877,8.486655
202301810,Oliver Fisher,2023,TE,0.8337,TE,0.8793967,7.2916455
202301811,Mason Williams,2023,TE,0.8337,TE,0.87767553,7.174979
202301818,Josh Phifer,2023,TE,0.8337,TE,0.86658716,6.4955306
202301826,Justyn Reid,2023,TE,0.8336,TE,0.8410686,5.2920237
202301864,Gerard Edimo,2023,TE,0.8306,TE,0.69897395,2.3219717
202301874,Exavious Reed,2023,TE,0.8304,TE,0.5349019,1.1500841
202301887,Jake Simpson,2023,TE,0.8304,TE,0.5264755,1.1118231
202301888,Nate Guinn,2023,TE,0.8304,TE,0.6383294,1.7649468
202301902,Nollenn Tabaska,2023,TE,0.83,TE,0.7814637,3.5758984
202301909,Matt Wagner,2023,TE,0.83,TE,0.74094874,2.8602397
202301931,Dante Barone,2023,TE,0.8275,TE,0.72880113,2.687331
202301938,Zeke Moore,2023,TE,0.827,TE,0.7012266,2.347018
202301947,Rowdy Beers,2023,TE,0.827,TE,0.65967077,1.9383312
202301948,Jackson Worley,2023,TE,0.827,TE,0.76751405,3.301335
202301961,Zeke Wimbush,2023,TE,0.8263,TE,0.69281524,2.25537
202301985,Ty Stamey,2023,TE,0.825,TE,0.82102066,4.5872374
202302031,Bo Burklow,2023,TE,0.8228,TE,0.75611347,3.1002674
202302051,Patrick Overmyer,2023,TE,0.8206,TE,0.6046806,1.5296001
202302057,Cedric Anton,2023,TE,0.8204,TE,0.6193286,1.6269377
202302063,Fin Jones,2023,TE,0.8204,TE,0.61150837,1.574058
202302086,Joshua Goines,2023,TE,0.8196,TE,0.7509369,3.0150473
202302094,Jack Parker,2023,TE,0.8186,TE,0.65870196,1.9299904
202302132,Jaden Mikhael,2023,TE,0.8156,TE,0.6507519,1.8632939
202302145,Jalyn Thompson,2023,TE,0.815,TE,0.78546387,3.6612196
202302157,Nathan VanTimmeren,2023,TE,0.8139,TE,0.8618469,6.2383475
202302161,Conner Cravaack,2023,TE,0.8137,TE,0.8029919,4.075934
202302172,Si Stovall,2023,TE,0.8128,TE,0.71146274,2.465757
202302183,Bryce Harrison,2023,TE,0.8104,TE,0.8809209,7.3977785
202302187,Devin Scura,2023,TE,0.8104,TE,0.6384268,1.7656915
202302197,Bryce Gilchrist,2023,TE,0.81,TE,0.75569475,3.0932398
202302224,Max Drag,2023,TE,0.8063,TE,0.48310298,0.93462133
202302229,Aiden Valdez,2023,TE,0.8056,TE,0.693962,2.2675679
202302238,Rory Callahan,2023,TE,0.8039,TE,0.727083,2.664118
202302257,Jay'shon Thomas,2023,TE,0.8006,TE,0.69247574,2.251776
202302270,James Falk,2023,TE,0.7989,TE,0.71793264,2.5452526
202302275,Will Monney,2023,TE,0.7983,TE,0.7488691,2.9819875
202302283,Jake Davies,2023,TE,0.7956,TE,0.7000413,2.3337922
202302302,Cody Smith,2023,TE,0.7883,TE,0.79508483,3.8800683
202302310,Brady Probst,2023,TE,0.7733,TE,0.6212779,1.6404587
202400040,Trey'Dez Green,2024,TE,0.9814,TE,0.91827697,11.236452
202400053,Caleb Odom,2024,TE,0.9753,TE,0.9340133,14.154571
202400055,Carter Nelson,2024,TE,0.9745,TE,0.9163535,10.955076
202400069,Jaden Reddell,2024,TE,0.9678,TE,0.9089337,9.98101
202400071,Luke Reynolds,2024,TE,0.9659,TE,0.9158127,10.878272
202400074,Christian Bentancur,2024,TE,0.964,TE,0.9067761,9.72686
202400087,Amir Jackson,2024,TE,0.9556,TE,0.90963554,10.066298
202400103,Landen Thomas,2024,TE,0.951,TE,0.90302974,9.31244
202400130,Brady Prieskorn,2024,TE,0.9407,TE,0.92028505,11.544698
202400147,Michael Smith,2024,TE,0.9361,TE,0.90302974,9.31244
202400154,Davon Mitchell,2024,TE,0.9341,TE,0.8577807,6.031394
202400185,Walter Matthews,2024,TE,0.9251,TE,0.9048286,9.5073595
202400252,Ryner Swanson,2024,TE,0.9125,TE,0.8801555,7.3441463
202400258,Maxence LeBlanc,2024,TE,0.9114,TE,0.91141784,10.288955
202400268,Jonathan Echols,2024,TE,0.9101,TE,0.8816107,7.4467087
202400274,Elija Lofton,2024,TE,0.9094,TE,0.914764,10.73213
202400277,Gavin Hoffman,2024,TE,0.9093,TE,0.93230593,13.772343
202400287,Joey Olsen,2024,TE,0.9085,TE,0.93230593,13.772343
202400291,Grant Stec,2024,TE,0.9076,TE,0.94772536,18.129734
202400296,KJ Duff,2024,TE,0.9073,TE,0.9259397,12.502507
202400300,Kylan Fox,2024,TE,0.9069,TE,0.921991,11.819032
202400330,Jordan Washington,2024,TE,0.9036,TE,0.8913567,8.204433
202400348,Hogan Hansen,2024,TE,0.9012,TE,0.94788104,18.186876
202400362,Beau Baker,2024,TE,0.9,TE,0.90802497,9.872516
202400383,Eric Karner,2024,TE,0.8983,TE,0.8863046,7.795432
202400428,Tayvion Galloway,2024,TE,0.8942,TE,0.81113654,4.294831
202400434,Dylan Mesman,2024,TE,0.8933,TE,0.8482561,5.590051
202400461,Roger Saleapaga,2024,TE,0.8917,TE,0.8924785,8.3004675
202400467,Damarion Witten,2024,TE,0.8908,TE,0.87984276,7.322428
202400481,Jack Larsen,2024,TE,0.89,TE,0.8951022,8.533089
202400488,Luke Harpring,2024,TE,0.89,TE,0.9067963,9.729185
202400543,A.J. Pugliano,2024,TE,0.8858,TE,0.8887111,7.985622
202400556,Jacorey Whitted,2024,TE,0.8853,TE,0.7716032,3.3783455
202400644,Colton Heinrich,2024,TE,0.8808,TE,0.8512573,5.72302
202400645,Jayden Fortier,2024,TE,0.8806,TE,0.91960156,11.438052
202400657,Jett Zabel,2024,TE,0.88,TE,0.9158539,10.884094
202400669,Rob Booker II,2024,TE,0.8794,TE,0.94320893,16.608402
202400713,Brycen Coleman,2024,TE,0.8776,TE,0.94212514,16.27866
202400714,Ian Flynt,2024,TE,0.8775,TE,0.8583726,6.060782
202400735,Gavin Grover,2024,TE,0.8764,TE,0.9421532,16.287046
202400775,Noah Onyia,2024,TE,0.875,TE,0.9537241,20.609514
202400796,Cooper Alexander,2024,TE,0.8744,TE,0.9320551,13.717812
202400797,Keelan Smith,2024,TE,0.8744,TE,0.93918693,15.443833
202400807,Jacob Simpson,2024,TE,0.8739,TE,0.94212514,16.27866
202400824,Decker DeGraaf,2024,TE,0.8733,TE,0.89642155,8.654518
202400834,Jay Lindsey,2024,TE,0.8731,TE,0.93867964,15.3077965
202400842,Willie Rodriguez,2024,TE,0.8728,TE,0.8549119,5.892365
202400887,Karsen Konkel,2024,TE,0.8714,TE,0.89442754,8.472167
202400954,Patrick Schaller,2024,TE,0.8689,TE,0.8811133,7.4113693
202400960,Michael Burt,2024,TE,0.8689,TE,0.82377607,4.674598
202400978,Dillon Hipp,2024,TE,0.8681,TE,0.68961155,2.2217693
202401003,Matt Ogunniyi,2024,TE,0.8675,TE,0.866869,6.511397
202401013,Benji Blackburn,2024,TE,0.8672,TE,0.86059195,6.173187
202401019,Trey Jackson,2024,TE,0.8672,TE,0.8615817,6.2244773
202401038,Whit Hafer,2024,TE,0.8664,TE,0.82377094,4.674433
202401060,Timothy Lawson,2024,TE,0.8658,TE,0.8272513,4.788756
202401069,Traville Frederick Jr.,2024,TE,0.8656,TE,0.7664389,3.281535
202401092,Keaton Roskop,2024,TE,0.8647,TE,0.8586082,6.072545
202401099,Brody Kosin,2024,TE,0.8644,TE,0.8982613,8.8291025
202401104,Cole Harrison,2024,TE,0.8642,TE,0.92335916,12.047873
202401110,Camden Jones,2024,TE,0.8639,TE,0.89936835,8.937231
202401141,Carson Bruhn,2024,TE,0.8631,TE,0.91869456,11.299299
202401155,Ryan Ward,2024,TE,0.8625,TE,0.73697436,2.8019106
202401181,David Prince,2024,TE,0.8617,TE,0.8985867,8.860639
202401256,Hubert Caliste Jr.,2024,TE,0.8597,TE,0.91035527,10.155146
202401270,Brett Elliott,2024,TE,0.8592,TE,0.8929829,8.344301
202401288,Jackson Ford,2024,TE,0.8589,TE,0.9017056,9.173522
202401315,Aiden Black,2024,TE,0.8581,TE,0.88304967,7.550638
202401333,Aidan Steinfeldt,2024,TE,0.8575,TE,0.9271552,12.727816
202401334,Luca Puccinelli,2024,TE,0.8575,TE,0.9264591,12.597871
202401348,Cole Snodgrass,2024,TE,0.8575,TE,0.8602737,6.15685
202401402,Wyatt Hook,2024,TE,0.8558,TE,0.9394766,15.522537
202401413,Kade Caton,2024,TE,0.8556,TE,0.6789668,2.1149428
202401465,Jewlyen Roberts,2024,TE,0.8542,TE,0.9005009,9.050342
202401492,John Rogers,2024,TE,0.8533,TE,0.8809185,7.39761
202401503,Jack Sammarco,2024,TE,0.8531,TE,0.92013633,11.521338
202401504,Josh Ford,2024,TE,0.8531,TE,0.89823765,8.826817
202401520,Monte Keener,2024,TE,0.8525,TE,0.9528739,20.219658
202401521,Khalil Witherspoon,2024,TE,0.8525,TE,0.9439913,16.85437
202401549,Kaleb Thomas,2024,TE,0.8517,TE,0.8876523,7.900937
202401551,Charlie Crowell,2024,TE,0.8517,TE,0.8256609,4.7359476
202401553,Jaden Landrum,2024,TE,0.8517,TE,0.9011134,9.112593
202401623,Jordan White,2024,TE,0.85,TE,0.8778885,7.189237
202401652,Ridge Barker,2024,TE,0.85,TE,0.9017003,9.172973
202401653,Malachi Thomas,2024,TE,0.85,TE,0.8287375,4.8389897
202401703,Gavin Chadwell,2024,TE,0.8478,TE,0.7763868,3.4720078
202401756,Jett Nelson,2024,TE,0.8461,TE,0.8779089,7.190604
202401770,Arthur Ban,2024,TE,0.8453,TE,0.7914122,3.7941437
202401813,Levi Smiley,2024,TE,0.8444,TE,0.6987263,2.3192408
202401815,Eli Sisson,2024,TE,0.8442,TE,0.7271636,2.6652002
202401836,Zach Meeks,2024,TE,0.8428,TE,0.9027584,9.283667
202401867,Luke Carter,2024,TE,0.8417,TE,0.54191864,1.1830183
202401876,Lane Wadle,2024,TE,0.8411,TE,0.64407676,1.8095946
202401904,Tyler Harrington,2024,TE,0.8404,TE,0.82379436,4.6751876
202401910,Jake Wilson,2024,TE,0.8404,TE,0.7756984,3.4582834
202401911,Kaden Anderson,2024,TE,0.8403,TE,0.842559,5.351585
202401913,Grayson Brousseau,2024,TE,0.8403,TE,0.7801771,3.5491168
202401965,Nate Markiewicz,2024,TE,0.84,TE,0.71433836,2.5006452
202401968,Griffin McLean,2024,TE,0.84,TE,0.79127735,3.7910469
202402001,Reed Jesiolowski,2024,TE,0.8397,TE,0.7722645,3.3910584
202402009,Victor Aderungboye,2024,TE,0.8394,TE,0.7724972,3.3955498
202402045,Tanner Hollinger,2024,TE,0.8372,TE,0.86234885,6.2647414
202402050,Michael Balogh,2024,TE,0.837,TE,0.8397245,5.239256
202402060,Travis Ambrose,2024,TE,0.837,TE,0.79753405,3.9391022
202402063,Brandon Young Jr.,2024,TE,0.8369,TE,0.7660285,3.2740252
202402152,Connie Hewitt II,2024,TE,0.8336,TE,0.8145955,4.393613
202402153,Nick Segarra,2024,TE,0.8336,TE,0.92533183,12.392588
202402188,Jaylin Ballew,2024,TE,0.8311,TE,0.76423585,3.241527
202402217,Daniel Evert,2024,TE,0.8304,TE,0.7285214,2.6835318
202402275,Trevor Ladd,2024,TE,0.83,TE,0.5816039,1.3900795
202402281,Will Miles,2024,TE,0.83,TE,0.5230605,1.096702
202402318,Jae Beasley II,2024,TE,0.8286,TE,0.70346785,2.3723156
202402324,Grant Laskey,2024,TE,0.8283,TE,0.5855963,1.413106
202402342,Jabari Bush,2024,TE,0.827,TE,0.5453586,1.1995357
202402353,Ludovic Martin,2024,TE,0.8264,TE,0.7629356,3.2182627
202402396,Hunter Teal,2024,TE,0.8244,TE,0.85508764,5.9007225
202402412,Braden Laux,2024,TE,0.8237,TE,0.73506737,2.7745445
202402422,Rhys Phillips,2024,TE,0.8236,TE,0.7709439,3.3657424
202402431,Dominic Deluca,2024,TE,0.823,TE,0.7844032,3.6382878
202402462,Hayden George,2024,TE,0.8206,TE,0.598117,1.4882864
202402463,Kealen Juniel,2024,TE,0.8206,TE,0.4950433,0.9803678
202402489,Chandler Wilson,2024,TE,0.8204,TE,0.68159425,2.140647
202402526,Alek Marshall,2024,TE,0.82,TE,0.7574971,3.1236615
202402540,Derek Jackson,2024,TE,0.82,TE,0.8076145,4.197897
202402576,Cooper Stevens,2024,TE,0.8192,TE,0.65816903,1.9254224
202402603,Jace Nixon,2024,TE,0.817,TE,0.8304684,4.898606
202402658,Jack Kelly,2024,TE,0.8139,TE,0.75527155,3.0861616
202402663,Joe Stein,2024,TE,0.8137,TE,0.87584454,7.054418
202402669,Clemens Richter,2024,TE,0.8137,TE,0.76179266,3.1980236
202402690,Eli Jacon-Duffy,2024,TE,0.8104,TE,0.6436112,1.8059243
202402697,James Rexroat,2024,TE,0.8104,TE,0.5291636,1.1238799
202402705,Javery Mayberry,2024,TE,0.81,TE,0.73119783,2.7202082
202402740,Kayden Stuit,2024,TE,0.81,TE,0.5109694,1.0448618
202402774,Kmare Balfour,2024,TE,0.81,TE,0.75569475,3.0932398
202402798,Brody Benke,2024,TE,0.8083,TE,0.50845885,1.0344176
202402805,AJ Miller,2024,TE,0.8063,TE,0.5823037,1.394084
202402806,Will Loerzel,2024,TE,0.8063,TE,0.6088256,1.5564047
202402841,Kameron Anthony,2024,TE,0.8022,TE,0.77518624,3.4481263
202402854,Mason Cowgill,2024,TE,0.8,TE,0.8364696,5.115071
202402890,Danny Sirmon,2024,TE,0.8,TE,0.7365111,2.7952263
202402933,Sawyer Barrington,2024,TE,0.8,TE,0.7473542,2.9581106
202402946,Joël van Gelder,2024,TE,0.8,TE,0.77493554,3.4431715
202402967,Alex Moore,2024,TE,0.7983,TE,0.7054807,2.395363
202402968,Chad Barham,2024,TE,0.7983,TE,0.69128877,2.239273
202402987,Isaiah Haithcock,2024,TE,0.79,TE,0.81117827,4.2960005
202403007,Bryce Jaworski,2024,TE,0.79,TE,0.8439081,5.4064813
202403023,Jackson Miller-Carpenter,2024,TE,0.79,TE,0.76101905,3.184434
202403036,Adam Molitor,2024,TE,0.79,TE,0.88294387,7.54291
202403059,Carson Jacoby,2024,TE,0.79,TE,0.7829453,3.6071332
202403074,Josh Schuchts,2024,TE,0.7883,TE,0.84133214,5.3024735
202403080,Khai Isaac,2024,TE,0.7833,TE,0.5450766,1.1981723
202403081,Mason Riggins,2024,TE,0.7833,TE,0.38652676,0.63006294
202403146,Abram Edwards,2024,TE,0.78,TE,0.46241778,0.86018056
202403165,Miles Cremascoli,2024,TE,0.78,TE,0.4939118,0.97594017
202403173,Ryan Dunfee,2024,TE,0.78,TE,0.5308635,1.131576
202403176,Shane Skidmore,2024,TE,0.78,TE,0.7277591,2.6732178
202403188,Briggs Hughston,2024,TE,0.78,TE,0.71439165,2.5012982
202403207,Asher Bowie,2024,TE,0.78,TE,0.46241778,0.86018056
202403216,Gavin Allen,2024,TE,0.78,TE,0.6206024,1.6357576
202403245,Zack Zandier,2024,TE,0.7783,TE,0.75500005,3.0816336
202403251,Caden Campbell,2024,TE,0.7733,TE,0.6112779,1.5725317
202403255,Tyson Hunt,2024,TE,0.77,TE,0.7150312,2.5091562
202403263,Kai Richardson,2024,TE,0.77,TE,0.76094216,3.183088
202403340,Kyle Koontz,2024,TE,0.77,TE,0.8623436,6.264465
202403344,Lyviel Waters,2024,TE,0.77,TE,0.87128055,6.7688336
202403421,Jacob Rennaker,2024,TE,0.76,TE,0.5909795,1.4448653
202403441,Gavin Correia,2024,TE,0.76,TE,0.60092545,1.5057975
202403456,Cal Huish,2024,TE,0.76,TE,0.76753396,3.3017035
202403495,Langdon Nordgaard,2024,TE,0.75,TE,0.43273073,0.7628313
202403500,Chase Schutty,2024,TE,0.75,TE,0.4878841,0.952683
202403506,Aiden Nixon,2024,TE,0.75,TE,0.4878841,0.952683
202403550,Jad Bazzi,2024,TE,0.75,TE,0.65507436,1.8991756
202403588,Cole Muilenburg,2024,TE,0.74,TE,0.6413635,1.7883387
202403597,Owen Thomas,2024,TE,0.74,TE,0.3526211,0.54469043
202500029,Elyiss Williams,2025,TE,0.9854,TE,0.9266465,12.632609
202500037,Linkon Cure,2025,TE,0.9816,TE,0.91763496,11.141074
202500057,Andrew Olesh,2025,TE,0.9702,TE,0.9375157,15.004014
202500061,DaSaahn Brame,2025,TE,0.9682,TE,0.9153153,10.808504
202500090,Nick Townsend,2025,TE,0.9539,TE,0.9021823,9.223097
202500127,James Flanigan,2025,TE,0.9434,TE,0.9193333,11.396686
202500129,Kiotti Armstrong,2025,TE,0.9425,TE,0.8789546,7.2613626
202500163,Kaleb Edwards,2025,TE,0.9318,TE,0.8949164,8.516234
202500169,Ethan Barbour,2025,TE,0.9306,TE,0.9025446,9.261106
202500203,Nate Roberts,2025,TE,0.9233,TE,0.90562093,9.59557
202500208,Vander Ploog,2025,TE,0.9218,TE,0.936789,14.820025
202500215,Mikkel Skinner,2025,TE,0.9207,TE,0.9181628,11.219385
202500266,Brock Schott,2025,TE,0.9113,TE,0.92339444,12.053883
202500270,Thomas Meyer,2025,TE,0.9109,TE,0.9245844,12.259854
202500286,Marshall Pritchett,2025,TE,0.9075,TE,0.927067,12.711211
202500322,Matt Henderson,2025,TE,0.9024,TE,0.9259397,12.502507
202500326,Brody Lennon,2025,TE,0.902,TE,0.90269506,9.276971
202500331,Hollis Davidson III,2025,TE,0.9013,TE,0.91980636,11.469817
202500334,AJ Ia,2025,TE,0.9008,TE,0.89647615,8.65961
202500343,Jeff Exinor Jr.,2025,TE,0.9004,TE,0.915009,10.765955
202500352,Tae'Shaun Gelsey,2025,TE,0.8997,TE,0.8531481,5.8095818
202500353,Luka Gilbert,2025,TE,0.8997,TE,0.8407898,5.2810044
202500392,JD LaFleur,2025,TE,0.8958,TE,0.9150171,10.767077
202500409,Chase Loftin,2025,TE,0.895,TE,0.9192327,11.381252
202500525,Logan Brooking,2025,TE,0.8869,TE,0.9159009,10.890732
202500530,Brian Kortovich,2025,TE,0.8868,TE,0.8450176,5.452346
202500539,Mike Tyler,2025,TE,0.8861,TE,0.87219167,6.824216
202500566,Eli Owens,2025,TE,0.8842,TE,0.7531415,3.050904
202500587,Ryan Ghea,2025,TE,0.8828,TE,0.8552092,5.9065146
202500603,Dakotah Terrell,2025,TE,0.8822,TE,0.9327327,13.866064
202500608,Emaree Winston,2025,TE,0.8819,TE,0.76224387,3.2059903
202500619,Preztynn Harrison,2025,TE,0.8811,TE,0.8812111,7.418295
202500659,Baron Naone,2025,TE,0.8797,TE,0.82909524,4.851212
202500674,Micah Jones,2025,TE,0.8794,TE,0.8339062,5.0206933
202500710,Logan Farrell,2025,TE,0.8778,TE,0.92776316,12.843352
202500720,Kellan Ford,2025,TE,0.8772,TE,0.9064232,9.686411
202500763,Caden Piening,2025,TE,0.8756,TE,0.86650103,6.4906945
202500845,Aaron Mattingly,2025,TE,0.8733,TE,0.9427279,16.460516
202500852,Noah Fox-Flores,2025,TE,0.8731,TE,0.8549119,5.892365
202500884,Nizyi Davis,2025,TE,0.8719,TE,0.9337567,14.095868
202500892,Jackson Doman,2025,TE,0.8717,TE,0.92156357,11.749177
202500908,Jayden Savoury,2025,TE,0.8714,TE,0.9198151,11.47118
202500936,Stevie Amar Jr.,2025,TE,0.8703,TE,0.8642918,6.3687506
202500974,Gus Ritchey,2025,TE,0.8694,TE,0.6094107,1.560234
202501011,Bear Tenney,2025,TE,0.8686,TE,0.5889501,1.4327947
202501016,Grant Houser,2025,TE,0.8683,TE,0.76650316,3.2827132
202501031,Tyler Kielmeyer,2025,TE,0.8681,TE,0.8381219,5.1774874
202501035,Joeseph Skipworth,2025,TE,0.8681,TE,0.8824176,7.5046754
202501046,Blake Thiry,2025,TE,0.8675,TE,0.82227147,4.626559
202501070,DaMari Witherspoon,2025,TE,0.8667,TE,0.87358165,6.910244
202501086,Kevin Roche Jr.,2025,TE,0.8664,TE,0.7166168,2.5287907
202501088,Ben Rothhaar,2025,TE,0.8664,TE,0.86795384,6.573109
202501113,Jordan Vyborny,2025,TE,0.8656,TE,0.82019514,4.561585
202501139,Blake Bryce,2025,TE,0.8647,TE,0.8557657,5.9331636
202501143,Cross Nimmo,2025,TE,0.8647,TE,0.8296732,4.8710656
202501157,Hayden Bradley,2025,TE,0.8644,TE,0.8393617,5.2251663
202501178,Zach Giuliano,2025,TE,0.8639,TE,0.8626929,6.282944
202501197,DJ Johnson,2025,TE,0.8639,TE,0.7837917,3.6251698
202501213,Daunte Bacheyie,2025,TE,0.8633,TE,0.93647563,14.741991
202501222,Max Hunt,2025,TE,0.8633,TE,0.9314101,13.5794
202501238,Preston Douglas,2025,TE,0.8631,TE,0.84791815,5.5754066
202501247,Jacob Houseworth,2025,TE,0.8625,TE,0.9258058,12.478144
202501277,Mason Peterson,2025,TE,0.8617,TE,0.89890033,8.891229
202501287,Zayne DeSouza,2025,TE,0.8617,TE,0.70865196,2.432321
202501309,Austin Simmons,2025,TE,0.8608,TE,0.9547883,21.118181
202501311,Dylan Sims,2025,TE,0.8608,TE,0.9526725,20.129356
202501320,Justin Zames,2025,TE,0.8606,TE,0.91499245,10.763661
202501346,Brock Camp,2025,TE,0.86,TE,0.8415966,5.312996
202501360,Isaiah Butler-Tanner,2025,TE,0.86,TE,0.81836796,4.5056367
202501365,Jordan Chambers,2025,TE,0.86,TE,0.9355487,14.515596
202501398,Cody Siegner,2025,TE,0.8597,TE,0.93423986,14.206781
202501415,Drew Clemens,2025,TE,0.8592,TE,0.8700026,6.6924634
202501425,Jackson Accuardi,2025,TE,0.8589,TE,0.9264591,12.597871
202501443,Emmett Bork,2025,TE,0.8583,TE,0.81545204,4.418646
202501448,Wyatt Bowman,2025,TE,0.8583,TE,0.9121688,10.385476
202501458,Tamez Young,2025,TE,0.8581,TE,0.8799437,7.3294272
202501459,Khristian Mackintrush,2025,TE,0.8581,TE,0.8701348,6.7002907
202501472,Grant Hollier,2025,TE,0.8578,TE,0.87921435,7.279129
202501479,JT Taggart,2025,TE,0.8575,TE,0.9264591,12.597871
202501480,Charlie Wingfield,2025,TE,0.8575,TE,0.9130388,10.49938
202501481,Wyatt Herbel,2025,TE,0.8575,TE,0.8701348,6.7002907
202501484,Jacory Thurman,2025,TE,0.8575,TE,0.8730198,6.8752446
202501496,Corbin Laisure,2025,TE,0.8572,TE,0.9130388,10.49938
202501514,Cash Landau,2025,TE,0.8567,TE,0.8337409,5.014708
202501570,Gabriel Cline,2025,TE,0.855,TE,0.8848077,7.681136
202501590,Jon Grimmett,2025,TE,0.855,TE,0.88802105,7.93025
202501614,Jordan Andrus,2025,TE,0.8539,TE,0.8810497,7.406872
202501622,Xavier Watson,2025,TE,0.8537,TE,0.89680094,8.69001
202501667,DJ Asiasi,2025,TE,0.8519,TE,0.6929454,2.25675
202501684,Tucker Kelleher,2025,TE,0.8517,TE,0.9531546,20.346825
202501696,Miles Uter,2025,TE,0.8514,TE,0.9411498,15.992288
202501698,Robby Preckel,2025,TE,0.8511,TE,0.8948236,8.507837
202501706,Cameron Kossmann,2025,TE,0.8511,TE,0.8256609,4.7359476
202501711,Ka'Maurri Smith,2025,TE,0.8508,TE,0.90036744,9.03688
202501712,Jacob Alvarez,2025,TE,0.8508,TE,0.6464669,1.8285896
202501720,Cameron Roberts,2025,TE,0.8508,TE,0.88266295,7.5224576
202501809,Jacob Nye,2025,TE,0.85,TE,0.8987438,8.875939
202501828,Brian Hnat,2025,TE,0.85,TE,0.9209803,11.655068
202501835,Maddox Lynch,2025,TE,0.85,TE,0.8960459,8.619633
202501864,Grant Smith,2025,TE,0.8492,TE,0.8744442,6.9645853
202501879,Merrick Barlow,2025,TE,0.8483,TE,0.9404016,15.778977
202501886,Aiden Brewer,2025,TE,0.8483,TE,0.8407017,5.2775307
202501899,Ben Cole,2025,TE,0.8481,TE,0.85497546,5.895385
202501911,Andrew Barker,2025,TE,0.8478,TE,0.7763868,3.4720078
202501914,Jeremiah Scoby,2025,TE,0.8475,TE,0.84455997,5.433349
202501920,Brandon Kubay,2025,TE,0.8475,TE,0.85027117,5.6787405
202501940,Willem Thurber,2025,TE,0.8467,TE,0.8744442,6.9645853
202501943,Brody Wilhelm,2025,TE,0.8467,TE,0.9067752,9.726757
202501950,Cayman Reynolds,2025,TE,0.8458,TE,0.846712,5.523668
202501978,Will Swartz,2025,TE,0.845,TE,0.50573146,1.0231917
202502004,Javeon Fricks,2025,TE,0.8444,TE,0.7042569,2.3813128
202502014,Braiden Bachich-Dixon,2025,TE,0.8439,TE,0.7438163,2.9034493
202502018,Quandre Coates,2025,TE,0.8436,TE,0.7677662,3.306005
202502022,Peyton Read,2025,TE,0.8433,TE,0.8642299,6.3653927
202502035,Trey Zvonar,2025,TE,0.8428,TE,0.75193715,3.0312364
202502041,Shane King,2025,TE,0.8428,TE,0.72082615,2.5819974
202502064,Jackson Kohl,2025,TE,0.8417,TE,0.6695502,2.0261781
202502071,Liam Russo,2025,TE,0.8414,TE,0.8194494,4.5386143
202502072,Carter Kuchenbuch,2025,TE,0.8411,TE,0.77205276,3.38698
202502100,Stephen Collier,2025,TE,0.8403,TE,0.78151494,3.576972
202502162,Carter Cocke,2025,TE,0.84,TE,0.62609684,1.6744894
202502164,JT Layton,2025,TE,0.84,TE,0.79127735,3.7910469
202502171,Cannon Pigg,2025,TE,0.84,TE,0.57445383,1.3499212
202502174,Reed Olsen,2025,TE,0.84,TE,0.9172546,11.085268
202502191,Lonnie Shinn,2025,TE,0.84,TE,0.8313287,4.9286904
202502193,Ben Verges,2025,TE,0.84,TE,0.6147427,1.5956678
202502202,Edward Khutsishvili,2025,TE,0.84,TE,0.7996305,3.99078
202502209,Luke Tevis,2025,TE,0.84,TE,0.83696705,5.1337295
202502213,Landon Okla,2025,TE,0.84,TE,0.7070105,2.4130917
202502242,Brayden Robertson,2025,TE,0.84,TE,0.9172546,11.085268
202502266,Kaleb Morrow,2025,TE,0.8386,TE,0.7804762,3.555315
202502276,Jonathan Harding,2025,TE,0.8383,TE,0.82411313,4.685473
202502282,Jackson Verdugo,2025,TE,0.8378,TE,0.8068275,4.1767197
202502323,Jax Markovich,2025,TE,0.8361,TE,0.7588409,3.1466405
202502342,Ethan Gurela,2025,TE,0.835,TE,0.7656441,3.267014
202502343,Brown Reaves,2025,TE,0.835,TE,0.89451796,8.480287
202502403,Kyle Frendt,2025,TE,0.8328,TE,0.7753321,3.451014
202502406,Dillon Galloway,2025,TE,0.8328,TE,0.8061264,4.1580005
202502409,Tayte Crable,2025,TE,0.8322,TE,0.80877,4.2293053
202502412,Brendan Loftus,2025,TE,0.8317,TE,0.8877861,7.911551
202502417,Josh Wedel,2025,TE,0.8317,TE,0.8897617,8.071257
202502453,Connor Gooding,2025,TE,0.8304,TE,0.5446172,1.1959546
202502465,Wilson Hodges,2025,TE,0.8303,TE,0.53383285,1.1451533
202502482,Brandon Gilbert,2025,TE,0.83,TE,0.53721166,1.160815
202502508,Vinnie Souza,2025,TE,0.83,TE,0.52037305,1.0849537
202502540,Gabriel Cunningham,2025,TE,0.83,TE,0.658893,1.9316313
202502572,Sebastien Boydell,2025,TE,0.83,TE,0.5872328,1.4226732
202502602,Henry Gregory,2025,TE,0.83,TE,0.7216271,2.592304
202502604,Luke Gilbert,2025,TE,0.83,TE,0.54142034,1.1806462
202502611,Brady Rhoad,2025,TE,0.8296,TE,0.5193542,1.0805342
202502624,Brayden Boeing,2025,TE,0.8289,TE,0.6364547,1.7506889
202502648,Arvis Battle Jr.,2025,TE,0.827,TE,0.519185,1.079802
202502654,Michael Gelatko,2025,TE,0.827,TE,0.6750304,2.077211
202502667,Casey Popish,2025,TE,0.8263,TE,0.7551156,3.08356
202502680,Chris Warren,2025,TE,0.8256,TE,0.73100775,2.7175794
202502701,Alex Faiivae,2025,TE,0.825,TE,0.76954263,3.3391974
202502729,Jackson Shockley,2025,TE,0.8236,TE,0.7026319,2.3628354
202502797,Brock Kuhl,2025,TE,0.82,TE,0.54856014,1.2151345
202502835,Jordan Collins,2025,TE,0.82,TE,0.6258794,1.6729349
202502836,Malaki Davis,2025,TE,0.82,TE,0.67847973,2.1102238
202502850,Payton Kokaly,2025,TE,0.82,TE,0.64046514,1.7813715
202502851,Jack Greiber,2025,TE,0.82,TE,0.80517125,4.132713
202502922,Rhett McGrew,2025,TE,0.8196,TE,0.6443939,1.8121004
202502951,Devin Habermehl,2025,TE,0.8163,TE,0.6476441,1.8380396
202502969,Ryder Kusch,2025,TE,0.8137,TE,0.6601637,1.9425932
202503020,Hayden Daugherty,2025,TE,0.81,TE,0.60250133,1.5157317
202503026,Jordan Rogers,2025,TE,0.81,TE,0.7601471,3.1692219
202503031,Kevin Magera,2025,TE,0.81,TE,0.5628507,1.2875481
202503043,Kai Wheeler,2025,TE,0.81,TE,0.78606695,3.6743596
202503049,Dominic Henning,2025,TE,0.81,TE,0.64234585,1.7959971
202503066,Jackson Blanchard,2025,TE,0.81,TE,0.786267,3.6787343
202503113,Garrett Long,2025,TE,0.805,TE,0.727083,2.664118
202503150,Jack Pidgeon,2025,TE,0.8,TE,0.6522952,1.8760027
202503201,Karter Peterson,2025,TE,0.8,TE,0.6754065,2.0807765
202503214,Zach Masters,2025,TE,0.8,TE,0.79291856,3.829018
202503236,Nathan Hromadka,2025,TE,0.79,TE,0.7971508,3.9297702
202503241,Reece Little,2025,TE,0.79,TE,0.81772006,4.4860673
202503250,Michael Stevenson,2025,TE,0.79,TE,0.74029094,2.8504624
202503272,Brody Videto,2025,TE,0.79,TE,0.8324865,4.9696684
202503299,Brady Goken,2025,TE,0.79,TE,0.90155125,9.157569
202503340,Beckett Miller,2025,TE,0.78,TE,0.46093026,0.8550475
202503367,David Parks,2025,TE,0.78,TE,0.58919924,1.4342701
202503374,Alex Reese,2025,TE,0.78,TE,0.66667795,2.0001016
202503389,Zander Turner,2025,TE,0.78,TE,0.55571455,1.2508051
202503403,Sean Bailey,2025,TE,0.78,TE,0.48737586,0.95074695
202503460,Trey Peters,2025,TE,0.77,TE,0.7568262,3.1122854
202503478,Max Ruedebusch,2025,TE,0.77,TE,0.6205045,1.6350774
202503483,Gibson Connelly,2025,TE,0.77,TE,0.7926775,3.8234036
202503491,Landon Bailey,2025,TE,0.77,TE,0.7144234,2.5016878
202503562,Drew Sikora,2025,TE,0.76,TE,0.5298468,1.1269662
202503592,Dom Spinazze,2025,TE,0.75,TE,0.3999019,0.6663942
202503610,Ryan Donnelly,2025,TE,0.75,TE,0.4224779,0.7315355
202503642,Lachlin Acker,2025,TE,0.73,TE,0.43273073,0.7628313
202600018,Kendre Harrison,2026,TE,0.9892,TE,0.9069936,9.751951
202600021,Ian Premer,2026,TE,0.9881,TE,0.93230593,13.772343
202600023,Mark Bowman,2026,TE,0.9879,TE,0.9057002,9.604477
202600035,Kaiden Prothro,2026,TE,0.9826,TE,0.9405807,15.8295555
202600112,Mack Sutter,2026,TE,0.9501,TE,0.8875,7.888888
202600113,Brock Harris,2026,TE,0.95,TE,0.9351673,14.424318
202600150,Gavin Mueller,2026,TE,0.9374,TE,0.87665343,7.1072383
202600196,Brayden Fogle,2026,TE,0.9245,TE,0.85389197,5.8442507
202600198,Xavier Tiller,2026,TE,0.9243,TE,0.8860216,7.7735934
202600221,Lincoln Keyes,2026,TE,0.9199,TE,0.9086464,9.946477
202600230,JC Anderson,2026,TE,0.9184,TE,0.91378367,10.598731
202600242,Matt Ludwig,2026,TE,0.9155,TE,0.85455626,5.8755107
202600277,Zayion Cotton,2026,TE,0.9094,TE,0.9355191,14.508469
202600281,Kaeden Johnson,2026,TE,0.9092,TE,0.9313128,13.558753
202600294,Tyler Ruxer,2026,TE,0.9069,TE,0.9173115,11.093578
202600326,Pierce Petersohn,2026,TE,0.9028,TE,0.9259397,12.502507
202600339,Israel Briggs,2026,TE,0.9019,TE,0.93153733,13.606501
202600342,Jamel Howse,2026,TE,0.9012,TE,0.90919334,10.012407
202600348,Preston Fryzel,2026,TE,0.9006,TE,0.90124035,9.125592
202600354,Hayden Vercher,2026,TE,0.9002,TE,0.9240973,12.174762
202600380,Ty Goettsche,2026,TE,0.8973,TE,0.86268985,6.282783
202600391,Evan Jacobson,2026,TE,0.8967,TE,0.9064888,9.693904
202600434,Joey Caudill,2026,TE,0.8928,TE,0.9091781,10.010557
202600453,Caleb Tafua,2026,TE,0.8911,TE,0.9040602,9.423202
202600457,Luke Brewer,2026,TE,0.8911,TE,0.84984404,5.6597424
202600503,Jaivion Martin,2026,TE,0.8878,TE,0.70841545,2.429537
202600505,Mason Bonner,2026,TE,0.8878,TE,0.92095554,11.651108
202600518,Camden Jensen,2026,TE,0.8867,TE,0.7714293,3.375014
202600544,Nick Lautar,2026,TE,0.8862,TE,0.7894823,3.7501943
202600555,Taimane Purcell,2026,TE,0.8856,TE,0.87219167,6.824216
202600563,Tilden Riley,2026,TE,0.8856,TE,0.90950173,10.049935
202600564,William Vaughn,2026,TE,0.8856,TE,0.87219167,6.824216
202600571,Kentrell White,2026,TE,0.8856,TE,0.8976185,8.767387
202600576,Zachery Turner,2026,TE,0.8844,TE,0.881149,7.413896
202600613,Jack Sievers,2026,TE,0.8833,TE,0.87939686,7.291658
202600618,Henry Gabalis,2026,TE,0.8833,TE,0.90110606,9.111843
202600702,Corbyn Fordham,2026,TE,0.88,TE,0.90890396,9.977426
202600704,Lincoln Watkins,2026,TE,0.88,TE,0.9011863,9.120053
202600720,Colin Ford,2026,TE,0.88,TE,0.9288613,13.057051
202600722,Jackson Mangham,2026,TE,0.88,TE,0.8852179,7.71216
202600727,Landen Miree,2026,TE,0.8789,TE,0.8941344,8.445939
202600752,Carson Sneed,2026,TE,0.8778,TE,0.882257,7.493073
202600758,Damon Hall Jr.,2026,TE,0.8778,TE,0.94212514,16.27866
202600759,Javar Bowden,2026,TE,0.8778,TE,0.93864053,15.297404
202600781,Kekua Aumua,2026,TE,0.8767,TE,0.836029,5.098639
202600802,Andre Nickerson,2026,TE,0.8767,TE,0.92894423,13.073452
202600803,Ryder Mix,2026,TE,0.8767,TE,0.92545724,12.415119
202600814,Luke Sorensen,2026,TE,0.8767,TE,0.85135424,5.7274036
202600885,Eddie Whiting,2026,TE,0.8744,TE,0.90915954,10.00831
202600890,ArMari Towns,2026,TE,0.8744,TE,0.9534493,20.481958
202600914,Ryan Brekke,2026,TE,0.8733,TE,0.93918693,15.443833
202600947,Arley Morrell,2026,TE,0.8733,TE,0.91244525,10.421425
202600996,Gabe Weaver,2026,TE,0.8722,TE,0.9481449,18.284512
202601018,Jack Utz,2026,TE,0.8711,TE,0.8360396,5.099034
202601022,PJ MacFarlane,2026,TE,0.8711,TE,0.8856566,7.7455854
202601042,Ben Moseley,2026,TE,0.8711,TE,0.8991009,8.910892
202601058,Adam Gehm,2026,TE,0.8711,TE,0.89081764,8.158989
202601087,Keawe Browne,2026,TE,0.87,TE,0.9053576,9.566089
202601123,Kade Bush,2026,TE,0.87,TE,0.8500944,5.670864
202601138,Isaac Jensen,2026,TE,0.8689,TE,0.82377607,4.674598
202601191,Jalen Williams,2026,TE,0.8678,TE,0.8898235,8.076345
202601212,Parker Ord,2026,TE,0.8678,TE,0.8314635,4.9334335
202601251,Kobie Watson,2026,TE,0.8667,TE,0.8436134,5.394409
202601252,Dominick Barry,2026,TE,0.8667,TE,0.8464724,5.513486
202601253,Cooper McCutchan,2026,TE,0.8667,TE,0.8171312,4.468402
202601254,Sam Hamilton,2026,TE,0.8667,TE,0.73923796,2.834914
202601265,Will Vala,2026,TE,0.8667,TE,0.83782583,5.16621
202601288,Drake DeBaun,2026,TE,0.8656,TE,0.71340424,2.4892352
202601303,Destin Mitchell,2026,TE,0.865,TE,0.8472069,5.544798
202601321,Maddox Hunstad,2026,TE,0.865,TE,0.8503992,5.684456
202601368,Adam Land,2026,TE,0.8644,TE,0.84269124,5.356925
202601416,Luca Wolf,2026,TE,0.8633,TE,0.8051148,4.131226
202601417,Dream Rashad,2026,TE,0.8633,TE,0.914024,10.631152
202601422,Jeremiah Birdlow,2026,TE,0.8633,TE,0.90553486,9.585916
202601560,Jaden Hernandez,2026,TE,0.86,TE,0.91605765,10.912937
202601581,Brady Owens,2026,TE,0.86,TE,0.9405139,15.810653
202601660,Jude Nelson,2026,TE,0.8578,TE,0.86908525,6.638559
202601706,Brayden Marko,2026,TE,0.8567,TE,0.81545204,4.418646
202601726,Colby Simpson,2026,TE,0.8556,TE,0.9257202,12.462613
202601766,Julius Mathis,2026,TE,0.855,TE,0.8777225,7.1781197
202601771,Preston McDaniel,2026,TE,0.855,TE,0.8777225,7.1781197
202601772,Eli Wilt,2026,TE,0.855,TE,0.74802685,2.9686768
202601799,Derron Gray Jr.,2026,TE,0.855,TE,0.8616316,6.2270823
202601821,Bryton Niu,2026,TE,0.8544,TE,0.9408379,15.902719
202601831,Garrett Essner,2026,TE,0.8544,TE,0.8257626,4.739297
202601838,Stephen Brown,2026,TE,0.8544,TE,0.93171906,13.645376
202601847,Aidan Woods,2026,TE,0.8533,TE,0.6606436,1.9467543
202601849,Maximilian Tillfeldt Retsler,2026,TE,0.8533,TE,0.91314733,10.513751
202601888,Brady Shust,2026,TE,0.8522,TE,0.93199116,13.703971
202601894,Wyatt Villarreal,2026,TE,0.8522,TE,0.9048906,9.514208
202601895,Carter Bashir,2026,TE,0.8522,TE,0.6425494,1.7975893
202601902,Isaiah Pina,2026,TE,0.8522,TE,0.9297813,13.241224
202601912,Bear Fisher,2026,TE,0.8511,TE,0.9317023,13.641785
202601937,Cole Albers,2026,TE,0.85,TE,0.9403916,15.776159
202601959,Drew Byrd,2026,TE,0.85,TE,0.9411498,15.992288
202601964,Ryan Rocheleau,2026,TE,0.85,TE,0.94375044,16.777918
202601967,Colton Hider,2026,TE,0.85,TE,0.9071495,9.77
202601968,Benny Okwura,2026,TE,0.85,TE,0.88837117,7.958259
202601986,Walker Kelley,2026,TE,0.85,TE,0.94375044,16.777918
202601987,Xavier Anderson,2026,TE,0.85,TE,0.93667394,14.791287
202601997,Nathan Piggott,2026,TE,0.85,TE,0.94375044,16.777918
202602026,Owen Pollock,2026,TE,0.85,TE,0.87723875,7.145893
202602033,Liam Fuller,2026,TE,0.85,TE,0.91340953,10.548615
202602078,Ayden Passley,2026,TE,0.85,TE,0.88266295,7.5224576
202602106,J'Qwan Crosby,2026,TE,0.85,TE,0.87768006,7.175282
202602107,Brooks Hall,2026,TE,0.85,TE,0.9209803,11.655068
202602130,Jack Ellis,2026,TE,0.8478,TE,0.83000565,4.8825483
202602131,Luke Galer,2026,TE,0.8478,TE,0.887253,7.8694143
202602153,Crosby Kelly,2026,TE,0.8467,TE,0.9155401,10.839938
202602156,George Rohl,2026,TE,0.8467,TE,0.88421464,7.6366706
202602158,Brice Williamson,2026,TE,0.8467,TE,0.5787406,1.3738343
202602172,Elijah Muliufi,2026,TE,0.8456,TE,0.61437225,1.5931745
202602180,Kaden Glover,2026,TE,0.845,TE,0.84668803,5.522648
202602205,Bryce McDaniel,2026,TE,0.845,TE,0.7930847,3.832895
202602206,Tyler Klaner,2026,TE,0.845,TE,0.64914757,1.8502011
202602228,Dallas Gaius-Anyaegbu,2026,TE,0.845,TE,0.75671333,3.1103773
202602244,Zack Wagner,2026,TE,0.845,TE,0.7469732,2.9521508
202602252,Broderick Peters,2026,TE,0.845,TE,0.7363868,2.7934363
202602266,Gavin Gregory,2026,TE,0.845,TE,0.6968202,2.2983727
202602277,Paxton Dobbs,2026,TE,0.845,TE,0.63030386,1.7049241
202602311,Gavin Barber,2026,TE,0.8422,TE,0.68321735,2.1567385
202602332,Trent Taylor,2026,TE,0.84,TE,0.7382499,2.820438
202602354,Eli Pietrowski,2026,TE,0.84,TE,0.7801771,3.5491168
202602385,Beckham Hofland,2026,TE,0.84,TE,0.73723614,2.8056984
202602401,Max Leeper,2026,TE,0.84,TE,0.8826906,7.5244665
202602415,Dre Walker,2026,TE,0.84,TE,0.805552,4.142763
202602430,Quintin Roy,2026,TE,0.84,TE,0.8139197,4.374025
202602431,Kenneth Morgan,2026,TE,0.84,TE,0.83739847,5.1500034
202602446,Armaad Sharp,2026,TE,0.84,TE,0.805552,4.142763
202602484,William Mayes,2026,TE,0.84,TE,0.83603877,5.099003
202602498,Matthew Tybor,2026,TE,0.84,TE,0.6147427,1.5956678
202602518,Landon Cook,2026,TE,0.8378,TE,0.7532541,3.0527525
202602519,Russell Crawford,2026,TE,0.8378,TE,0.71078116,2.4575894
202602541,Rowen Walsh,2026,TE,0.835,TE,0.8941448,8.446865
202602547,Jackson Stoner,2026,TE,0.835,TE,0.84743464,5.554568
202602548,Jerious Singletary,2026,TE,0.835,TE,0.88190854,7.4680123
202602560,Brady Shelton,2026,TE,0.835,TE,0.8167723,4.45769
202602565,Vai Fanuaea,2026,TE,0.835,TE,0.9047498,9.498667
202602586,Kam Taylor,2026,TE,0.835,TE,0.8167723,4.45769
202602627,Zane Gerbo,2026,TE,0.83,TE,0.53721166,1.160815
202602657,Na'o Tito,2026,TE,0.83,TE,0.5554897,1.2496668
202602662,Adrian Ortiz,2026,TE,0.83,TE,0.5282733,1.1198715
202602663,Luke Lopez,2026,TE,0.83,TE,0.5282733,1.1198715
202602680,Gabe Sema,2026,TE,0.83,TE,0.7541089,3.0668411
202602696,Davis Brown,2026,TE,0.83,TE,0.61367846,1.5885173
202602786,Colten Cole,2026,TE,0.83,TE,0.671821,2.0471175
202602793,Walker Kirkland,2026,TE,0.83,TE,0.7185126,2.5525568
202602794,Zander Barth,2026,TE,0.83,TE,0.8072949,4.189276
202602801,Trysten Laughlin,2026,TE,0.83,TE,0.66962147,2.0268312
202602832,Johan Camacho,2026,TE,0.825,TE,0.69798034,2.3110428
202602839,TJ Sabatucci,2026,TE,0.825,TE,0.8663653,6.483087
202602841,Ish Muhammad,2026,TE,0.825,TE,0.74203795,2.8765392
202602881,Philip Swann,2026,TE,0.82,TE,0.59542304,1.4717176
202602909,Damien Miles,2026,TE,0.82,TE,0.60534465,1.5338565
202602941,Evan Pyron,2026,TE,0.82,TE,0.49290746,0.97202665
202602943,Dyson Richards,2026,TE,0.82,TE,0.6671057,2.0039563
202602988,Owen Shannon,2026,TE,0.81,TE,0.85605747,5.947217
202603000,Chase Tatum,2026,TE,0.81,TE,0.8390529,5.213222
202603061,Paolo Seltenreich,2026,TE,0.8,TE,0.8671383,6.526625
202603072,Terion Mathis,2026,TE,0.8,TE,0.7692623,3.3339257
202603087,Dawson McFadin,2026,TE,0.8,TE,0.8364696,5.115071
202700019,Ahmad Hudson,2027,TE,0.9908,TE,0.93350714,14.039209
202700052,Brock Williams,2027,TE,0.9779,TE,0.9245844,12.259854
202700056,Jaxon Dollar,2027,TE,0.9765,TE,0.91763496,11.141074
202700076,Rahzario Edwards,2027,TE,0.9683,TE,0.9421557,16.287794
202700078,Seneca Driver,2027,TE,0.9673,TE,0.93261456,13.840002
202700108,Jack Brown,2027,TE,0.9527,TE,0.9355191,14.508469
202700123,Brooks Bakko,2027,TE,0.9477,TE,0.9227322,11.941998
202700146,Korz Loken,2027,TE,0.939,TE,0.93230593,13.772343
202700154,Cooper Terwilliger,2027,TE,0.9361,TE,0.8976457,8.769986
202700155,George Lamons Jr.,2027,TE,0.9358,TE,0.9251605,12.361933
202700188,Malik Howard,2027,TE,0.9279,TE,0.8981977,8.822962
202700217,Zac Fares,2027,TE,0.922,TE,0.93230593,13.772343
202700221,Jordan Karhoff,2027,TE,0.9216,TE,0.9090961,10.00063
202700250,Landon Blum,2027,TE,0.9172,TE,0.9227322,11.941998
202700268,Grant Haviland,2027,TE,0.913,TE,0.9193694,11.402239
202700272,Titus Hawk,2027,TE,0.9122,TE,0.94007725,15.688151
202700277,Colt Lumpris,2027,TE,0.9115,TE,0.92028505,11.544698
202700288,D'Angelo White,2027,TE,0.9092,TE,0.89565825,8.583892
202700297,Ben Kolar,2027,TE,0.9067,TE,0.8938103,8.417107
202700302,Anthony Cartwright,2027,TE,0.9056,TE,0.91682225,11.022447
202700376,Ben Hynek,2027,TE,0.89,TE,0.8615952,6.2251835
202700378,Sam Faniel,2027,TE,0.89,TE,0.9275397,12.800662
202700386,Tommy Douglas,2027,TE,0.89,TE,0.8828773,7.538054
202700425,Zach Albright,2027,TE,0.885,TE,0.9057751,9.612909
202700433,Judah Lancaster,2027,TE,0.8811,TE,0.86629647,6.479234
202700454,Jeramie Cooper,2027,TE,0.88,TE,0.888189,7.9436655
202700501,Sean Currie,2027,TE,0.88,TE,0.8719924,6.8120365
202700534,Holden Niemi,2027,TE,0.875,TE,0.94212514,16.27866
202700570,JT Geraci,2027,TE,0.875,TE,0.9059704,9.634949
202700591,Maddox Hager,2027,TE,0.87,TE,0.8936506,8.402967
202700599,Max Markofski,2027,TE,0.87,TE,0.87413794,6.9452057
202700637,Sydney Padilla,2027,TE,0.87,TE,0.84977436,5.6566534
202700665,Matthew Schimberg,2027,TE,0.87,TE,0.8764551,7.094225
202700690,Wyatt Frey,2027,TE,0.87,TE,0.90336823,9.348564
202700693,Seager Milholen,2027,TE,0.87,TE,0.8764551,7.094225
202700694,Trae Proctor,2027,TE,0.87,TE,0.88070005,7.382233
202700717,Mason Hall,2027,TE,0.865,TE,0.8571146,5.998616
202700723,Landon Bogany,2027,TE,0.86,TE,0.9084275,9.920306
202700744,Griffin Cockerham,2027,TE,0.86,TE,0.91263306,10.445977
202700759,Talan Scott,2027,TE,0.86,TE,0.90761423,9.824178
202700802,Jude Chamberlain,2027,TE,0.86,TE,0.9180106,11.196697
202700813,Braylen Ross,2027,TE,0.855,TE,0.89309144,8.353788
202700823,Mekhi Hodge,2027,TE,0.85,TE,0.8862351,7.7900586
202700843,Jace Cannon,2027,TE,0.85,TE,0.9243962,12.226851
202700886,Landon Wolny,2027,TE,0.84,TE,0.79900485,3.9752445
202700943,Caleb Camping,2027,TE,0.84,TE,0.8728305,6.8635216
202700945,Connor Winn,2027,TE,0.83,TE,0.56693435,1.3091187
202700962,Landon Bult,2027,TE,0.83,TE,0.52037305,1.0849537
202800025,Tytan McNeal,2028,TE,0.9881,TE,0.9245844,12.259854
202800066,Xévien Brinson,2028,TE,0.9393,TE,0.9284649,12.97915
202800085,Jevyn Severson,2028,TE,0.9334,TE,0.8875,7.888888
202800094,Jack McNamara,2028,TE,0.9315,TE,0.9153153,10.808504
202800102,Ridge Janes,2028,TE,0.9298,TE,0.8976457,8.769986
202800162,Mike Taylor,2028,TE,0.88,TE,0.8892696,8.030943
202800167,Lee Steele,2028,TE,0.88,TE,0.930885,13.468643
202800183,Steeler Wesley,2028,TE,0.875,TE,0.9392523,15.461534
202800187,Torrin Hill,2028,TE,0.875,TE,0.93918693,15.443833
