player_id,name,year,position,rating,position_group,y_pred_score_raw,y_pred_score_calibrated,predictive_score_0_100
202200095,Jake Johnson,2022,TE,0.9587,TE,74.36107,92.04566673757411,92.04566673757411
202200100,Oscar Delp,2022,TE,0.9577,TE,69.459946,77.0631712815831,77.0631712815831
202200102,Jaleel Skinner,2022,TE,0.9562,TE,71.045586,80.28199030927527,80.28199030927527
202200105,Donovan Green,2022,TE,0.9554,TE,74.60525,93.48021047944673,93.48021047944673
202200173,Eli Raridon,2022,TE,0.931,TE,73.72343,88.29953762292054,88.29953762292054
202200216,Theo Melin Ohrstrom,2022,TE,0.9162,TE,68.43922,75.18803143025661,75.18803143025661
202200236,Keyan Burnett,2022,TE,0.9127,TE,64.747925,71.53922636529492,71.53922636529492
202200248,Jack Pedersen,2022,TE,0.9107,TE,62.68441,68.38094680736857,68.38094680736857
202200252,Jerry Cross,2022,TE,0.9099,TE,61.756165,67.40772445788171,67.40772445788171
202200259,Ryan Otton,2022,TE,0.9085,TE,65.92155,72.63740050004604,72.63740050004604
202200288,Holden Staes,2022,TE,0.9026,TE,61.097893,66.57556755055077,66.57556755055077
202200296,Sam Roush,2022,TE,0.9018,TE,63.41799,69.32019338625702,69.32019338625702
202200300,Elijah Brown,2022,TE,0.9012,TE,65.0619,71.84113260369472,71.84113260369472
202200303,Colston Loveland,2022,TE,0.9011,TE,64.9331,71.75840180713531,71.75840180713531
202200306,Carsen Ryan,2022,TE,0.901,TE,63.938877,70.2175147287542,70.2175147287542
202200314,Benji Gosnell,2022,TE,0.9,TE,65.02067,71.81465012385779,71.81465012385779
202200319,Kaden Helms,2022,TE,0.9,TE,65.04647,71.83122372615395,71.83122372615395
202200345,RJ Maryland,2022,TE,0.8978,TE,62.75249,68.43886963522047,68.43886963522047
202200403,Micah Riley,2022,TE,0.8922,TE,61.207207,66.69849553637594,66.69849553637594
202200408,Bennett Christian,2022,TE,0.8917,TE,59.777836,64.4548659327268,64.4548659327268
202200427,Jason Llewellyn,2022,TE,0.89,TE,57.966995,61.46812144065182,61.46812144065182
202200447,Matt Ragan,2022,TE,0.8881,TE,59.55985,64.15960524558277,64.15960524558277
202200466,Andre Dollar,2022,TE,0.8859,TE,65.888664,72.59356225527212,72.59356225527212
202200492,Mason Taylor,2022,TE,0.885,TE,61.71773,67.31435809320081,67.31435809320081
202200497,Andrew Keller,2022,TE,0.8848,TE,63.181107,68.97710569324812,68.97710569324812
202200498,Corbin Page,2022,TE,0.8848,TE,57.51935,59.96247070927818,59.96247070927818
202200503,Brody Foley,2022,TE,0.8837,TE,63.0504,68.79905734840371,68.79905734840371
202200527,Jack Nickel,2022,TE,0.8826,TE,57.993988,61.54328254421063,61.54328254421063
202200547,Kelsey Johnson,2022,TE,0.8815,TE,59.18458,63.75135031279996,63.75135031279996
202200623,Danny Lewis Jr.,2022,TE,0.877,TE,58.53836,62.705249430535254,62.705249430535254
202200644,Ty Washington,2022,TE,0.8759,TE,57.976345,61.4941559043068,61.4941559043068
202200647,Dae'Quan Wright,2022,TE,0.8756,TE,57.976345,61.4941559043068,61.4941559043068
202200675,CJ Hawkins,2022,TE,0.8744,TE,61.246746,66.74295912421367,66.74295912421367
202200721,Sidney Mbanasor,2022,TE,0.8726,TE,60.947823,66.37554391118434,66.37554391118434
202200768,Ryan Miller,2022,TE,0.8704,TE,60.464844,65.76954726696259,65.76954726696259
202200770,Miller McCrumby,2022,TE,0.8704,TE,60.110584,65.07948045566663,65.07948045566663
202200771,Blake Gunter,2022,TE,0.8704,TE,58.991634,63.431742807397264,63.431742807397264
202200776,Cael Vanderbush,2022,TE,0.8696,TE,62.124817,67.74361031389574,67.74361031389574
202200804,Jeremiah Franklin,2022,TE,0.8685,TE,60.039898,64.89112539919512,64.89112539919512
202200806,Charlie Kenrich,2022,TE,0.8685,TE,58.739586,62.994264672296204,62.994264672296204
202200814,Chris Petrucci,2022,TE,0.8685,TE,62.286793,67.868312396837,67.868312396837
202200815,Max Whisner,2022,TE,0.8685,TE,60.98512,66.4337600871764,66.4337600871764
202200821,Chance Bogan,2022,TE,0.8681,TE,59.082916,63.59199356584169,63.59199356584169
202200833,Marcus Peterson,2022,TE,0.8674,TE,56.597702,57.93093248208784,57.93093248208784
202200849,Jack Velling,2022,TE,0.8667,TE,61.499317,66.98863852689448,66.98863852689448
202200858,Karson Gay,2022,TE,0.8663,TE,61.92562,67.57712152557598,67.57712152557598
202200887,Cole Spence,2022,TE,0.8648,TE,60.391663,65.5823871214137,65.5823871214137
202200889,Wesley Williams,2022,TE,0.8648,TE,61.740574,67.36984968543003,67.36984968543003
202200904,Austin Terry,2022,TE,0.8641,TE,61.81234,67.48098531266821,67.48098531266821
202200940,CJ Donaldson,2022,TE,0.863,TE,53.45216,49.8443913324133,49.8443913324133
202200979,Dax Courtney,2022,TE,0.8611,TE,58.96548,63.39263143042664,63.39263143042664
202201006,Kyirin Heath,2022,TE,0.86,TE,57.80409,60.878257433922926,60.878257433922926
202201016,Sean Sallis,2022,TE,0.8596,TE,56.775944,58.301963239812686,58.301963239812686
202201048,Harrison Saint Germain,2022,TE,0.8585,TE,58.18299,62.021543457052985,62.021543457052985
202201049,Michael Masunas,2022,TE,0.8585,TE,54.488216,51.497773547015825,51.497773547015825
202201050,Chase Androff,2022,TE,0.8585,TE,60.547977,65.88067408682394,65.88067408682394
202201063,Cody Mladenka,2022,TE,0.8578,TE,55.891804,55.423586935866986,55.423586935866986
202201071,Jacob Newell,2022,TE,0.8578,TE,59.808464,64.57944577581169,64.57944577581169
202201074,Nate Kurisky,2022,TE,0.8574,TE,55.10166,53.63524309603874,53.63524309603874
202201085,Zach Courtney,2022,TE,0.8567,TE,57.215096,59.34473727263106,59.34473727263106
202201090,Brodie Tagaloa,2022,TE,0.8567,TE,52.923798,48.117841823888085,48.117841823888085
202201126,Toby Payne,2022,TE,0.8556,TE,59.10424,63.630780074341146,63.630780074341146
202201146,Gabe Burkle,2022,TE,0.8544,TE,63.070282,68.8265367732974,68.8265367732974
202201162,Owen Anderson,2022,TE,0.8533,TE,51.297718,42.88364889336667,42.88364889336667
202201167,Brayden Loftin,2022,TE,0.8533,TE,67.253586,73.82821795681762,73.82821795681762
202201194,Logan Tanner,2022,TE,0.8522,TE,54.99741,53.46869829256404,53.46869829256404
202201197,Addison Ostrenga,2022,TE,0.8522,TE,57.758118,60.76906381710961,60.76906381710961
202201199,Jeffrey Simmons,2022,TE,0.8522,TE,60.670563,65.98172987528663,65.98172987528663
202201206,Max Klare,2022,TE,0.8522,TE,57.639698,60.350574749900616,60.350574749900616
202201231,Jackson Long,2022,TE,0.8511,TE,55.85566,55.27620382876519,55.27620382876519
202201250,Jake McTaggart,2022,TE,0.8504,TE,56.37019,57.07536624123925,57.07536624123925
202201261,Mike Higgins,2022,TE,0.85,TE,54.981354,53.44304835740999,53.44304835740999
202201263,Jake Taylor,2022,TE,0.85,TE,56.313046,56.926630191871894,56.926630191871894
202201291,JT Seagreaves,2022,TE,0.8493,TE,60.451496,65.73055305574867,65.73055305574867
202201327,Jerrale Powers,2022,TE,0.8478,TE,55.948418,55.69714076009502,55.69714076009502
202201339,Tyler Powell,2022,TE,0.8478,TE,55.90685,55.496283942992875,55.496283942992875
202201350,Tajae Broadie,2022,TE,0.8474,TE,56.745773,58.21770560079898,58.21770560079898
202201352,Nathan Jones,2022,TE,0.847,TE,57.107674,59.109545928382765,59.109545928382765
202201355,Henry Boyer,2022,TE,0.8467,TE,59.65574,64.26038583742837,64.26038583742837
202201367,Josh Sapp,2022,TE,0.8467,TE,58.122814,61.83162543087864,61.83162543087864
202201370,Gracen Bell,2022,TE,0.8467,TE,62.024136,67.66072597393075,67.66072597393075
202201375,Jordan Williams,2022,TE,0.8463,TE,63.31404,69.15649656155111,69.15649656155111
202201396,Grant Stevens,2022,TE,0.8456,TE,57.485348,59.88800316872868,59.88800316872868
202201399,Max Reese,2022,TE,0.8456,TE,57.323677,59.579112588762385,59.579112588762385
202201431,Harry Lodge,2022,TE,0.8433,TE,60.535564,65.87044114655141,65.87044114655141
202201455,Houston Thomas,2022,TE,0.8422,TE,48.104984,31.619693050260366,31.619693050260366
202201464,Will Dixon,2022,TE,0.8417,TE,49.90499,37.866929610626485,37.866929610626485
202201466,Naivyan Cargill,2022,TE,0.8417,TE,48.46854,32.644420101625634,32.644420101625634
202201508,Terrance Carter Jr.,2022,TE,0.8393,TE,55.155205,53.72077944429776,53.72077944429776
202201515,James Kyle,2022,TE,0.8389,TE,55.116516,53.65897339955261,53.65897339955261
202201541,Michael Hawkins,2022,TE,0.8378,TE,57.116016,59.12769731371746,59.12769731371746
202201555,Garrett Oakley,2022,TE,0.8374,TE,57.78369,60.829808486192384,60.829808486192384
202201572,Matt Hoffman,2022,TE,0.8367,TE,56.64436,58.02129527101395,58.02129527101395
202201592,Nason Coleman,2022,TE,0.8367,TE,55.112946,53.65326935125035,53.65326935125035
202201654,Marquell Darnell,2022,TE,0.8328,TE,58.38276,62.48302289993851,62.48302289993851
202201670,John Vanisi,2022,TE,0.8317,TE,53.332317,49.29566564368313,49.29566564368313
202201685,Marques Dunn,2022,TE,0.8317,TE,50.84798,41.22734850995741,41.22734850995741
202201692,Tabry Shettron,2022,TE,0.8315,TE,64.12801,70.44243587192172,70.44243587192172
202201695,Bryan Henry,2022,TE,0.8315,TE,53.835793,50.31526692378487,50.31526692378487
202201717,Merhauti Xepera,2022,TE,0.8304,TE,53.0368,48.32423816284451,48.32423816284451
202201728,Jordan Morris,2022,TE,0.8296,TE,55.196583,53.784134046110815,53.784134046110815
202201768,J.C. Sivley,2022,TE,0.8267,TE,54.65371,51.93857864680248,51.93857864680248
202201808,Marcus Vinson,2022,TE,0.8256,TE,49.50776,35.94030479142486,35.94030479142486
202201811,Corey Phillips,2022,TE,0.8256,TE,60.438786,65.6934199572163,65.6934199572163
202201814,Andrew Lane,2022,TE,0.8256,TE,50.612545,40.99140002033533,40.99140002033533
202201834,Cam Ball,2022,TE,0.8237,TE,58.48412,62.62804147214792,62.62804147214792
202201874,Hayden Hansen,2022,TE,0.8215,TE,60.574352,65.90241672635813,65.90241672635813
202201894,Connor Vaughn,2022,TE,0.82,TE,57.77999,60.82101935597009,60.82101935597009
202201903,DeCorion Temple,2022,TE,0.8194,TE,58.415585,62.53048762304552,62.53048762304552
202201920,Teigan Martin,2022,TE,0.817,TE,52.324497,46.546353298593914,46.546353298593914
202201947,Kaden Chidester,2022,TE,0.8156,TE,52.064224,45.675170573498995,45.675170573498995
202201954,Kendrick Rucker,2022,TE,0.8156,TE,52.718594,47.619953092824126,47.619953092824126
202201962,Jade Arroyo,2022,TE,0.8144,TE,54.839024,52.90325225188413,52.90325225188413
202201965,Max Sullivan,2022,TE,0.8141,TE,54.028736,50.56795794066487,50.56795794066487
202201986,Anthony Rucker,2022,TE,0.8117,TE,52.666607,47.47680102791473,47.47680102791473
202201995,Stephen Daley,2022,TE,0.8117,TE,54.618275,51.755302294912305,51.755302294912305
202202001,Thomas Jewett,2022,TE,0.8117,TE,54.8815,53.07790099358588,53.07790099358588
202202029,Tyler Dostin,2022,TE,0.8096,TE,53.359753,49.42128428238148,49.42128428238148
202202037,Luke Seib,2022,TE,0.8093,TE,54.881245,53.076850121049375,53.076850121049375
202202041,Cooper Ross,2022,TE,0.8089,TE,53.60847,50.04124701386723,50.04124701386723
202202047,John Locke Jr.,2022,TE,0.8067,TE,55.252308,53.865552909875554,53.865552909875554
202202069,Mohammed Hazime,2022,TE,0.8056,TE,54.952175,53.33957174823008,53.33957174823008
202202071,Zach Person,2022,TE,0.8052,TE,50.79674,41.17599784868187,41.17599784868187
202202120,Avion McBride,2022,TE,0.7989,TE,52.408054,46.772540097279986,46.772540097279986
202202125,John Grant III,2022,TE,0.7983,TE,49.875965,37.747912935064704,37.747912935064704
202202166,JJ Bwire,2022,TE,0.7894,TE,53.96075,50.47891981609073,50.47891981609073
202202172,August Johanningsmeier,2022,TE,0.7894,TE,52.074875,45.700927643053575,45.700927643053575
202202178,Charlie Kreinbucher,2022,TE,0.7883,TE,54.06287,50.61266185373239,50.61266185373239
202202179,Isaac Schoenfeld,2022,TE,0.7883,TE,51.749424,44.34397375192862,44.34397375192862
202202183,Christoph Horton,2022,TE,0.7883,TE,59.49053,64.08674910065625,64.08674910065625
202202198,Bruin Fleischmann,2022,TE,0.7833,TE,57.591743,60.183720411938125,60.183720411938125
202300015,Duce Robinson,2023,TE,0.9875,TE,64.91707,71.7481057874948,71.7481057874948
202300072,Pearce Spurlin III,2023,TE,0.9633,TE,71.892136,82.02909168318217,82.02909168318217
202300106,Riley Williams,2023,TE,0.9481,TE,70.47945,79.3349953795473,79.3349953795473
202300111,Jelani Thurman,2023,TE,0.9474,TE,70.77421,79.82805041775282,79.82805041775282
202300116,Walker Lyons,2023,TE,0.9452,TE,71.58372,81.24105625035305,81.24105625035305
202300125,Andrew Rappleyea,2023,TE,0.9441,TE,70.528534,79.41710528289437,79.41710528289437
202300147,Ethan Davis,2023,TE,0.9383,TE,70.4062,79.21246861827355,79.21246861827355
202300150,Ka'Morreun Pimpton,2023,TE,0.9366,TE,66.73461,73.3885130191343,73.3885130191343
202300153,Lawson Luckie,2023,TE,0.9361,TE,70.31063,79.05261337280798,79.05261337280798
202300175,Shamar Easter,2023,TE,0.9302,TE,66.22215,72.992109730508,72.992109730508
202300191,Luke Hasz,2023,TE,0.9256,TE,70.79046,79.85523321136942,79.85523321136942
202300220,Ty Lockwood,2023,TE,0.9187,TE,67.134026,73.7044322066296,73.7044322066296
202300242,Brett Norfleet,2023,TE,0.9151,TE,66.39107,73.12277073201444,73.12277073201444
202300246,Mac Markway,2023,TE,0.9143,TE,69.58055,77.3490437367282,77.3490437367282
202300258,Jaden Platt,2023,TE,0.9125,TE,62.96796,68.68511685504649,68.68511685504649
202300283,Cooper Flanagan,2023,TE,0.9082,TE,63.815407,69.9827584478915,69.9827584478915
202300308,Joey Schlaffer,2023,TE,0.9031,TE,65.25144,71.9628814432707,71.9628814432707
202300345,Brennan Parachek,2023,TE,0.8992,TE,66.1229,72.9058410931025,72.9058410931025
202300368,Juice Vereen,2023,TE,0.897,TE,66.28017,73.03698535180227,73.03698535180227
202300414,Deakon Tonielli,2023,TE,0.8928,TE,60.37173,65.55270481842417,65.55270481842417
202300432,Olsen Patt-Henry,2023,TE,0.8919,TE,54.675068,52.049049558012854,52.049049558012854
202300442,Khamari Anderson,2023,TE,0.8908,TE,60.821945,66.17906059571071,66.17906059571071
202300447,Jackson Bowers,2023,TE,0.8905,TE,56.570053,57.80221211251095,57.80221211251095
202300461,Matthew Klopfenstein,2023,TE,0.8894,TE,55.892494,55.426923182897866,55.426923182897866
202300566,Jackson McGohan,2023,TE,0.8828,TE,60.73531,66.04383020060429,66.04383020060429
202300581,Julien Randolph,2023,TE,0.8816,TE,64.94303,71.76478230098203,71.76478230098203
202300618,Jaden Hamm,2023,TE,0.8794,TE,61.523087,67.01508965434859,67.01508965434859
202300659,Markus Dixon,2023,TE,0.8778,TE,63.952362,70.24347803890521,70.24347803890521
202300682,CJ Jacobsen,2023,TE,0.8769,TE,62.640076,68.34322735282188,68.34322735282188
202300688,Jackson Carver,2023,TE,0.8769,TE,62.48803,68.1180773463888,68.1180773463888
202300694,Jayvontay Conner,2023,TE,0.8764,TE,61.40004,66.89284442927308,66.89284442927308
202300721,Connor Cox,2023,TE,0.8753,TE,61.51357,67.0036689988091,67.0036689988091
202300726,Chico Holt,2023,TE,0.875,TE,59.180546,63.74689264364119,63.74689264364119
202300757,Sam West,2023,TE,0.8739,TE,63.616676,69.72896128211796,69.72896128211796
202300760,Randy Pittman Jr.,2023,TE,0.8736,TE,58.664764,62.83303002613952,62.83303002613952
202300763,Spencer Shannon,2023,TE,0.8736,TE,60.56431,65.8941366612882,65.8941366612882
202300764,Camp Magee,2023,TE,0.8736,TE,63.550674,69.60133249652044,69.60133249652044
202300786,Anthony Miller,2023,TE,0.8726,TE,59.528248,64.1263925939995,64.1263925939995
202300792,Zach Ortwerth,2023,TE,0.8722,TE,60.420837,65.64098561490094,65.64098561490094
202300794,Ismael Smith Flores,2023,TE,0.8722,TE,61.778893,67.45260026704673,67.45260026704673
202300819,George Burhenn,2023,TE,0.8714,TE,63.784264,69.94298571944066,69.94298571944066
202300855,Hawkins Polley,2023,TE,0.8694,TE,58.48361,62.627313863566165,62.627313863566165
202300954,Grant Leeper,2023,TE,0.8658,TE,59.85604,64.66058729926428,64.66058729926428
202301001,Will Randle,2023,TE,0.8644,TE,59.926632,64.74132712249363,64.74132712249363
202301023,Adam Moore,2023,TE,0.8636,TE,58.335415,62.41444470993668,62.41444470993668
202301056,Reid Mikeska,2023,TE,0.8625,TE,58.355427,62.443431994180465,62.443431994180465
202301063,Vance Bolyard,2023,TE,0.8622,TE,59.08581,63.59725992719251,63.59725992719251
202301109,Ben Marshall,2023,TE,0.8606,TE,57.126278,59.15002343468241,59.15002343468241
202301129,Sam Peters,2023,TE,0.8597,TE,56.613342,57.96122333603249,57.96122333603249
202301148,Peter Clarke,2023,TE,0.8589,TE,60.062492,64.95133192911852,64.95133192911852
202301154,Tripp Riordan,2023,TE,0.8589,TE,55.184696,53.766766769311054,53.766766769311054
202301159,Dorian Thomas,2023,TE,0.8586,TE,57.759903,60.77330434591789,60.77330434591789
202301170,Cooper Jensen,2023,TE,0.8583,TE,62.163616,67.77348113383864,67.77348113383864
202301261,Josh Palmer,2023,TE,0.8552,TE,56.704063,58.1369250649378,58.1369250649378
202301264,Pierce Walsh,2023,TE,0.855,TE,57.377422,59.68179915541124,59.68179915541124
202301316,Will Anciaux,2023,TE,0.8531,TE,57.809837,60.89191229912396,60.89191229912396
202301334,Tanner Lemaster,2023,TE,0.8519,TE,58.285793,62.34256773825481,62.34256773825481
202301369,Eli Finley,2023,TE,0.8511,TE,55.02197,53.50793190684814,53.50793190684814
202301384,Logan Blake,2023,TE,0.8508,TE,51.49223,43.441023834633945,43.441023834633945
202301463,Saimone Davis,2023,TE,0.8483,TE,57.017498,58.889360434109676,58.889360434109676
202301468,David Clement,2023,TE,0.8483,TE,54.895084,53.12836074947967,53.12836074947967
202301472,AJ Szymanski,2023,TE,0.8483,TE,57.25153,59.42560397004905,59.42560397004905
202301484,Cayden Dawson,2023,TE,0.8478,TE,57.57911,60.145108386687326,60.145108386687326
202301485,Tucker Ashcraft,2023,TE,0.8478,TE,57.765114,60.78568161590105,60.78568161590105
202301503,Carson Rhodes,2023,TE,0.8475,TE,63.6514,69.77330855638156,69.77330855638156
202301554,Andrew Metzger,2023,TE,0.8453,TE,59.552166,64.15153061010611,64.15153061010611
202301559,Gabe Hoffmann,2023,TE,0.845,TE,59.297382,63.875937531159934,63.875937531159934
202301603,Trent Thomas,2023,TE,0.8437,TE,59.11285,63.64644038734352,63.64644038734352
202301663,Brennan Wooten,2023,TE,0.8411,TE,52.39347,46.733062735548025,46.733062735548025
202301684,Tyler Little,2023,TE,0.84,TE,53.83406,50.31299875474903,50.31299875474903
202301726,TeKai Kirby,2023,TE,0.8378,TE,55.12877,53.678547548213764,53.678547548213764
202301737,Matthew Fredrick,2023,TE,0.837,TE,57.99376,61.54264522563891,61.54264522563891
202301753,Braiden Staten,2023,TE,0.8367,TE,59.03903,63.51216551927885,63.51216551927885
202301755,Noah Braham,2023,TE,0.8367,TE,56.838978,58.49005299822393,58.49005299822393
202301776,Kamrean Johnson,2023,TE,0.8353,TE,56.142483,56.36183036239033,56.36183036239033
202301806,Antonio Ferguson,2023,TE,0.8337,TE,55.339756,53.99332166897625,53.99332166897625
202301810,Oliver Fisher,2023,TE,0.8337,TE,59.375145,63.961825608477085,63.961825608477085
202301811,Mason Williams,2023,TE,0.8337,TE,56.75515,58.23991547455611,58.23991547455611
202301818,Josh Phifer,2023,TE,0.8337,TE,56.15711,56.428481904169935,56.428481904169935
202301826,Justyn Reid,2023,TE,0.8336,TE,56.720016,58.16782173596135,58.16782173596135
202301864,Gerard Edimo,2023,TE,0.8306,TE,54.545612,51.59195394617219,51.59195394617219
202301874,Exavious Reed,2023,TE,0.8304,TE,53.284016,49.10830371154566,49.10830371154566
202301887,Jake Simpson,2023,TE,0.8304,TE,55.86574,55.30910129980221,55.30910129980221
202301888,Nate Guinn,2023,TE,0.8304,TE,54.158066,50.75244654722347,50.75244654722347
202301902,Nollenn Tabaska,2023,TE,0.83,TE,59.326843,63.90847683069981,63.90847683069981
202301909,Matt Wagner,2023,TE,0.83,TE,54.93474,53.27506249557151,53.27506249557151
202301931,Dante Barone,2023,TE,0.8275,TE,53.27741,49.09454988380119,49.09454988380119
202301938,Zeke Moore,2023,TE,0.827,TE,53.074047,48.51947155171707,48.51947155171707
202301947,Rowdy Beers,2023,TE,0.827,TE,57.1807,59.268426572855624,59.268426572855624
202301948,Jackson Worley,2023,TE,0.827,TE,52.371426,46.67338717356817,46.67338717356817
202301961,Zeke Wimbush,2023,TE,0.8263,TE,55.465405,54.36302451651751,54.36302451651751
202301985,Ty Stamey,2023,TE,0.825,TE,51.59966,43.77279618436604,43.77279618436604
202302031,Bo Burklow,2023,TE,0.8228,TE,60.593613,65.91829445083138,65.91829445083138
202302051,Patrick Overmyer,2023,TE,0.8206,TE,60.397587,65.59120944036925,65.59120944036925
202302057,Cedric Anton,2023,TE,0.8204,TE,57.54218,60.03224515708194,60.03224515708194
202302063,Fin Jones,2023,TE,0.8204,TE,56.321095,56.94758032966663,56.94758032966663
202302086,Joshua Goines,2023,TE,0.8196,TE,59.127,63.67217547858225,63.67217547858225
202302094,Jack Parker,2023,TE,0.8186,TE,54.854626,52.96740253060529,52.96740253060529
202302132,Jaden Mikhael,2023,TE,0.8156,TE,51.659046,43.999288603413774,43.999288603413774
202302145,Jalyn Thompson,2023,TE,0.815,TE,58.43923,62.56414766482365,62.56414766482365
202302157,Nathan VanTimmeren,2023,TE,0.8139,TE,52.496807,47.01279128693622,47.01279128693622
202302161,Conner Cravaack,2023,TE,0.8137,TE,52.12762,45.82848602440426,45.82848602440426
202302172,Si Stovall,2023,TE,0.8128,TE,55.145195,53.70478860803161,53.70478860803161
202302183,Bryce Harrison,2023,TE,0.8104,TE,53.579895,50.00769682692055,50.00769682692055
202302187,Devin Scura,2023,TE,0.8104,TE,54.810726,52.78690340896149,52.78690340896149
202302197,Bryce Gilchrist,2023,TE,0.81,TE,54.062687,50.61242204731451,50.61242204731451
202302224,Max Drag,2023,TE,0.8063,TE,53.949352,50.463991866577345,50.463991866577345
202302229,Aiden Valdez,2023,TE,0.8056,TE,53.944252,50.45731225864582,50.45731225864582
202302238,Rory Callahan,2023,TE,0.8039,TE,50.739044,41.11817483261631,41.11817483261631
202302257,Jay'shon Thomas,2023,TE,0.8006,TE,49.46033,35.755731648615594,35.755731648615594
202302270,James Falk,2023,TE,0.7989,TE,54.781834,52.6541851190945,52.6541851190945
202302275,Will Monney,2023,TE,0.7983,TE,54.52531,51.55864090055806,51.55864090055806
202302283,Jake Davies,2023,TE,0.7956,TE,51.720074,44.2320369153309,44.2320369153309
202302302,Cody Smith,2023,TE,0.7883,TE,53.110313,48.71152999590682,48.71152999590682
202302310,Brady Probst,2023,TE,0.7733,TE,48.737385,33.405104914768636,33.405104914768636
202400040,Trey'Dez Green,2024,TE,0.9814,TE,76.65301,100.0,100.0
202400053,Caleb Odom,2024,TE,0.9753,TE,74.09826,90.50166647898058,90.50166647898058
202400055,Carter Nelson,2024,TE,0.9745,TE,74.236824,91.31573251365924,91.31573251365924
202400069,Jaden Reddell,2024,TE,0.9678,TE,75.26587,97.36134492922046,97.36134492922046
202400071,Luke Reynolds,2024,TE,0.9659,TE,73.722336,88.29312800707652,88.29312800707652
202400074,Christian Bentancur,2024,TE,0.964,TE,70.27027,78.98389492362621,78.98389492362621
202400087,Amir Jackson,2024,TE,0.9556,TE,76.092804,100.0,100.0
202400103,Landen Thomas,2024,TE,0.951,TE,70.06552,78.49857362562966,78.49857362562966
202400130,Brady Prieskorn,2024,TE,0.9407,TE,70.98793,80.18554882037353,80.18554882037353
202400147,Michael Smith,2024,TE,0.9361,TE,69.3519,76.80706515115767,76.80706515115767
202400154,Davon Mitchell,2024,TE,0.9341,TE,70.710495,79.72147600015079,79.72147600015079
202400185,Walter Matthews,2024,TE,0.9251,TE,68.33222,75.0156218731341,75.0156218731341
202400252,Ryner Swanson,2024,TE,0.9125,TE,62.318672,67.89285574972882,67.89285574972882
202400258,Maxence LeBlanc,2024,TE,0.9114,TE,62.045464,67.6788259727982,67.6788259727982
202400268,Jonathan Echols,2024,TE,0.9101,TE,63.90134,70.14524344957849,70.14524344957849
202400274,Elija Lofton,2024,TE,0.9094,TE,58.552555,62.72456391421326,62.72456391421326
202400277,Gavin Hoffman,2024,TE,0.9093,TE,63.49564,69.48472062992937,69.48472062992937
202400287,Joey Olsen,2024,TE,0.9085,TE,64.29993,70.62325025832389,70.62325025832389
202400291,Grant Stec,2024,TE,0.9076,TE,63.144676,68.9279441117429,68.9279441117429
202400296,KJ Duff,2024,TE,0.9073,TE,65.81077,72.48971342020444,72.48971342020444
202400300,Kylan Fox,2024,TE,0.9069,TE,62.31459,67.88971330775273,67.88971330775273
202400330,Jordan Washington,2024,TE,0.9036,TE,63.960644,70.25942325710547,70.25942325710547
202400348,Hogan Hansen,2024,TE,0.9012,TE,65.278175,71.98005291058169,71.98005291058169
202400362,Beau Baker,2024,TE,0.9,TE,65.02237,71.81574294269636,71.81574294269636
202400383,Eric Karner,2024,TE,0.8983,TE,64.8215,71.68672171228432,71.68672171228432
202400428,Tayvion Galloway,2024,TE,0.8942,TE,61.872284,67.5318569603525,67.5318569603525
202400434,Dylan Mesman,2024,TE,0.8933,TE,61.703754,67.28040331799576,67.28040331799576
202400461,Roger Saleapaga,2024,TE,0.8917,TE,59.992558,64.81673083095347,64.81673083095347
202400467,Damarion Witten,2024,TE,0.8908,TE,58.570206,62.741625709211824,62.741625709211824
202400481,Jack Larsen,2024,TE,0.89,TE,57.94254,61.40002395126296,61.40002395126296
202400488,Luke Harpring,2024,TE,0.89,TE,55.964397,55.74329105684649,55.74329105684649
202400543,A.J. Pugliano,2024,TE,0.8858,TE,62.16819,67.77700243096888,67.77700243096888
202400556,Jacorey Whitted,2024,TE,0.8853,TE,61.9137,67.56700482078959,67.56700482078959
202400644,Colton Heinrich,2024,TE,0.8808,TE,61.23267,66.72712982955653,66.72712982955653
202400645,Jayden Fortier,2024,TE,0.8806,TE,62.931404,68.63459204139407,68.63459204139407
202400657,Jett Zabel,2024,TE,0.88,TE,61.837105,67.50200215985966,67.50200215985966
202400669,Rob Booker II,2024,TE,0.8794,TE,61.55718,67.05599803052344,67.05599803052344
202400713,Brycen Coleman,2024,TE,0.8776,TE,63.881805,70.10763153690992,70.10763153690992
202400714,Ian Flynt,2024,TE,0.8775,TE,59.796635,64.53132993406226,64.53132993406226
202400735,Gavin Grover,2024,TE,0.8764,TE,62.515648,68.17452873730669,68.17452873730669
202400775,Noah Onyia,2024,TE,0.875,TE,59.885277,64.69402637006837,64.69402637006837
202400796,Cooper Alexander,2024,TE,0.8744,TE,64.582085,71.19216476807873,71.19216476807873
202400797,Keelan Smith,2024,TE,0.8744,TE,58.49842,62.64839822269255,62.64839822269255
202400807,Jacob Simpson,2024,TE,0.8739,TE,68.724785,75.64819184975862,75.64819184975862
202400824,Decker DeGraaf,2024,TE,0.8733,TE,60.16188,65.21616747371154,65.21616747371154
202400834,Jay Lindsey,2024,TE,0.8731,TE,61.10423,66.58269287803736,66.58269287803736
202400842,Willie Rodriguez,2024,TE,0.8728,TE,59.791515,64.5105071479843,64.5105071479843
202400887,Karsen Konkel,2024,TE,0.8714,TE,63.562286,69.62593681633074,69.62593681633074
202400954,Patrick Schaller,2024,TE,0.8689,TE,62.5178,68.1789263318478,68.1789263318478
202400960,Michael Burt,2024,TE,0.8689,TE,61.156574,66.6415572632095,66.6415572632095
202400978,Dillon Hipp,2024,TE,0.8681,TE,57.016567,58.887040443349214,58.887040443349214
202401003,Matt Ogunniyi,2024,TE,0.8675,TE,61.758495,67.41338667612688,67.41338667612688
202401013,Benji Blackburn,2024,TE,0.8672,TE,62.008583,67.64752731619824,67.64752731619824
202401019,Trey Jackson,2024,TE,0.8672,TE,59.104496,63.63124495735894,63.63124495735894
202401038,Whit Hafer,2024,TE,0.8664,TE,62.407818,67.96148726985916,67.96148726985916
202401060,Timothy Lawson,2024,TE,0.8658,TE,58.766205,63.05410480299586,63.05410480299586
202401069,Traville Frederick Jr.,2024,TE,0.8656,TE,61.134254,66.61645775019083,66.61645775019083
202401092,Keaton Roskop,2024,TE,0.8647,TE,60.726055,66.02938482441971,66.02938482441971
202401099,Brody Kosin,2024,TE,0.8644,TE,63.032703,68.7745989731002,68.7745989731002
202401104,Cole Harrison,2024,TE,0.8642,TE,61.829006,67.49512927529597,67.49512927529597
202401110,Camden Jones,2024,TE,0.8639,TE,63.934464,70.20901697773729,70.20901697773729
202401141,Carson Bruhn,2024,TE,0.8631,TE,65.78579,72.45641262823465,72.45641262823465
202401155,Ryan Ward,2024,TE,0.8625,TE,52.20633,46.09579640224337,46.09579640224337
202401181,David Prince,2024,TE,0.8617,TE,54.600243,51.681596209652064,51.681596209652064
202401256,Hubert Caliste Jr.,2024,TE,0.8597,TE,58.64148,62.81052187903097,62.81052187903097
202401270,Brett Elliott,2024,TE,0.8592,TE,59.223804,63.79467144161894,63.79467144161894
202401288,Jackson Ford,2024,TE,0.8589,TE,57.821598,60.91984723569648,60.91984723569648
202401315,Aiden Black,2024,TE,0.8581,TE,57.17906,59.26486601304374,59.26486601304374
202401333,Aidan Steinfeldt,2024,TE,0.8575,TE,57.936466,61.38311376515985,61.38311376515985
202401334,Luca Puccinelli,2024,TE,0.8575,TE,60.25705,65.38192222038127,65.38192222038127
202401348,Cole Snodgrass,2024,TE,0.8575,TE,54.756535,52.508207343766,52.508207343766
202401402,Wyatt Hook,2024,TE,0.8558,TE,58.791824,63.11169814174319,63.11169814174319
202401413,Kade Caton,2024,TE,0.8556,TE,58.499157,62.64944619624686,62.64944619624686
202401465,Jewlyen Roberts,2024,TE,0.8542,TE,54.500748,51.518335996253406,51.518335996253406
202401492,John Rogers,2024,TE,0.8533,TE,56.60157,57.93842392742927,57.93842392742927
202401503,Jack Sammarco,2024,TE,0.8531,TE,58.442802,62.56923006506632,62.56923006506632
202401504,Josh Ford,2024,TE,0.8531,TE,64.88449,71.72718051197597,71.72718051197597
202401520,Monte Keener,2024,TE,0.8525,TE,57.381756,59.69007880192363,59.69007880192363
202401521,Khalil Witherspoon,2024,TE,0.8525,TE,51.740265,44.309042591976564,44.309042591976564
202401549,Kaleb Thomas,2024,TE,0.8517,TE,55.706406,54.88947868940483,54.88947868940483
202401551,Charlie Crowell,2024,TE,0.8517,TE,58.968388,63.39697840668855,63.39697840668855
202401553,Jaden Landrum,2024,TE,0.8517,TE,58.755054,63.02903849430639,63.02903849430639
202401623,Jordan White,2024,TE,0.85,TE,52.12783,45.82899341653374,45.82899341653374
202401652,Ridge Barker,2024,TE,0.85,TE,54.906574,53.17086826840498,53.17086826840498
202401653,Malachi Thomas,2024,TE,0.85,TE,54.49663,51.51158199846731,51.51158199846731
202401703,Gavin Chadwell,2024,TE,0.8478,TE,57.72236,60.66416671663282,60.66416671663282
202401756,Jett Nelson,2024,TE,0.8461,TE,63.49572,69.48489037063766,69.48489037063766
202401770,Arthur Ban,2024,TE,0.8453,TE,62.344627,67.91283815646283,67.91283815646283
202401813,Levi Smiley,2024,TE,0.8444,TE,55.32661,53.974115110615536,53.974115110615536
202401815,Eli Sisson,2024,TE,0.8442,TE,58.350056,62.43565195296521,62.43565195296521
202401836,Zach Meeks,2024,TE,0.8428,TE,52.860256,48.0017852523728,48.0017852523728
202401867,Luke Carter,2024,TE,0.8417,TE,51.73126,44.274693375547244,44.274693375547244
202401876,Lane Wadle,2024,TE,0.8411,TE,53.724728,50.17774087281621,50.17774087281621
202401904,Tyler Harrington,2024,TE,0.8404,TE,50.96153,41.76089764399344,41.76089764399344
202401910,Jake Wilson,2024,TE,0.8404,TE,49.466732,35.78064226822743,35.78064226822743
202401911,Kaden Anderson,2024,TE,0.8403,TE,49.95044,38.053283227743464,38.053283227743464
202401913,Grayson Brousseau,2024,TE,0.8403,TE,51.57381,43.67479556426607,43.67479556426607
202401965,Nate Markiewicz,2024,TE,0.84,TE,53.278755,49.09735306001008,49.09735306001008
202401968,Griffin McLean,2024,TE,0.84,TE,50.666855,41.04582820411882,41.04582820411882
202402001,Reed Jesiolowski,2024,TE,0.8397,TE,54.182487,50.82428585808565,50.82428585808565
202402009,Victor Aderungboye,2024,TE,0.8394,TE,54.00241,50.533480772126765,50.533480772126765
202402045,Tanner Hollinger,2024,TE,0.8372,TE,56.297665,56.88659656363097,56.88659656363097
202402050,Michael Balogh,2024,TE,0.837,TE,56.75515,58.23991547455611,58.23991547455611
202402060,Travis Ambrose,2024,TE,0.837,TE,58.07198,61.73373749524496,61.73373749524496
202402063,Brandon Young Jr.,2024,TE,0.8369,TE,56.605343,57.945730672441776,57.945730672441776
202402152,Connie Hewitt II,2024,TE,0.8336,TE,55.642975,54.77490941043668,54.77490941043668
202402153,Nick Segarra,2024,TE,0.8336,TE,55.524734,54.52787637575859,54.52787637575859
202402188,Jaylin Ballew,2024,TE,0.8311,TE,55.74249,54.96686745024316,54.96686745024316
202402217,Daniel Evert,2024,TE,0.8304,TE,56.373726,57.08457040130357,57.08457040130357
202402275,Trevor Ladd,2024,TE,0.83,TE,56.726994,58.181334412025926,58.181334412025926
202402281,Will Miles,2024,TE,0.83,TE,55.36436,54.0292712631221,54.0292712631221
202402318,Jae Beasley II,2024,TE,0.8286,TE,55.38968,54.10296171899847,54.10296171899847
202402324,Grant Laskey,2024,TE,0.8283,TE,55.47449,54.38827219405318,54.38827219405318
202402342,Jabari Bush,2024,TE,0.827,TE,56.152508,56.40751639572283,56.40751639572283
202402353,Ludovic Martin,2024,TE,0.8264,TE,52.33224,46.56731564343197,46.56731564343197
202402396,Hunter Teal,2024,TE,0.8244,TE,54.311314,51.2032432725072,51.2032432725072
202402412,Braden Laux,2024,TE,0.8237,TE,58.595585,62.76615826208096,62.76615826208096
202402422,Rhys Phillips,2024,TE,0.8236,TE,59.296738,63.875225483817935,63.875225483817935
202402431,Dominic Deluca,2024,TE,0.823,TE,62.14154,67.75648551541278,67.75648551541278
202402462,Hayden George,2024,TE,0.8206,TE,60.094063,65.03545640010385,65.03545640010385
202402463,Kealen Juniel,2024,TE,0.8206,TE,57.906868,61.28997074290052,61.28997074290052
202402489,Chandler Wilson,2024,TE,0.8204,TE,57.813915,60.90159846428647,60.90159846428647
202402526,Alek Marshall,2024,TE,0.82,TE,58.75344,63.02541104012383,63.02541104012383
202402540,Derek Jackson,2024,TE,0.82,TE,56.979748,58.80879515153307,58.80879515153307
202402576,Cooper Stevens,2024,TE,0.8192,TE,60.664436,65.97667944440843,65.97667944440843
202402603,Jace Nixon,2024,TE,0.817,TE,52.340588,46.58990954023279,46.58990954023279
202402658,Jack Kelly,2024,TE,0.8139,TE,50.458664,40.61959327472609,40.61959327472609
202402663,Joe Stein,2024,TE,0.8137,TE,53.9752,50.497844539235544,50.497844539235544
202402669,Clemens Richter,2024,TE,0.8137,TE,55.59284,54.687567770991,54.687567770991
202402690,Eli Jacon-Duffy,2024,TE,0.8104,TE,54.207123,50.89675356654363,50.89675356654363
202402697,James Rexroat,2024,TE,0.8104,TE,55.46496,54.36178439129851,54.36178439129851
202402705,Javery Mayberry,2024,TE,0.81,TE,53.936928,50.44772000193039,50.44772000193039
202402740,Kayden Stuit,2024,TE,0.81,TE,56.164566,56.46246827980351,56.46246827980351
202402774,Kmare Balfour,2024,TE,0.81,TE,54.062687,50.61242204731451,50.61242204731451
202402798,Brody Benke,2024,TE,0.8083,TE,54.97384,53.419717896960776,53.419717896960776
202402805,AJ Miller,2024,TE,0.8063,TE,53.791542,50.25731370612916,50.25731370612916
202402806,Will Loerzel,2024,TE,0.8063,TE,55.366753,54.0327658980879,54.0327658980879
202402841,Kameron Anthony,2024,TE,0.8022,TE,50.168922,39.04704711643182,39.04704711643182
202402854,Mason Cowgill,2024,TE,0.8,TE,53.070816,48.50236063321189,48.50236063321189
202402890,Danny Sirmon,2024,TE,0.8,TE,50.05882,38.497675758875786,38.497675758875786
202402933,Sawyer Barrington,2024,TE,0.8,TE,50.68844,41.067458790889,41.067458790889
202402946,Joël van Gelder,2024,TE,0.8,TE,55.749275,54.98142232977919,54.98142232977919
202402967,Alex Moore,2024,TE,0.7983,TE,55.37284,54.044145629092625,54.044145629092625
202402968,Chad Barham,2024,TE,0.7983,TE,47.0882,29.656312801564884,29.656312801564884
202402987,Isaiah Haithcock,2024,TE,0.79,TE,48.257988,32.05095278021094,32.05095278021094
202403007,Bryce Jaworski,2024,TE,0.79,TE,49.017387,34.20647856763792,34.20647856763792
202403023,Jackson Miller-Carpenter,2024,TE,0.79,TE,48.896614,33.85598588188378,33.85598588188378
202403036,Adam Molitor,2024,TE,0.79,TE,50.580788,40.95957346769098,40.95957346769098
202403059,Carson Jacoby,2024,TE,0.79,TE,46.89904,29.15295264389924,29.15295264389924
202403074,Josh Schuchts,2024,TE,0.7883,TE,58.41026,62.52285693198453,62.52285693198453
202403080,Khai Isaac,2024,TE,0.7833,TE,57.99723,61.55231122397674,61.55231122397674
202403081,Mason Riggins,2024,TE,0.7833,TE,50.78287,41.16209738677018,41.16209738677018
202403146,Abram Edwards,2024,TE,0.78,TE,59.302513,63.88160441681074,63.88160441681074
202403165,Miles Cremascoli,2024,TE,0.78,TE,57.384007,59.69437897044679,59.69437897044679
202403173,Ryan Dunfee,2024,TE,0.78,TE,53.009636,48.274623055336534,48.274623055336534
202403176,Shane Skidmore,2024,TE,0.78,TE,55.41108,54.177714384239025,54.177714384239025
202403188,Briggs Hughston,2024,TE,0.78,TE,56.085804,56.10353390757514,56.10353390757514
202403207,Asher Bowie,2024,TE,0.78,TE,51.08014,42.26017380952549,42.26017380952549
202403216,Gavin Allen,2024,TE,0.78,TE,53.84412,50.32617311983163,50.32617311983163
202403245,Zack Zandier,2024,TE,0.7783,TE,51.150284,42.461174209996614,42.461174209996614
202403251,Caden Campbell,2024,TE,0.7733,TE,49.667892,36.73256668917483,36.73256668917483
202403255,Tyson Hunt,2024,TE,0.77,TE,47.82503,31.053762209038187,31.053762209038187
202403263,Kai Richardson,2024,TE,0.77,TE,48.650173,33.15815250178891,33.15815250178891
202403340,Kyle Koontz,2024,TE,0.77,TE,45.910152,26.521485585359255,26.521485585359255
202403344,Lyviel Waters,2024,TE,0.77,TE,46.760246,28.783616810384274,28.783616810384274
202403421,Jacob Rennaker,2024,TE,0.76,TE,54.085323,50.64206811572563,50.64206811572563
202403441,Gavin Correia,2024,TE,0.76,TE,54.487766,51.497034926312615,51.497034926312615
202403456,Cal Huish,2024,TE,0.76,TE,46.3483,27.687414981958373,27.687414981958373
202403495,Langdon Nordgaard,2024,TE,0.75,TE,55.073177,53.58973868506338,53.58973868506338
202403500,Chase Schutty,2024,TE,0.75,TE,59.326286,63.90786168920909,63.90786168920909
202403506,Aiden Nixon,2024,TE,0.75,TE,54.254185,51.035191801174484,51.035191801174484
202403550,Jad Bazzi,2024,TE,0.75,TE,54.16202,50.764083124131325,50.764083124131325
202403588,Cole Muilenburg,2024,TE,0.74,TE,48.299423,32.167743106240586,32.167743106240586
202403597,Owen Thomas,2024,TE,0.74,TE,51.924305,45.1361785437723,45.1361785437723
202500029,Elyiss Williams,2025,TE,0.9854,TE,74.03357,90.1216165996699,90.1216165996699
202500037,Linkon Cure,2025,TE,0.9816,TE,78.31326,100.0,100.0
202500057,Andrew Olesh,2025,TE,0.9702,TE,72.94625,85.04721877463835,85.04721877463835
202500061,DaSaahn Brame,2025,TE,0.9682,TE,73.41522,86.78957357071276,86.78957357071276
202500090,Nick Townsend,2025,TE,0.9539,TE,74.980606,95.68543208720774,95.68543208720774
202500127,James Flanigan,2025,TE,0.9434,TE,69.84509,77.97608963182573,77.97608963182573
202500129,Kiotti Armstrong,2025,TE,0.9425,TE,68.33772,75.02448577007401,75.02448577007401
202500163,Kaleb Edwards,2025,TE,0.9318,TE,69.57503,77.3359508940204,77.3359508940204
202500169,Ethan Barbour,2025,TE,0.9306,TE,68.55006,75.3666371095119,75.3666371095119
202500203,Nate Roberts,2025,TE,0.9233,TE,70.76274,79.80886931972194,79.80886931972194
202500208,Vander Ploog,2025,TE,0.9218,TE,70.519035,79.40121674859734,79.40121674859734
202500215,Mikkel Skinner,2025,TE,0.9207,TE,67.5506,74.13572732155632,74.13572732155632
202500266,Brock Schott,2025,TE,0.9113,TE,59.88091,64.68903057987126,64.68903057987126
202500270,Thomas Meyer,2025,TE,0.9109,TE,70.387695,79.18152107155042,79.18152107155042
202500286,Marshall Pritchett,2025,TE,0.9075,TE,64.49166,71.00293101686161,71.00293101686161
202500322,Matt Henderson,2025,TE,0.9024,TE,66.445816,73.16512047667615,73.16512047667615
202500326,Brody Lennon,2025,TE,0.902,TE,64.580414,71.18866812687753,71.18866812687753
202500331,Hollis Davidson III,2025,TE,0.9013,TE,62.49989,68.14231869643903,68.14231869643903
202500334,AJ Ia,2025,TE,0.9008,TE,63.624607,69.73908958962033,69.73908958962033
202500343,Jeff Exinor Jr.,2025,TE,0.9004,TE,59.517403,64.11499428781272,64.11499428781272
202500352,Tae'Shaun Gelsey,2025,TE,0.8997,TE,63.28172,69.11287917096539,69.11287917096539
202500353,Luka Gilbert,2025,TE,0.8997,TE,65.65749,72.28537227461092,72.28537227461092
202500392,JD LaFleur,2025,TE,0.8958,TE,63.40894,69.30101268622093,69.30101268622093
202500409,Chase Loftin,2025,TE,0.895,TE,59.915733,64.72886164424632,64.72886164424632
202500525,Logan Brooking,2025,TE,0.8869,TE,61.835316,67.50048384480532,67.50048384480532
202500530,Brian Kortovich,2025,TE,0.8868,TE,61.532917,67.02688565808614,67.02688565808614
202500539,Mike Tyler,2025,TE,0.8861,TE,59.162365,63.72681206593731,63.72681206593731
202500566,Eli Owens,2025,TE,0.8842,TE,55.181232,53.7617059582282,53.7617059582282
202500587,Ryan Ghea,2025,TE,0.8828,TE,61.587593,67.09249377666221,67.09249377666221
202500603,Dakotah Terrell,2025,TE,0.8822,TE,65.64337,72.26654522331707,72.26654522331707
202500608,Emaree Winston,2025,TE,0.8819,TE,56.362743,57.0559848815353,57.0559848815353
202500619,Preztynn Harrison,2025,TE,0.8811,TE,60.89685,66.29598120855513,66.29598120855513
202500659,Baron Naone,2025,TE,0.8797,TE,60.038445,64.88725258340907,64.88725258340907
202500674,Micah Jones,2025,TE,0.8794,TE,60.996002,66.45074799247509,66.45074799247509
202500710,Logan Farrell,2025,TE,0.8778,TE,58.33734,62.417235136650966,62.417235136650966
202500720,Kellan Ford,2025,TE,0.8772,TE,61.69762,67.26550176817871,67.26550176817871
202500763,Caden Piening,2025,TE,0.8756,TE,60.916397,66.3264915579244,66.3264915579244
202500845,Aaron Mattingly,2025,TE,0.8733,TE,60.68221,65.99133072551774,65.99133072551774
202500852,Noah Fox-Flores,2025,TE,0.8731,TE,60.248943,65.36985047036161,65.36985047036161
202500884,Nizyi Davis,2025,TE,0.8719,TE,58.495785,62.64464615157323,62.64464615157323
202500892,Jackson Doman,2025,TE,0.8717,TE,61.517822,67.00877281881974,67.00877281881974
202500908,Jayden Savoury,2025,TE,0.8714,TE,61.948887,67.5968660959735,67.5968660959735
202500936,Stevie Amar Jr.,2025,TE,0.8703,TE,61.120884,66.60142206515744,66.60142206515744
202500974,Gus Ritchey,2025,TE,0.8694,TE,58.4125,62.52609482198108,62.52609482198108
202501011,Bear Tenney,2025,TE,0.8686,TE,56.957222,58.76092544078148,58.76092544078148
202501016,Grant Houser,2025,TE,0.8683,TE,60.43856,65.69276243836474,65.69276243836474
202501031,Tyler Kielmeyer,2025,TE,0.8681,TE,60.794033,66.13549224552825,66.13549224552825
202501035,Joeseph Skipworth,2025,TE,0.8681,TE,59.201588,63.77013319475629,63.77013319475629
202501046,Blake Thiry,2025,TE,0.8675,TE,56.70497,58.13868341206922,58.13868341206922
202501070,DaMari Witherspoon,2025,TE,0.8667,TE,60.659233,65.9723900373612,65.9723900373612
202501086,Kevin Roche Jr.,2025,TE,0.8664,TE,61.363014,66.85711810798536,66.85711810798536
202501088,Ben Rothhaar,2025,TE,0.8664,TE,62.770035,68.4537957900527,68.4537957900527
202501113,Jordan Vyborny,2025,TE,0.8656,TE,60.52926,65.86524291352423,65.86524291352423
202501139,Blake Bryce,2025,TE,0.8647,TE,61.196228,66.68614954449973,66.68614954449973
202501143,Cross Nimmo,2025,TE,0.8647,TE,61.102722,66.58099841424615,66.58099841424615
202501157,Hayden Bradley,2025,TE,0.8644,TE,57.59619,60.19731389667316,60.19731389667316
202501178,Zach Giuliano,2025,TE,0.8639,TE,63.565235,69.63218489097376,69.63218489097376
202501197,DJ Johnson,2025,TE,0.8639,TE,63.289616,69.12353513679949,69.12353513679949
202501213,Daunte Bacheyie,2025,TE,0.8633,TE,61.360058,66.85426544993899,66.85426544993899
202501222,Max Hunt,2025,TE,0.8633,TE,59.92576,64.7403279644542,64.7403279644542
202501238,Preston Douglas,2025,TE,0.8631,TE,57.264015,59.453315906039954,59.453315906039954
202501247,Jacob Houseworth,2025,TE,0.8625,TE,58.02235,61.622256937223604,61.622256937223604
202501277,Mason Peterson,2025,TE,0.8617,TE,56.51662,57.478393628778846,57.478393628778846
202501287,Zayne DeSouza,2025,TE,0.8617,TE,56.912617,58.66613449618904,58.66613449618904
202501309,Austin Simmons,2025,TE,0.8608,TE,59.284706,63.86193674229926,63.86193674229926
202501311,Dylan Sims,2025,TE,0.8608,TE,52.637638,47.3970316721089,47.3970316721089
202501320,Justin Zames,2025,TE,0.8606,TE,55.79922,55.092050183667716,55.092050183667716
202501346,Brock Camp,2025,TE,0.86,TE,59.687187,64.29343811889295,64.29343811889295
202501360,Isaiah Butler-Tanner,2025,TE,0.86,TE,56.478935,57.35978442514691,57.35978442514691
202501365,Jordan Chambers,2025,TE,0.86,TE,59.984783,64.80783876071617,64.80783876071617
202501398,Cody Siegner,2025,TE,0.8597,TE,61.17298,66.66000761451583,66.66000761451583
202501415,Drew Clemens,2025,TE,0.8592,TE,55.37872,54.064679293466185,54.064679293466185
202501425,Jackson Accuardi,2025,TE,0.8589,TE,59.80884,64.58098188298138,64.58098188298138
202501443,Emmett Bork,2025,TE,0.8583,TE,59.14633,63.70734006267442,63.70734006267442
202501448,Wyatt Bowman,2025,TE,0.8583,TE,61.69149,67.2506094854946,67.2506094854946
202501458,Tamez Young,2025,TE,0.8581,TE,57.563187,60.09644697563755,60.09644697563755
202501459,Khristian Mackintrush,2025,TE,0.8581,TE,58.86843,63.24749832927296,63.24749832927296
202501472,Grant Hollier,2025,TE,0.8578,TE,55.026016,53.51439771373777,53.51439771373777
202501479,JT Taggart,2025,TE,0.8575,TE,60.019268,64.84728150602788,64.84728150602788
202501480,Charlie Wingfield,2025,TE,0.8575,TE,52.645893,47.41976289227796,47.41976289227796
202501481,Wyatt Herbel,2025,TE,0.8575,TE,56.806576,58.393367304206436,58.393367304206436
202501484,Jacory Thurman,2025,TE,0.8575,TE,55.813766,55.13951066685505,55.13951066685505
202501496,Corbin Laisure,2025,TE,0.8572,TE,59.663124,64.26814775117357,64.26814775117357
202501514,Cash Landau,2025,TE,0.8567,TE,59.07578,63.579011534106,63.579011534106
202501570,Gabriel Cline,2025,TE,0.855,TE,55.726723,54.933053331568374,54.933053331568374
202501590,Jon Grimmett,2025,TE,0.855,TE,65.62325,72.2397235408417,72.2397235408417
202501614,Jordan Andrus,2025,TE,0.8539,TE,55.332966,53.98340069570809,53.98340069570809
202501622,Xavier Watson,2025,TE,0.8537,TE,57.544308,60.03875044394485,60.03875044394485
202501667,DJ Asiasi,2025,TE,0.8519,TE,54.563946,51.62203709108415,51.62203709108415
202501684,Tucker Kelleher,2025,TE,0.8517,TE,56.766346,58.273324058490815,58.273324058490815
202501696,Miles Uter,2025,TE,0.8514,TE,57.720203,60.655990083599285,60.655990083599285
202501698,Robby Preckel,2025,TE,0.8511,TE,57.554005,60.06838563965365,60.06838563965365
202501706,Cameron Kossmann,2025,TE,0.8511,TE,58.35072,62.436613406922206,62.436613406922206
202501711,Ka'Maurri Smith,2025,TE,0.8508,TE,61.612545,67.12243466158553,67.12243466158553
202501712,Jacob Alvarez,2025,TE,0.8508,TE,57.58842,60.173566102157494,60.173566102157494
202501720,Cameron Roberts,2025,TE,0.8508,TE,53.877605,50.37002771850247,50.37002771850247
202501809,Jacob Nye,2025,TE,0.85,TE,56.399372,57.15144997415889,57.15144997415889
202501828,Brian Hnat,2025,TE,0.85,TE,59.273514,63.84957492631454,63.84957492631454
202501835,Maddox Lynch,2025,TE,0.85,TE,58.846405,63.21455943040651,63.21455943040651
202501864,Grant Smith,2025,TE,0.8492,TE,57.642513,60.36125502455327,60.36125502455327
202501879,Merrick Barlow,2025,TE,0.8483,TE,57.907803,61.29439923997486,61.29439923997486
202501886,Aiden Brewer,2025,TE,0.8483,TE,54.41482,51.377340815408196,51.377340815408196
202501899,Ben Cole,2025,TE,0.8481,TE,56.916645,58.67469510830651,58.67469510830651
202501911,Andrew Barker,2025,TE,0.8478,TE,58.265377,62.3129947406809,62.3129947406809
202501914,Jeremiah Scoby,2025,TE,0.8475,TE,57.28248,59.49429536531156,59.49429536531156
202501920,Brandon Kubay,2025,TE,0.8475,TE,58.11679,61.820026672784266,61.820026672784266
202501940,Willem Thurber,2025,TE,0.8467,TE,60.77172,66.10066495562567,66.10066495562567
202501943,Brody Wilhelm,2025,TE,0.8467,TE,56.93937,58.72298636435176,58.72298636435176
202501950,Cayman Reynolds,2025,TE,0.8458,TE,56.52389,57.5224571705789,57.5224571705789
202501978,Will Swartz,2025,TE,0.845,TE,54.333073,51.24319978430884,51.24319978430884
202502004,Javeon Fricks,2025,TE,0.8444,TE,55.86593,55.30971120372987,55.30971120372987
202502014,Braiden Bachich-Dixon,2025,TE,0.8439,TE,58.784317,63.09482147547536,63.09482147547536
202502018,Quandre Coates,2025,TE,0.8436,TE,55.024197,53.51149084296835,53.51149084296835
202502022,Peyton Read,2025,TE,0.8433,TE,61.788387,67.460658020075,67.460658020075
202502035,Trey Zvonar,2025,TE,0.8428,TE,49.506317,35.93469322157189,35.93469322157189
202502041,Shane King,2025,TE,0.8428,TE,50.024162,38.35557213192365,38.35557213192365
202502064,Jackson Kohl,2025,TE,0.8417,TE,53.49428,49.9071806280627,49.9071806280627
202502071,Liam Russo,2025,TE,0.8414,TE,54.777386,52.62852014834163,52.62852014834163
202502072,Carter Kuchenbuch,2025,TE,0.8411,TE,54.952423,53.34048907516572,53.34048907516572
202502100,Stephen Collier,2025,TE,0.8403,TE,50.592304,40.971115132848134,40.971115132848134
202502162,Carter Cocke,2025,TE,0.84,TE,53.55599,49.97962860884623,49.97962860884623
202502164,JT Layton,2025,TE,0.84,TE,52.772926,47.769565278068065,47.769565278068065
202502171,Cannon Pigg,2025,TE,0.84,TE,53.591515,50.02133904684307,50.02133904684307
202502174,Reed Olsen,2025,TE,0.84,TE,52.324867,46.54735494758371,46.54735494758371
202502191,Lonnie Shinn,2025,TE,0.84,TE,53.159164,48.84840242502796,48.84840242502796
202502193,Ben Verges,2025,TE,0.84,TE,53.83406,50.31299875474903,50.31299875474903
202502202,Edward Khutsishvili,2025,TE,0.84,TE,52.388535,46.719700531498546,46.719700531498546
202502209,Luke Tevis,2025,TE,0.84,TE,51.065384,42.217892454890816,42.217892454890816
202502213,Landon Okla,2025,TE,0.84,TE,53.652714,50.09319135617233,50.09319135617233
202502242,Brayden Robertson,2025,TE,0.84,TE,52.63045,47.37724164493769,47.37724164493769
202502266,Kaleb Morrow,2025,TE,0.8386,TE,55.425667,54.22866878564364,54.22866878564364
202502276,Jonathan Harding,2025,TE,0.8383,TE,55.444576,54.29472029394978,54.29472029394978
202502282,Jackson Verdugo,2025,TE,0.8378,TE,56.144028,56.36887101821212,56.36887101821212
202502323,Jax Markovich,2025,TE,0.8361,TE,52.331955,46.56654117256357,46.56654117256357
202502342,Ethan Gurela,2025,TE,0.835,TE,53.123882,48.77495603195142,48.77495603195142
202502343,Brown Reaves,2025,TE,0.835,TE,55.732212,54.94482650281759,54.94482650281759
202502403,Kyle Frendt,2025,TE,0.8328,TE,54.655643,51.948581995969064,51.948581995969064
202502406,Dillon Galloway,2025,TE,0.8328,TE,52.06067,45.66657258323221,45.66657258323221
202502409,Tayte Crable,2025,TE,0.8322,TE,54.876522,53.05743250612106,53.05743250612106
202502412,Brendan Loftus,2025,TE,0.8317,TE,50.42183,40.4153250846408,40.4153250846408
202502417,Josh Wedel,2025,TE,0.8317,TE,54.29275,51.148640009986835,51.148640009986835
202502453,Connor Gooding,2025,TE,0.8304,TE,55.654316,54.79466644414831,54.79466644414831
202502465,Wilson Hodges,2025,TE,0.8303,TE,56.03827,55.90007365923637,55.90007365923637
202502482,Brandon Gilbert,2025,TE,0.83,TE,55.75744,54.998930728996235,54.998930728996235
202502508,Vinnie Souza,2025,TE,0.83,TE,55.979347,55.775020001786636,55.775020001786636
202502540,Gabriel Cunningham,2025,TE,0.83,TE,55.706112,54.88884871429282,54.88884871429282
202502572,Sebastien Boydell,2025,TE,0.83,TE,56.625458,57.98468766581986,57.98468766581986
202502602,Henry Gregory,2025,TE,0.83,TE,55.896202,55.444839382422806,55.444839382422806
202502604,Luke Gilbert,2025,TE,0.83,TE,55.445377,54.297518522060386,54.297518522060386
202502611,Brady Rhoad,2025,TE,0.8296,TE,55.82283,55.169084783837256,55.169084783837256
202502624,Brayden Boeing,2025,TE,0.8289,TE,57.627625,60.304771132995945,60.304771132995945
202502648,Arvis Battle Jr.,2025,TE,0.827,TE,53.511402,49.927281180594626,49.927281180594626
202502654,Michael Gelatko,2025,TE,0.827,TE,56.320614,56.9463292787841,56.9463292787841
202502667,Casey Popish,2025,TE,0.8263,TE,52.89907,48.07267890760291,48.07267890760291
202502680,Chris Warren,2025,TE,0.8256,TE,53.640987,50.07942373173313,50.07942373173313
202502701,Alex Faiivae,2025,TE,0.825,TE,54.251663,51.02777446526697,51.02777446526697
202502729,Jackson Shockley,2025,TE,0.8236,TE,59.399033,63.98820927981189,63.98820927981189
202502797,Brock Kuhl,2025,TE,0.82,TE,60.001152,64.82656097533261,64.82656097533261
202502835,Jordan Collins,2025,TE,0.82,TE,58.368176,62.46189854087179,62.46189854087179
202502836,Malaki Davis,2025,TE,0.82,TE,58.498943,62.64914212101867,62.64914212101867
202502850,Payton Kokaly,2025,TE,0.82,TE,58.129498,61.84449498387505,61.84449498387505
202502851,Jack Greiber,2025,TE,0.82,TE,54.3685,51.30133173745022,51.30133173745022
202502922,Rhett McGrew,2025,TE,0.8196,TE,57.946465,61.41095396476805,61.41095396476805
202502951,Devin Habermehl,2025,TE,0.8163,TE,52.821865,47.90432443867289,47.90432443867289
202502969,Ryder Kusch,2025,TE,0.8137,TE,52.968426,48.199353850673056,48.199353850673056
202503020,Hayden Daugherty,2025,TE,0.81,TE,54.18493,50.83146754489474,50.83146754489474
202503026,Jordan Rogers,2025,TE,0.81,TE,54.2644,51.06524267191627,51.06524267191627
202503031,Kevin Magera,2025,TE,0.81,TE,55.717506,54.91328683974203,54.91328683974203
202503043,Kai Wheeler,2025,TE,0.81,TE,57.29643,59.525258564186814,59.525258564186814
202503049,Dominic Henning,2025,TE,0.81,TE,57.32217,59.576233662378236,59.576233662378236
202503066,Jackson Blanchard,2025,TE,0.81,TE,57.85955,61.065762262451585,61.065762262451585
202503113,Garrett Long,2025,TE,0.805,TE,49.582607,36.283051357624906,36.283051357624906
202503150,Jack Pidgeon,2025,TE,0.8,TE,51.159565,42.487769488131605,42.487769488131605
202503201,Karter Peterson,2025,TE,0.8,TE,55.86644,55.31137910426675,55.31137910426675
202503214,Zach Masters,2025,TE,0.8,TE,53.93552,50.4458764900929,50.4458764900929
202503236,Nathan Hromadka,2025,TE,0.79,TE,46.06801,26.9415462198877,26.9415462198877
202503241,Reece Little,2025,TE,0.79,TE,54.695923,52.15847259222885,52.15847259222885
202503250,Michael Stevenson,2025,TE,0.79,TE,48.86435,33.76462364284159,33.76462364284159
202503272,Brody Videto,2025,TE,0.79,TE,48.825455,33.65448774909908,33.65448774909908
202503299,Brady Goken,2025,TE,0.79,TE,49.023666,34.225946545684295,34.225946545684295
202503340,Beckett Miller,2025,TE,0.78,TE,50.800377,41.179641176570165,41.179641176570165
202503367,David Parks,2025,TE,0.78,TE,57.957603,61.441970135258686,61.441970135258686
202503374,Alex Reese,2025,TE,0.78,TE,52.23423,46.20679574547957,46.20679574547957
202503389,Zander Turner,2025,TE,0.78,TE,52.167137,45.9398752575334,45.9398752575334
202503403,Sean Bailey,2025,TE,0.78,TE,52.02865,45.58913531896247,45.58913531896247
202503460,Trey Peters,2025,TE,0.77,TE,54.180912,50.81965142581666,50.81965142581666
202503478,Max Ruedebusch,2025,TE,0.77,TE,46.596706,28.34843111011437,28.34843111011437
202503483,Gibson Connelly,2025,TE,0.77,TE,50.96892,41.79897699370197,41.79897699370197
202503491,Landon Bailey,2025,TE,0.77,TE,52.23592,46.21351883941635,46.21351883941635
202503562,Drew Sikora,2025,TE,0.76,TE,45.270733,25.43064151982686,25.43064151982686
202503592,Dom Spinazze,2025,TE,0.75,TE,46.58412,28.314942793415657,28.314942793415657
202503610,Ryan Donnelly,2025,TE,0.75,TE,52.437824,46.85312637270667,46.85312637270667
202503642,Lachlin Acker,2025,TE,0.73,TE,53.051987,48.40264458393024,48.40264458393024
202600018,Kendre Harrison,2026,TE,0.9892,TE,72.85975,84.7258402150735,84.7258402150735
202600021,Ian Premer,2026,TE,0.9881,TE,75.121605,96.51379649569228,96.51379649569228
202600023,Mark Bowman,2026,TE,0.9879,TE,78.35219,100.0,100.0
202600035,Kaiden Prothro,2026,TE,0.9826,TE,75.0008,95.80407721405469,95.80407721405469
202600112,Mack Sutter,2026,TE,0.9501,TE,68.57176,75.40161323543984,75.40161323543984
202600113,Brock Harris,2026,TE,0.95,TE,69.719215,77.67772110719015,77.67772110719015
202600150,Gavin Mueller,2026,TE,0.9374,TE,68.47097,75.23919861342432,75.23919861342432
202600196,Brayden Fogle,2026,TE,0.9245,TE,66.32067,73.0683168448916,73.0683168448916
202600198,Xavier Tiller,2026,TE,0.9243,TE,70.40077,79.20339492519308,79.20339492519308
202600221,Lincoln Keyes,2026,TE,0.9199,TE,68.99261,76.07975667386222,76.07975667386222
202600230,JC Anderson,2026,TE,0.9184,TE,67.54239,74.12722796177057,74.12722796177057
202600242,Matt Ludwig,2026,TE,0.9155,TE,70.34266,79.10618772379509,79.10618772379509
202600277,Zayion Cotton,2026,TE,0.9094,TE,62.89195,68.58006025097282,68.58006025097282
202600281,Kaeden Johnson,2026,TE,0.9092,TE,62.97204,68.69075298421214,68.69075298421214
202600294,Tyler Ruxer,2026,TE,0.9069,TE,63.690987,69.82386240291935,69.82386240291935
202600326,Pierce Petersohn,2026,TE,0.9028,TE,64.77006,71.58554488641211,71.58554488641211
202600339,Israel Briggs,2026,TE,0.9019,TE,64.94654,71.7670365461199,71.7670365461199
202600342,Jamel Howse,2026,TE,0.9012,TE,64.517395,71.05678567791927,71.05678567791927
202600348,Preston Fryzel,2026,TE,0.9006,TE,64.580414,71.18866812687753,71.18866812687753
202600354,Hayden Vercher,2026,TE,0.9002,TE,63.87165,70.08808009939308,70.08808009939308
202600380,Ty Goettsche,2026,TE,0.8973,TE,66.57337,73.26378900803054,73.26378900803054
202600391,Evan Jacobson,2026,TE,0.8967,TE,69.45744,77.05723971748343,77.05723971748343
202600434,Joey Caudill,2026,TE,0.8928,TE,60.517654,65.85567665528544,65.85567665528544
202600453,Caleb Tafua,2026,TE,0.8911,TE,52.699165,47.56645489304547,47.56645489304547
202600457,Luke Brewer,2026,TE,0.8911,TE,66.09372,72.86693592227644,72.86693592227644
202600503,Jaivion Martin,2026,TE,0.8878,TE,59.250313,63.82394964859843,63.82394964859843
202600505,Mason Bonner,2026,TE,0.8878,TE,61.906013,67.56048156954331,67.56048156954331
202600518,Camden Jensen,2026,TE,0.8867,TE,64.114265,70.42797585664205,70.42797585664205
202600544,Nick Lautar,2026,TE,0.8862,TE,62.95066,68.66120680287976,68.66120680287976
202600555,Taimane Purcell,2026,TE,0.8856,TE,59.91773,64.7311435641355,64.7311435641355
202600563,Tilden Riley,2026,TE,0.8856,TE,63.746845,69.89519901030613,69.89519901030613
202600564,William Vaughn,2026,TE,0.8856,TE,60.3786,65.56293598161731,65.56293598161731
202600571,Kentrell White,2026,TE,0.8856,TE,60.524544,65.86135603147848,65.86135603147848
202600576,Zachery Turner,2026,TE,0.8844,TE,59.18458,63.75135031279996,63.75135031279996
202600613,Jack Sievers,2026,TE,0.8833,TE,62.344074,67.91241231152213,67.91241231152213
202600618,Henry Gabalis,2026,TE,0.8833,TE,59.923805,64.73809403905602,64.73809403905602
202600702,Corbyn Fordham,2026,TE,0.88,TE,58.078297,61.74590186725527,61.74590186725527
202600704,Lincoln Watkins,2026,TE,0.88,TE,61.274754,66.7719543025419,66.7719543025419
202600720,Colin Ford,2026,TE,0.88,TE,61.788025,67.4603504722495,67.4603504722495
202600722,Jackson Mangham,2026,TE,0.88,TE,62.56276,68.27082358231165,68.27082358231165
202600727,Landen Miree,2026,TE,0.8789,TE,59.09846,63.62026816729702,63.62026816729702
202600752,Carson Sneed,2026,TE,0.8778,TE,62.708614,68.40153964329171,68.40153964329171
202600758,Damon Hall Jr.,2026,TE,0.8778,TE,64.15029,70.46586719523837,70.46586719523837
202600759,Javar Bowden,2026,TE,0.8778,TE,64.42739,70.868430078602,70.868430078602
202600781,Kekua Aumua,2026,TE,0.8767,TE,58.776306,63.076812837689566,63.076812837689566
202600802,Andre Nickerson,2026,TE,0.8767,TE,57.846287,61.00291375499262,61.00291375499262
202600803,Ryder Mix,2026,TE,0.8767,TE,61.038902,66.5092303655703,66.5092303655703
202600814,Luke Sorensen,2026,TE,0.8767,TE,59.28814,63.86572871039273,63.86572871039273
202600885,Eddie Whiting,2026,TE,0.8744,TE,63.39666,69.27499386050826,69.27499386050826
202600890,ArMari Towns,2026,TE,0.8744,TE,61.816826,67.48479243101343,67.48479243101343
202600914,Ryan Brekke,2026,TE,0.8733,TE,58.270393,62.32026090133294,62.32026090133294
202600947,Arley Morrell,2026,TE,0.8733,TE,63.835506,70.01848961461769,70.01848961461769
202600996,Gabe Weaver,2026,TE,0.8722,TE,61.490883,66.98050016955189,66.98050016955189
202601018,Jack Utz,2026,TE,0.8711,TE,61.169582,66.65618541897666,66.65618541897666
202601022,PJ MacFarlane,2026,TE,0.8711,TE,63.708813,69.84662795412595,69.84662795412595
202601042,Ben Moseley,2026,TE,0.8711,TE,64.191475,70.50918304567102,70.50918304567102
202601058,Adam Gehm,2026,TE,0.8711,TE,65.23969,71.95533462259178,71.95533462259178
202601087,Keawe Browne,2026,TE,0.87,TE,60.415638,65.6257958149911,65.6257958149911
202601123,Kade Bush,2026,TE,0.87,TE,57.62172,60.28236860567574,60.28236860567574
202601138,Isaac Jensen,2026,TE,0.8689,TE,61.156574,66.6415572632095,66.6415572632095
202601191,Jalen Williams,2026,TE,0.8678,TE,58.610016,62.780107855873815,62.780107855873815
202601212,Parker Ord,2026,TE,0.8678,TE,59.060455,63.55113936869593,63.55113936869593
202601251,Kobie Watson,2026,TE,0.8667,TE,59.908028,64.7200481104488,64.7200481104488
202601252,Dominick Barry,2026,TE,0.8667,TE,59.483925,64.0798090837694,64.0798090837694
202601253,Cooper McCutchan,2026,TE,0.8667,TE,58.93435,63.34607542875551,63.34607542875551
202601254,Sam Hamilton,2026,TE,0.8667,TE,59.518703,64.11636144307465,64.11636144307465
202601265,Will Vala,2026,TE,0.8667,TE,58.264328,62.31147520138104,62.31147520138104
202601288,Drake DeBaun,2026,TE,0.8656,TE,61.928005,67.57914486653326,67.57914486653326
202601303,Destin Mitchell,2026,TE,0.865,TE,57.24511,59.411354294438695,59.411354294438695
202601321,Maddox Hunstad,2026,TE,0.865,TE,58.87656,63.259655030603824,63.259655030603824
202601368,Adam Land,2026,TE,0.8644,TE,56.42248,57.21196155799576,57.21196155799576
202601416,Luca Wolf,2026,TE,0.8633,TE,58.312904,62.38183815936052,62.38183815936052
202601417,Dream Rashad,2026,TE,0.8633,TE,57.84177,60.98151236504974,60.98151236504974
202601422,Jeremiah Birdlow,2026,TE,0.8633,TE,59.19745,63.76556176655472,63.76556176655472
202601560,Jaden Hernandez,2026,TE,0.86,TE,54.94075,53.29730414558024,53.29730414558024
202601581,Brady Owens,2026,TE,0.86,TE,58.893814,63.28545735820565,63.28545735820565
202601660,Jude Nelson,2026,TE,0.8578,TE,58.20074,62.08496600811404,62.08496600811404
202601706,Brayden Marko,2026,TE,0.8567,TE,58.986748,63.42443509533493,63.42443509533493
202601726,Colby Simpson,2026,TE,0.8556,TE,60.320683,65.47668403782976,65.47668403782976
202601766,Julius Mathis,2026,TE,0.855,TE,54.280636,51.11300088919673,51.11300088919673
202601771,Preston McDaniel,2026,TE,0.855,TE,54.280636,51.11300088919673,51.11300088919673
202601772,Eli Wilt,2026,TE,0.855,TE,56.51676,57.479249007082416,57.479249007082416
202601799,Derron Gray Jr.,2026,TE,0.855,TE,57.693195,60.5535289121348,60.5535289121348
202601821,Bryton Niu,2026,TE,0.8544,TE,57.974392,61.48871745249474,61.48871745249474
202601831,Garrett Essner,2026,TE,0.8544,TE,58.092613,61.7734700364308,61.7734700364308
202601838,Stephen Brown,2026,TE,0.8544,TE,58.680565,62.86158388952392,62.86158388952392
202601847,Aidan Woods,2026,TE,0.8533,TE,54.698063,52.17082083287409,52.17082083287409
202601849,Maximilian Tillfeldt Retsler,2026,TE,0.8533,TE,58.654938,62.82353117506619,62.82353117506619
202601888,Brady Shust,2026,TE,0.8522,TE,52.26898,46.34503651900138,46.34503651900138
202601894,Wyatt Villarreal,2026,TE,0.8522,TE,57.016487,58.8868702039037,58.8868702039037
202601895,Carter Bashir,2026,TE,0.8522,TE,59.46505,64.0599713000859,64.0599713000859
202601902,Isaiah Pina,2026,TE,0.8522,TE,57.869415,61.1125055009586,61.1125055009586
202601912,Bear Fisher,2026,TE,0.8511,TE,54.147705,50.72376716471906,50.72376716471906
202601937,Cole Albers,2026,TE,0.85,TE,58.51556,62.672794829840335,62.672794829840335
202601959,Drew Byrd,2026,TE,0.85,TE,57.458363,59.83644487697809,59.83644487697809
202601964,Ryan Rocheleau,2026,TE,0.85,TE,58.717377,62.944337867920545,62.944337867920545
202601967,Colton Hider,2026,TE,0.85,TE,58.269028,62.3182827374444,62.3182827374444
202601968,Benny Okwura,2026,TE,0.85,TE,57.332527,59.596021726006,59.596021726006
202601986,Walker Kelley,2026,TE,0.85,TE,57.396473,59.71819753101237,59.71819753101237
202601987,Xavier Anderson,2026,TE,0.85,TE,63.93113,70.20259776046092,70.20259776046092
202601997,Nathan Piggott,2026,TE,0.85,TE,58.717377,62.944337867920545,62.944337867920545
202602026,Owen Pollock,2026,TE,0.85,TE,58.291462,62.35077877607148,62.35077877607148
202602033,Liam Fuller,2026,TE,0.85,TE,61.061405,66.53453578811298,66.53453578811298
202602078,Ayden Passley,2026,TE,0.85,TE,53.877605,50.37002771850247,50.37002771850247
202602106,J'Qwan Crosby,2026,TE,0.85,TE,54.890797,53.11249804985415,53.11249804985415
202602107,Brooks Hall,2026,TE,0.85,TE,59.276985,63.853409027386824,63.853409027386824
202602130,Jack Ellis,2026,TE,0.8478,TE,58.463497,62.59868735279762,62.59868735279762
202602131,Luke Galer,2026,TE,0.8478,TE,59.917336,64.73069416117453,64.73069416117453
202602153,Crosby Kelly,2026,TE,0.8467,TE,60.023495,64.85211586020989,64.85211586020989
202602156,George Rohl,2026,TE,0.8467,TE,61.816948,67.48489602607044,67.48489602607044
202602158,Brice Williamson,2026,TE,0.8467,TE,53.290703,49.12222430048102,49.12222430048102
202602172,Elijah Muliufi,2026,TE,0.8456,TE,61.823597,67.4905387193321,67.4905387193321
202602180,Kaden Glover,2026,TE,0.845,TE,58.377064,62.47477318293966,62.47477318293966
202602205,Bryce McDaniel,2026,TE,0.845,TE,56.28612,56.85655148449975,56.85655148449975
202602206,Tyler Klaner,2026,TE,0.845,TE,58.671207,62.84054808548175,62.84054808548175
202602228,Dallas Gaius-Anyaegbu,2026,TE,0.845,TE,57.432842,59.78768533897818,59.78768533897818
202602244,Zack Wagner,2026,TE,0.845,TE,56.9262,58.69500224216472,58.69500224216472
202602252,Broderick Peters,2026,TE,0.845,TE,55.197815,53.785934312608354,53.785934312608354
202602266,Gavin Gregory,2026,TE,0.845,TE,59.052242,63.53620066515401,63.53620066515401
202602277,Paxton Dobbs,2026,TE,0.845,TE,55.031445,53.52306957349643,53.52306957349643
202602311,Gavin Barber,2026,TE,0.8422,TE,48.93068,33.95244660482617,33.95244660482617
202602332,Trent Taylor,2026,TE,0.84,TE,54.609093,51.70781104946073,51.70781104946073
202602354,Eli Pietrowski,2026,TE,0.84,TE,51.148872,42.45712971640436,42.45712971640436
202602385,Beckham Hofland,2026,TE,0.84,TE,54.24416,51.00570199971466,51.00570199971466
202602401,Max Leeper,2026,TE,0.84,TE,55.22933,53.831977661017476,53.831977661017476
202602415,Dre Walker,2026,TE,0.84,TE,49.43206,35.64571221956714,35.64571221956714
202602430,Quintin Roy,2026,TE,0.84,TE,50.21569,39.28862338248382,39.28862338248382
202602431,Kenneth Morgan,2026,TE,0.84,TE,54.203255,50.88537508150548,50.88537508150548
202602446,Armaad Sharp,2026,TE,0.84,TE,47.692802,30.806808174896727,30.806808174896727
202602484,William Mayes,2026,TE,0.84,TE,52.266037,46.33333560382021,46.33333560382021
202602498,Matthew Tybor,2026,TE,0.84,TE,53.83406,50.31299875474903,50.31299875474903
202602518,Landon Cook,2026,TE,0.8378,TE,58.873245,63.25469765216341,63.25469765216341
202602519,Russell Crawford,2026,TE,0.8378,TE,55.830116,55.192858589997186,55.192858589997186
202602541,Rowen Walsh,2026,TE,0.835,TE,57.092773,59.077127404780875,59.077127404780875
202602547,Jackson Stoner,2026,TE,0.835,TE,56.76453,58.267905834997485,58.267905834997485
202602548,Jerious Singletary,2026,TE,0.835,TE,55.32471,53.971339467532644,53.971339467532644
202602560,Brady Shelton,2026,TE,0.835,TE,58.084538,61.757919326560135,61.757919326560135
202602565,Vai Fanuaea,2026,TE,0.835,TE,58.005642,61.57573268148765,61.57573268148765
202602586,Kam Taylor,2026,TE,0.835,TE,57.14584,59.19258415896057,59.19258415896057
202602627,Zane Gerbo,2026,TE,0.83,TE,55.75744,54.998930728996235,54.998930728996235
202602657,Na'o Tito,2026,TE,0.83,TE,55.856323,55.27836961005934,55.27836961005934
202602662,Adrian Ortiz,2026,TE,0.83,TE,56.431347,57.235175311847996,57.235175311847996
202602663,Luke Lopez,2026,TE,0.83,TE,56.431347,57.235175311847996,57.235175311847996
202602680,Gabe Sema,2026,TE,0.83,TE,59.01318,63.465149887509206,63.465149887509206
202602696,Davis Brown,2026,TE,0.83,TE,51.172604,42.525131864072996,42.525131864072996
202602786,Colten Cole,2026,TE,0.83,TE,65.19808,71.92860711610943,71.92860711610943
202602793,Walker Kirkland,2026,TE,0.83,TE,55.012344,53.49255657152059,53.49255657152059
202602794,Zander Barth,2026,TE,0.83,TE,58.545795,62.715832334459364,62.715832334459364
202602801,Trysten Laughlin,2026,TE,0.83,TE,55.034782,53.52840188360805,53.52840188360805
202602832,Johan Camacho,2026,TE,0.825,TE,53.11446,48.73348934468502,48.73348934468502
202602839,TJ Sabatucci,2026,TE,0.825,TE,54.68804,52.116152892363004,52.116152892363004
202602841,Ish Muhammad,2026,TE,0.825,TE,55.860687,55.29260899971744,55.29260899971744
202602881,Philip Swann,2026,TE,0.82,TE,58.619923,62.78968414323307,62.78968414323307
202602909,Damien Miles,2026,TE,0.82,TE,60.043636,64.90108697260807,64.90108697260807
202602941,Evan Pyron,2026,TE,0.82,TE,58.543465,62.712514656523176,62.712514656523176
202602943,Dyson Richards,2026,TE,0.82,TE,55.893913,55.433780000000006,55.433780000000006
202602988,Owen Shannon,2026,TE,0.81,TE,55.18369,53.765295344062295,53.765295344062295
202603000,Chase Tatum,2026,TE,0.81,TE,53.992138,50.520026632889966,50.520026632889966
202603061,Paolo Seltenreich,2026,TE,0.8,TE,51.14386,42.442766298619986,42.442766298619986
202603072,Terion Mathis,2026,TE,0.8,TE,50.806915,41.18619381455604,41.18619381455604
202603087,Dawson McFadin,2026,TE,0.8,TE,47.735962,30.88741394884233,30.88741394884233
202700019,Ahmad Hudson,2027,TE,0.9908,TE,74.53248,93.0526935848996,93.0526935848996
202700052,Brock Williams,2027,TE,0.9779,TE,71.796875,81.78569253873432,81.78569253873432
202700056,Jaxon Dollar,2027,TE,0.9765,TE,78.092606,100.0,100.0
202700076,Rahzario Edwards,2027,TE,0.9683,TE,72.81697,84.5669083414203,84.5669083414203
202700078,Seneca Driver,2027,TE,0.9673,TE,73.788734,88.6832181237932,88.6832181237932
202700108,Jack Brown,2027,TE,0.9527,TE,68.70459,75.61564991466854,75.61564991466854
202700123,Brooks Bakko,2027,TE,0.9477,TE,70.2503,78.93655091505018,78.93655091505018
202700146,Korz Loken,2027,TE,0.939,TE,68.93675,75.98975308232671,75.98975308232671
202700154,Cooper Terwilliger,2027,TE,0.9361,TE,71.562225,81.1861423155533,81.1861423155533
202700155,George Lamons Jr.,2027,TE,0.9358,TE,67.23752,73.81158259277602,73.81158259277602
202700188,Malik Howard,2027,TE,0.9279,TE,67.29453,73.87061206831397,73.87061206831397
202700217,Zac Fares,2027,TE,0.922,TE,67.987915,74.58849990791185,74.58849990791185
202700221,Jordan Karhoff,2027,TE,0.9216,TE,63.60361,69.71227563844523,69.71227563844523
202700250,Landon Blum,2027,TE,0.9172,TE,70.54083,79.43767742529343,79.43767742529343
202700268,Grant Haviland,2027,TE,0.913,TE,61.62131,67.13295356596618,67.13295356596618
202700272,Titus Hawk,2027,TE,0.9122,TE,68.6127,75.46758226592469,75.46758226592469
202700277,Colt Lumpris,2027,TE,0.9115,TE,59.1832,63.74982509896681,63.74982509896681
202700288,D'Angelo White,2027,TE,0.9092,TE,64.06459,70.37572882030136,70.37572882030136
202700297,Ben Kolar,2027,TE,0.9067,TE,65.33535,72.01677750419715,72.01677750419715
202700302,Anthony Cartwright,2027,TE,0.9056,TE,63.545086,69.58949106139491,69.58949106139491
202700376,Ben Hynek,2027,TE,0.89,TE,60.283264,65.42096083973898,65.42096083973898
202700378,Sam Faniel,2027,TE,0.89,TE,59.2229,63.79367289002099,63.79367289002099
202700386,Tommy Douglas,2027,TE,0.89,TE,54.31794,51.21836835778662,51.21836835778662
202700425,Zach Albright,2027,TE,0.885,TE,64.62314,71.27807995667975,71.27807995667975
202700433,Judah Lancaster,2027,TE,0.8811,TE,61.404488,66.89713629931445,66.89713629931445
202700454,Jeramie Cooper,2027,TE,0.88,TE,58.025238,61.63029777320354,61.63029777320354
202700501,Sean Currie,2027,TE,0.88,TE,59.473835,64.0692046096702,64.0692046096702
202700534,Holden Niemi,2027,TE,0.875,TE,63.935295,70.2106181097353,70.2106181097353
202700570,JT Geraci,2027,TE,0.875,TE,58.023857,61.626452617820796,61.626452617820796
202700591,Maddox Hager,2027,TE,0.87,TE,61.888577,67.54568366311817,67.54568366311817
202700599,Max Markofski,2027,TE,0.87,TE,59.557922,64.15758057283415,64.15758057283415
202700637,Sydney Padilla,2027,TE,0.87,TE,53.637245,50.07503009491632,50.07503009491632
202700665,Matthew Schimberg,2027,TE,0.87,TE,63.32821,69.17561552633752,69.17561552633752
202700690,Wyatt Frey,2027,TE,0.87,TE,58.83479,63.19718863943866,63.19718863943866
202700693,Seager Milholen,2027,TE,0.87,TE,61.724014,67.32962106120374,67.32962106120374
202700694,Trae Proctor,2027,TE,0.87,TE,57.50256,59.92088852529903,59.92088852529903
202700717,Mason Hall,2027,TE,0.865,TE,56.102554,56.17986852415163,56.17986852415163
202700723,Landon Bogany,2027,TE,0.86,TE,56.262913,56.79614359902906,56.79614359902906
202700744,Griffin Cockerham,2027,TE,0.86,TE,54.8048,52.76252943998039,52.76252943998039
202700759,Talan Scott,2027,TE,0.86,TE,52.97946,48.21951064129524,48.21951064129524
202700802,Jude Chamberlain,2027,TE,0.86,TE,61.252106,66.74898626757228,66.74898626757228
202700813,Braylen Ross,2027,TE,0.855,TE,57.470436,59.85951273015743,59.85951273015743
202700823,Mekhi Hodge,2027,TE,0.85,TE,51.25121,42.75037736397011,42.75037736397011
202700843,Jace Cannon,2027,TE,0.85,TE,61.89032,67.54716313002612,67.54716313002612
202700886,Landon Wolny,2027,TE,0.84,TE,53.706,50.15575477380123,50.15575477380123
202700943,Caleb Camping,2027,TE,0.84,TE,54.048756,50.59417677568704,50.59417677568704
202700945,Connor Winn,2027,TE,0.83,TE,52.602028,47.298974398412895,47.298974398412895
202700962,Landon Bult,2027,TE,0.83,TE,55.979347,55.775020001786636,55.775020001786636
202800025,Tytan McNeal,2028,TE,0.9881,TE,77.36099,100.0,100.0
202800066,Xévien Brinson,2028,TE,0.9393,TE,69.84721,77.98111699408094,77.98111699408094
202800085,Jevyn Severson,2028,TE,0.9334,TE,74.46145,92.63539621771216,92.63539621771216
202800094,Jack McNamara,2028,TE,0.9315,TE,68.11722,74.7223727235705,74.7223727235705
202800102,Ridge Janes,2028,TE,0.9298,TE,70.92205,80.07535003028929,80.07535003028929
202800162,Mike Taylor,2028,TE,0.88,TE,59.528374,64.12652489934743,64.12652489934743
202800167,Lee Steele,2028,TE,0.88,TE,64.62561,71.28325306968974,71.28325306968974
202800183,Steeler Wesley,2028,TE,0.875,TE,61.97842,67.6219296250795,67.6219296250795
202800187,Torrin Hill,2028,TE,0.875,TE,54.536514,51.57702504467093,51.57702504467093
